0.057, 0.000, 0.000, 0.000
0.073, 0.000, 0.000, 0.000
0.090, 0.000, 0.000, 0.000
0.106, 0.000, 0.000, 0.000
0.123, 0.000, 0.000, 0.000
0.140, 0.000, 0.000, 0.000
0.156, 0.000, 0.000, 0.000
0.173, 0.000, 0.000, 0.000
0.190, 0.000, 0.000, 0.000
0.206, 0.000, 0.000, 0.000
0.223, 0.000, 0.000, 0.000
0.240, 0.000, 0.000, 0.000
0.257, 0.000, 0.000, 0.000
0.273, 0.000, 0.000, 0.000
0.290, 0.000, 0.000, 0.000
0.306, 0.000, 0.000, 0.000
0.323, 0.000, 0.000, 0.000
0.340, 0.000, 0.000, 0.000
0.356, 0.000, 0.000, 0.000
0.373, 0.000, 0.000, 0.000
0.390, 0.000, 0.000, 0.000
0.406, 0.000, 0.000, 0.000
0.423, 0.000, 0.000, 0.000
0.440, 0.000, 0.000, 0.000
0.456, 0.000, 0.000, 0.000
0.473, -0.050, -0.017, 0.303
0.490, -0.051, -0.021, 0.303
0.506, -0.051, -0.020, 0.303
0.523, -0.050, -0.019, 0.304
0.540, -0.050, -0.020, 0.303
0.557, -0.051, -0.020, 0.304
0.573, -0.050, -0.019, 0.303
0.590, -0.051, -0.021, 0.304
0.607, -0.051, -0.020, 0.303
0.623, -0.051, -0.018, 0.304
0.640, -0.051, -0.021, 0.303
0.657, -0.051, -0.020, 0.303
0.673, -0.051, -0.021, 0.304
0.690, -0.051, -0.021, 0.304
0.706, -0.050, -0.020, 0.303
0.723, -0.051, -0.019, 0.303
0.740, -0.051, -0.020, 0.303
0.757, -0.051, -0.019, 0.304
0.773, -0.051, -0.022, 0.304
0.790, -0.050, -0.018, 0.304
0.806, -0.050, -0.019, 0.303
0.823, -0.050, -0.020, 0.303
0.840, -0.050, -0.019, 0.304
0.856, -0.051, -0.019, 0.304
0.873, -0.051, -0.021, 0.304
0.890, -0.050, -0.019, 0.304
0.906, -0.050, -0.018, 0.304
0.923, -0.051, -0.021, 0.303
0.940, -0.050, -0.019, 0.304
0.956, -0.051, -0.019, 0.303
0.973, -0.051, -0.020, 0.304
0.990, -0.051, -0.018, 0.303
1.006, -0.051, -0.020, 0.304
1.023, -0.051, -0.021, 0.304
1.040, -0.051, -0.021, 0.304
1.056, -0.052, -0.022, 0.304
1.073, -0.049, -0.017, 0.303
1.090, -0.052, -0.021, 0.304
1.106, -0.050, -0.021, 0.303
1.123, -0.051, -0.019, 0.304
1.139, -0.050, -0.020, 0.303
1.156, -0.051, -0.020, 0.304
1.173, -0.051, -0.020, 0.303
1.190, -0.050, -0.020, 0.304
1.206, -0.050, -0.020, 0.304
1.223, -0.051, -0.021, 0.303
1.240, -0.050, -0.019, 0.304
1.256, -0.051, -0.018, 0.303
1.273, -0.050, -0.020, 0.303
1.290, -0.051, -0.021, 0.304
1.306, -0.050, -0.018, 0.303
1.323, -0.051, -0.021, 0.304
1.340, -0.050, -0.018, 0.303
1.356, -0.050, -0.019, 0.304
1.373, -0.051, -0.020, 0.303
1.390, -0.051, -0.020, 0.304
1.407, -0.050, -0.019, 0.304
1.423, -0.051, -0.020, 0.304
1.440, -0.051, -0.018, 0.304
1.456, -0.051, -0.019, 0.303
1.473, -0.051, -0.020, 0.304
1.490, -0.050, -0.019, 0.304
1.506, -0.051, -0.019, 0.303
1.523, -0.051, -0.020, 0.303
1.540, -0.050, -0.018, 0.303
1.556, -0.051, -0.021, 0.304
1.573, -0.052, -0.020, 0.304
1.590, -0.051, -0.019, 0.303
1.606, -0.052, -0.021, 0.304
1.623, -0.050, -0.021, 0.304
1.640, -0.051, -0.021, 0.304
1.657, -0.051, -0.020, 0.303
1.673, -0.050, -0.018, 0.304
1.690, -0.051, -0.020, 0.304
1.706, -0.052, -0.021, 0.304
1.723, -0.051, -0.018, 0.303
1.740, -0.051, -0.020, 0.304
1.756, -0.051, -0.020, 0.304
1.773, -0.051, -0.019, 0.303
1.790, -0.051, -0.021, 0.304
1.806, -0.051, -0.020, 0.304
1.823, -0.050, -0.018, 0.303
1.840, -0.051, -0.020, 0.303
1.856, -0.050, -0.019, 0.304
1.873, -0.051, -0.020, 0.304
1.890, -0.051, -0.020, 0.303
1.906, -0.050, -0.018, 0.303
1.923, -0.051, -0.020, 0.304
1.940, -0.051, -0.019, 0.303
1.956, -0.050, -0.018, 0.304
1.973, -0.051, -0.020, 0.303
1.990, -0.051, -0.020, 0.304
2.006, -0.051, -0.021, 0.304
2.023, -0.051, -0.020, 0.303
2.040, -0.052, -0.021, 0.304
2.056, -0.051, -0.020, 0.304
2.073, -0.051, -0.020, 0.304
2.090, -0.050, -0.019, 0.304
2.106, -0.051, -0.019, 0.304
2.123, -0.051, -0.021, 0.304
2.140, -0.052, -0.020, 0.304
2.156, -0.051, -0.019, 0.303
2.174, -0.051, -0.021, 0.304
2.190, -0.050, -0.019, 0.303
2.206, -0.051, -0.019, 0.303
2.223, -0.051, -0.023, 0.304
2.240, -0.050, -0.018, 0.303
2.256, -0.052, -0.021, 0.303
2.273, -0.050, -0.018, 0.303
2.290, -0.051, -0.020, 0.303
2.306, -0.051, -0.023, 0.304
2.323, -0.050, -0.018, 0.304
2.340, -0.052, -0.024, 0.304
2.356, -0.051, -0.020, 0.304
2.373, -0.051, -0.021, 0.304
2.390, -0.051, -0.021, 0.304
2.406, -0.050, -0.017, 0.303
2.423, -0.051, -0.020, 0.304
2.442, -0.051, -0.019, 0.304
2.456, -0.050, -0.020, 0.303
2.473, -0.051, -0.019, 0.304
2.490, -0.050, -0.020, 0.304
2.506, -0.051, -0.022, 0.304
2.523, -0.050, -0.019, 0.304
2.540, -0.052, -0.022, 0.304
2.556, -0.052, -0.021, 0.304
2.573, -0.051, -0.021, 0.304
2.590, -0.050, -0.020, 0.304
2.606, -0.051, -0.020, 0.304
2.623, -0.052, -0.022, 0.303
2.640, -0.049, -0.017, 0.304
2.656, -0.050, -0.017, 0.304
2.673, -0.051, -0.021, 0.304
2.690, -0.050, -0.018, 0.304
2.706, -0.051, -0.021, 0.304
2.723, -0.051, -0.022, 0.304
2.740, -0.051, -0.019, 0.304
2.756, -0.051, -0.021, 0.304
2.773, -0.051, -0.021, 0.304
2.790, -0.050, -0.019, 0.303
2.806, -0.051, -0.022, 0.304
2.823, -0.051, -0.021, 0.303
2.840, -0.050, -0.020, 0.304
2.856, -0.051, -0.021, 0.304
2.873, -0.050, -0.019, 0.304
2.890, -0.052, -0.022, 0.304
2.906, -0.052, -0.022, 0.304
2.923, -0.051, -0.018, 0.304
2.940, -0.051, -0.021, 0.304
2.956, -0.051, -0.019, 0.303
2.973, -0.051, -0.020, 0.303
2.990, -0.051, -0.021, 0.304
3.006, -0.050, -0.018, 0.303
3.023, -0.050, -0.018, 0.303
3.040, -0.050, -0.018, 0.303
3.056, -0.050, -0.019, 0.303
3.073, -0.051, -0.020, 0.304
3.090, -0.051, -0.021, 0.304
3.106, -0.050, -0.020, 0.304
3.123, -0.052, -0.022, 0.304
3.140, -0.051, -0.020, 0.304
3.156, -0.051, -0.020, 0.304
3.173, -0.051, -0.020, 0.303
3.190, -0.051, -0.019, 0.304
3.206, -0.050, -0.019, 0.303
3.223, -0.051, -0.022, 0.304
3.240, -0.051, -0.020, 0.304
3.256, -0.051, -0.018, 0.303
3.273, -0.052, -0.021, 0.304
3.290, -0.047, -0.026, 0.307
3.306, -0.050, -0.019, 0.304
3.323, -0.052, -0.022, 0.304
3.340, -0.051, -0.019, 0.304
3.356, -0.052, -0.022, 0.304
3.373, -0.051, -0.018, 0.304
3.390, -0.051, -0.020, 0.304
3.406, -0.051, -0.021, 0.303
3.423, -0.051, -0.020, 0.304
3.440, -0.051, -0.021, 0.303
3.456, -0.045, -0.018, 0.306
3.473, -0.050, -0.019, 0.304
3.490, -0.051, -0.020, 0.303
3.506, -0.051, -0.022, 0.304
3.523, -0.050, -0.019, 0.304
3.540, -0.051, -0.020, 0.303
3.556, -0.051, -0.020, 0.304
3.573, -0.051, -0.018, 0.304
3.590, -0.051, -0.021, 0.304
3.606, -0.051, -0.020, 0.304
3.623, -0.051, -0.019, 0.304
3.640, -0.051, -0.021, 0.304
3.656, -0.050, -0.019, 0.303
3.673, -0.051, -0.020, 0.304
3.690, -0.051, -0.020, 0.304
3.707, -0.051, -0.020, 0.303
3.723, -0.051, -0.020, 0.304
3.740, -0.050, -0.020, 0.304
3.756, -0.050, -0.018, 0.303
3.773, -0.051, -0.020, 0.303
3.790, -0.050, -0.018, 0.304
3.806, -0.050, -0.019, 0.304
3.823, -0.051, -0.020, 0.303
3.840, -0.050, -0.019, 0.304
3.856, -0.051, -0.021, 0.304
3.873, -0.052, -0.021, 0.304
3.890, -0.051, -0.021, 0.304
3.906, -0.051, -0.021, 0.303
3.923, -0.051, -0.022, 0.303
3.940, -0.051, -0.020, 0.304
3.956, -0.051, -0.020, 0.303
3.973, -0.051, -0.019, 0.304
3.990, -0.052, -0.022, 0.304
4.006, -0.052, -0.021, 0.304
4.023, -0.051, -0.019, 0.304
4.040, -0.051, -0.020, 0.304
4.056, -0.051, -0.020, 0.303
4.073, -0.051, -0.020, 0.304
4.090, -0.051, -0.020, 0.304
4.106, -0.052, -0.021, 0.304
4.123, -0.051, -0.019, 0.304
4.140, -0.051, -0.020, 0.303
4.156, -0.051, -0.022, 0.304
4.173, -0.050, -0.019, 0.303
4.190, -0.051, -0.020, 0.304
4.207, -0.051, -0.021, 0.304
4.223, -0.051, -0.019, 0.304
4.240, -0.052, -0.021, 0.304
4.257, -0.051, -0.020, 0.304
4.273, -0.051, -0.022, 0.304
4.290, -0.050, -0.019, 0.303
4.307, -0.050, -0.018, 0.304
4.323, -0.043, -0.016, 0.305
4.340, -0.050, -0.020, 0.304
4.357, -0.051, -0.019, 0.304
4.373, -0.051, -0.021, 0.304
4.390, -0.050, -0.020, 0.304
4.407, -0.050, -0.018, 0.304
4.423, -0.051, -0.020, 0.303
4.440, -0.051, -0.021, 0.304
4.457, -0.051, -0.020, 0.304
4.473, -0.051, -0.021, 0.304
4.490, -0.050, -0.020, 0.304
4.506, -0.051, -0.019, 0.303
4.523, -0.051, -0.021, 0.304
4.540, -0.050, -0.018, 0.303
4.557, -0.050, -0.020, 0.303
4.573, -0.050, -0.019, 0.304
4.590, -0.051, -0.020, 0.304
4.606, -0.051, -0.022, 0.304
4.623, -0.051, -0.021, 0.304
4.640, -0.051, -0.019, 0.303
4.657, -0.051, -0.022, 0.304
4.673, -0.050, -0.017, 0.303
4.690, -0.052, -0.022, 0.304
4.706, -0.052, -0.022, 0.304
4.723, -0.051, -0.018, 0.304
4.740, -0.051, -0.020, 0.303
4.757, -0.051, -0.021, 0.303
4.773, -0.050, -0.019, 0.304
4.790, -0.051, -0.022, 0.304
4.806, -0.051, -0.019, 0.304
4.823, -0.050, -0.020, 0.304
4.840, -0.051, -0.019, 0.304
4.858, -0.051, -0.020, 0.304
4.873, -0.050, -0.019, 0.304
4.890, -0.052, -0.022, 0.304
4.907, -0.051, -0.020, 0.303
4.923, -0.050, -0.019, 0.304
4.940, -0.051, -0.021, 0.304
4.957, -0.050, -0.019, 0.304
4.974, -0.052, -0.021, 0.304
4.990, -0.051, -0.020, 0.304
5.007, -0.051, -0.020, 0.304
5.023, -0.052, -0.021, 0.304
5.040, -0.050, -0.018, 0.304
5.057, -0.050, -0.019, 0.303
5.074, -0.050, -0.020, 0.303
5.090, -0.051, -0.019, 0.304
5.107, -0.052, -0.022, 0.304
5.123, -0.050, -0.019, 0.304
5.140, -0.050, -0.019, 0.304
5.157, -0.051, -0.019, 0.303
5.173, -0.052, -0.023, 0.304
5.190, -0.050, -0.017, 0.303
5.206, -0.050, -0.020, 0.304
5.223, -0.051, -0.020, 0.304
5.240, -0.051, -0.019, 0.304
5.256, -0.051, -0.021, 0.304
5.274, -0.051, -0.019, 0.303
5.290, -0.050, -0.018, 0.303
5.307, -0.052, -0.023, 0.304
5.323, -0.050, -0.018, 0.303
5.340, -0.052, -0.023, 0.304
5.357, -0.052, -0.021, 0.304
5.373, -0.051, -0.020, 0.304
5.390, -0.052, -0.022, 0.304
5.406, -0.052, -0.021, 0.303
5.423, -0.051, -0.019, 0.304
5.440, -0.052, -0.022, 0.304
5.457, -0.051, -0.019, 0.303
5.473, -0.052, -0.021, 0.304
5.490, -0.051, -0.021, 0.304
5.507, -0.050, -0.018, 0.304
5.524, -0.051, -0.019, 0.304
5.540, -0.051, -0.021, 0.304
5.557, -0.050, -0.019, 0.304
5.573, -0.051, -0.021, 0.304
5.590, -0.050, -0.019, 0.304
5.606, -0.050, -0.018, 0.304
5.623, -0.051, -0.020, 0.303
5.640, -0.051, -0.020, 0.304
5.657, -0.050, -0.019, 0.304
5.673, -0.051, -0.022, 0.304
5.690, -0.050, -0.018, 0.304
5.707, -0.050, -0.015, 0.304
5.723, -0.052, -0.023, 0.304
5.740, -0.050, -0.017, 0.304
5.757, -0.050, -0.018, 0.304
5.773, -0.050, -0.018, 0.303
5.790, -0.050, -0.018, 0.304
5.806, -0.051, -0.019, 0.304
5.823, -0.051, -0.019, 0.304
5.840, -0.051, -0.020, 0.304
5.857, -0.052, -0.020, 0.304
5.873, -0.051, -0.018, 0.304
5.890, -0.051, -0.020, 0.304
5.907, -0.051, -0.019, 0.304
5.923, -0.052, -0.022, 0.305
5.940, -0.051, -0.019, 0.304
5.957, -0.051, -0.020, 0.304
5.973, -0.051, -0.017, 0.304
5.990, -0.051, -0.021, 0.304
6.008, -0.051, -0.021, 0.304
6.023, -0.050, -0.020, 0.304
6.040, -0.052, -0.021, 0.304
6.057, -0.052, -0.022, 0.304
6.073, -0.051, -0.020, 0.304
6.090, -0.052, -0.019, 0.304
6.107, -0.051, -0.020, 0.304
6.123, -0.052, -0.019, 0.304
6.140, -0.051, -0.018, 0.303
6.157, -0.051, -0.018, 0.304
6.173, -0.051, -0.019, 0.303
6.190, -0.052, -0.019, 0.304
6.207, -0.052, -0.016, 0.304
6.223, -0.052, -0.018, 0.303
6.240, -0.051, -0.017, 0.304
6.257, -0.051, -0.015, 0.304
6.273, -0.052, -0.021, 0.304
6.290, -0.051, -0.016, 0.304
6.307, -0.052, -0.017, 0.304
6.323, -0.053, -0.018, 0.304
6.340, -0.052, -0.013, 0.303
6.357, -0.052, -0.016, 0.303
6.373, -0.053, -0.016, 0.304
6.390, -0.053, -0.018, 0.304
6.407, -0.053, -0.018, 0.304
6.423, -0.052, -0.016, 0.304
6.440, -0.052, -0.015, 0.303
6.457, -0.052, -0.016, 0.303
6.473, -0.053, -0.015, 0.303
6.490, -0.052, -0.015, 0.304
6.507, -0.053, -0.018, 0.304
6.523, -0.052, -0.017, 0.303
6.540, -0.054, -0.019, 0.304
6.557, -0.051, -0.018, 0.304
6.574, -0.052, -0.018, 0.304
6.590, -0.052, -0.017, 0.303
6.606, -0.053, -0.017, 0.304
6.623, -0.053, -0.015, 0.303
6.640, -0.053, -0.013, 0.303
6.657, -0.053, -0.013, 0.303
6.673, -0.052, -0.015, 0.303
6.690, -0.053, -0.017, 0.303
6.707, -0.052, -0.019, 0.303
6.723, -0.052, -0.018, 0.304
6.740, -0.054, -0.015, 0.304
6.757, -0.054, -0.013, 0.304
6.774, -0.054, -0.016, 0.303
6.790, -0.052, -0.014, 0.304
6.807, -0.051, -0.015, 0.304
6.823, -0.053, -0.018, 0.303
6.840, -0.053, -0.013, 0.304
6.857, -0.054, -0.013, 0.304
6.873, -0.055, -0.015, 0.304
6.890, -0.052, -0.015, 0.303
6.907, -0.051, -0.014, 0.303
6.923, -0.054, -0.018, 0.304
6.940, -0.053, -0.010, 0.304
6.956, -0.054, -0.010, 0.303
6.973, -0.054, -0.013, 0.304
6.990, -0.053, -0.012, 0.303
7.007, -0.053, -0.014, 0.304
7.023, -0.053, -0.014, 0.304
7.040, -0.053, -0.012, 0.304
7.057, -0.054, -0.014, 0.305
7.073, -0.053, -0.010, 0.304
7.090, -0.054, -0.013, 0.305
7.107, -0.054, -0.014, 0.304
7.124, -0.053, -0.010, 0.304
7.140, -0.054, -0.014, 0.305
7.157, -0.054, -0.013, 0.306
7.173, -0.054, -0.011, 0.307
7.190, -0.054, -0.015, 0.307
7.206, -0.053, -0.013, 0.308
7.223, -0.053, -0.015, 0.309
7.240, -0.052, -0.015, 0.310
7.256, -0.052, -0.018, 0.311
7.273, -0.050, -0.019, 0.314
7.290, -0.051, -0.024, 0.316
7.307, -0.051, -0.025, 0.319
7.323, -0.050, -0.021, 0.321
7.340, -0.045, -0.018, 0.329
7.357, -0.045, -0.014, 0.330
7.373, -0.055, -0.017, 0.332
7.390, -0.055, -0.018, 0.332
7.407, -0.054, -0.016, 0.332
7.423, -0.055, -0.018, 0.331
7.440, -0.047, -0.012, 0.331
7.457, -0.054, -0.014, 0.329
7.473, -0.047, -0.014, 0.331
7.490, -0.054, -0.016, 0.329
7.507, -0.046, -0.009, 0.330
7.524, -0.046, -0.013, 0.330
7.540, -0.046, -0.007, 0.329
7.557, -0.046, -0.011, 0.329
7.573, -0.055, -0.015, 0.330
7.590, -0.047, -0.012, 0.330
7.607, -0.046, -0.013, 0.330
7.624, -0.054, -0.015, 0.328
7.640, -0.047, -0.010, 0.330
7.657, -0.047, -0.009, 0.330
7.673, -0.048, -0.009, 0.330
7.690, -0.044, -0.010, 0.330
7.707, -0.047, -0.009, 0.330
7.723, -0.047, -0.015, 0.330
7.740, -0.046, -0.011, 0.329
7.757, -0.048, -0.013, 0.330
7.774, -0.049, -0.013, 0.330
7.790, -0.048, -0.013, 0.330
7.806, -0.049, -0.010, 0.330
7.823, -0.047, -0.006, 0.330
7.840, -0.048, -0.011, 0.331
7.857, -0.048, -0.014, 0.330
7.873, -0.047, -0.009, 0.330
7.890, -0.048, -0.011, 0.329
7.907, -0.053, -0.013, 0.328
7.923, -0.048, -0.013, 0.331
7.940, -0.056, -0.016, 0.329
7.957, -0.048, -0.007, 0.331
7.974, -0.050, -0.011, 0.329
7.990, -0.052, -0.009, 0.329
8.007, -0.052, -0.006, 0.328
8.023, -0.055, 0.002, 0.328
8.040, -0.061, -0.003, 0.325
8.057, -0.063, 0.001, 0.325
8.073, -0.070, 0.002, 0.325
8.090, -0.068, -0.002, 0.331
8.107, -0.074, 0.001, 0.328
8.123, -0.079, -0.001, 0.333
8.140, -0.084, 0.018, 0.333
8.157, -0.091, -0.002, 0.341
8.173, -0.095, 0.009, 0.349
8.190, -0.095, 0.008, 0.354
8.207, -0.087, 0.011, 0.359
8.223, -0.091, -0.002, 0.365
8.240, -0.106, -0.004, 0.368
8.257, -0.109, -0.009, 0.369
8.273, -0.104, 0.016, 0.362
8.290, -0.105, -0.014, 0.370
8.307, -0.112, -0.020, 0.371
8.324, -0.109, -0.035, 0.371
8.340, -0.112, -0.030, 0.367
8.357, -0.094, 0.041, 0.347
8.373, -0.116, -0.034, 0.362
8.390, -0.117, -0.031, 0.364
8.407, -0.117, -0.031, 0.361
8.424, -0.134, -0.043, 0.367
8.440, -0.098, 0.046, 0.341
8.457, -0.118, -0.028, 0.362
8.473, -0.091, 0.044, 0.342
8.490, -0.119, -0.042, 0.364
8.507, -0.123, -0.024, 0.363
8.523, -0.114, -0.040, 0.362
8.540, -0.127, -0.051, 0.365
8.557, -0.143, -0.054, 0.365
8.573, -0.110, -0.039, 0.359
8.590, -0.109, -0.026, 0.356
8.607, -0.109, -0.025, 0.355
8.624, -0.114, -0.035, 0.357
8.640, -0.114, -0.025, 0.355
8.657, -0.107, -0.016, 0.354
8.673, -0.118, -0.002, 0.352
8.690, -0.084, -0.048, 0.359
8.707, -0.077, -0.052, 0.360
8.723, -0.100, -0.019, 0.349
8.741, -0.080, -0.050, 0.354
8.757, -0.059, 0.030, 0.336
8.773, -0.052, 0.034, 0.336
8.790, -0.117, 0.049, 0.325
8.807, -0.108, -0.000, 0.340
8.824, -0.116, 0.046, 0.325
8.840, -0.117, 0.033, 0.325
8.857, -0.047, 0.062, 0.319
8.873, -0.032, 0.017, 0.323
8.890, 0.007, 0.069, 0.309
8.907, 0.017, 0.078, 0.306
8.924, -0.013, 0.074, 0.296
8.940, -0.003, 0.055, 0.288
8.957, 0.046, 0.096, 0.287
8.973, 0.065, 0.073, 0.277
8.990, 0.038, 0.053, 0.267
9.007, 0.038, 0.046, 0.265
9.023, 0.046, 0.042, 0.258
9.040, 0.059, 0.038, 0.247
9.057, 0.058, 0.055, 0.236
9.073, 0.073, 0.052, 0.227
9.090, 0.084, 0.043, 0.218
9.107, 0.089, 0.042, 0.215
9.124, 0.082, 0.057, 0.199
9.140, 0.088, 0.045, 0.192
9.157, 0.094, 0.043, 0.191
9.173, 0.130, 0.050, 0.181
9.190, 0.127, 0.076, 0.169
9.207, 0.142, 0.059, 0.171
9.223, 0.140, 0.042, 0.167
9.240, 0.149, 0.070, 0.158
9.256, 0.153, 0.064, 0.157
9.274, 0.154, 0.073, 0.146
9.290, 0.134, 0.058, 0.138
9.307, 0.122, 0.066, 0.131
9.324, 0.137, 0.076, 0.129
9.340, 0.144, 0.043, 0.125
9.357, 0.117, 0.030, 0.120
9.373, 0.145, 0.066, 0.117
9.390, 0.136, 0.047, 0.114
9.407, 0.141, 0.068, 0.110
9.423, 0.131, 0.051, 0.106
9.440, 0.118, 0.086, 0.096
9.456, 0.114, 0.067, 0.096
9.473, 0.098, 0.078, 0.085
9.490, 0.091, 0.074, 0.080
9.507, 0.111, 0.060, 0.089
9.524, 0.091, 0.063, 0.080
9.540, 0.069, 0.081, 0.070
9.556, 0.072, 0.057, 0.070
9.573, 0.059, 0.065, 0.065
9.590, 0.061, 0.057, 0.064
9.606, 0.059, 0.062, 0.064
9.623, 0.036, 0.065, 0.052
9.640, 0.029, 0.059, 0.055
9.656, 0.009, 0.072, 0.045
9.673, 0.002, 0.061, 0.047
9.690, -0.006, 0.064, 0.041
9.706, -0.018, 0.074, 0.035
9.723, -0.021, 0.054, 0.040
9.740, -0.044, 0.063, 0.034
9.756, -0.054, 0.064, 0.032
9.773, -0.055, 0.051, 0.034
9.791, -0.069, 0.057, 0.028
9.807, -0.082, 0.064, 0.021
9.823, -0.093, 0.071, 0.017
9.840, -0.090, 0.044, 0.025
9.857, -0.098, 0.035, 0.026
9.873, -0.123, 0.061, 0.010
9.890, -0.127, 0.054, 0.008
9.907, -0.110, 0.020, 0.019
9.924, -0.141, 0.022, 0.015
9.940, -0.149, -0.028, 0.027
9.956, -0.144, -0.014, 0.020
9.973, -0.157, 0.012, 0.009
9.990, -0.175, -0.005, 0.005
10.007, -0.168, 0.007, -0.002
10.024, -0.167, 0.003, -0.005
10.040, -0.176, -0.001, -0.009
10.056, -0.167, 0.024, -0.018
10.073, -0.131, 0.022, -0.014
10.090, -0.160, 0.004, -0.016
10.107, -0.157, 0.009, -0.019
10.123, -0.111, 0.020, -0.012
10.140, -0.109, 0.009, -0.012
10.157, -0.131, -0.067, 0.007
10.173, -0.149, -0.033, -0.005
10.190, -0.123, -0.006, -0.010
10.207, -0.145, -0.042, -0.003
10.223, -0.142, -0.048, -0.005
10.240, -0.115, -0.035, -0.004
10.257, -0.144, -0.029, -0.011
10.274, -0.124, -0.028, -0.011
10.290, -0.115, -0.022, -0.011
10.307, -0.128, -0.032, -0.010
10.323, -0.130, -0.037, -0.009
10.340, -0.104, -0.029, -0.010
10.357, -0.124, -0.051, -0.007
10.374, -0.104, -0.044, -0.008
10.390, -0.105, -0.051, -0.006
10.407, -0.103, -0.050, -0.006
10.424, -0.075, -0.031, -0.005
10.440, -0.096, -0.061, -0.006
10.457, -0.071, -0.044, -0.006
10.473, -0.084, -0.056, -0.005
10.490, -0.077, -0.052, -0.006
10.507, -0.075, -0.054, -0.006
10.523, -0.066, -0.051, -0.007
10.540, -0.064, -0.058, -0.009
10.557, -0.071, -0.089, -0.000
10.573, -0.052, -0.054, -0.007
10.590, -0.035, -0.041, -0.008
10.607, -0.035, -0.045, -0.008
10.623, -0.041, -0.049, -0.007
10.640, -0.032, -0.047, -0.007
10.657, -0.032, -0.043, -0.007
10.673, -0.024, -0.045, -0.007
10.690, -0.024, -0.043, -0.007
10.707, -0.021, -0.043, -0.008
10.723, -0.017, -0.040, -0.009
10.740, 0.006, -0.018, -0.005
10.757, -0.023, -0.070, -0.002
10.773, -0.002, -0.040, -0.003
10.790, 0.006, -0.047, 0.001
10.806, 0.007, -0.048, 0.002
10.823, -0.003, -0.049, -0.003
10.840, 0.022, -0.006, -0.003
10.857, 0.002, -0.017, -0.004
10.873, 0.008, -0.015, -0.005
10.890, 0.028, 0.002, 0.000
10.906, 0.007, -0.008, -0.003
10.923, 0.004, -0.005, -0.001
10.940, 0.010, -0.002, 0.000
10.957, 0.017, -0.007, 0.005
10.973, 0.009, 0.001, 0.003
10.990, 0.011, 0.008, 0.006
11.007, 0.009, 0.010, 0.006
11.023, 0.021, -0.008, 0.017
11.040, 0.023, -0.004, 0.019
11.056, 0.024, -0.003, 0.020
11.073, 0.025, 0.009, 0.023
11.090, 0.024, 0.010, 0.025
11.106, 0.024, 0.014, 0.026
11.123, 0.023, 0.010, 0.026
11.140, 0.023, 0.022, 0.031
11.156, 0.023, 0.021, 0.033
11.173, 0.018, 0.021, 0.036
11.190, -0.002, 0.041, 0.028
11.206, 0.017, 0.026, 0.039
11.223, 0.017, 0.026, 0.042
11.240, -0.002, 0.049, 0.035
11.256, -0.004, 0.048, 0.034
11.273, 0.011, 0.030, 0.046
11.290, 0.005, 0.032, 0.046
11.306, -0.012, 0.055, 0.037
11.323, -0.005, 0.040, 0.042
11.340, 0.004, 0.031, 0.045
11.356, -0.003, 0.037, 0.044
11.373, -0.011, 0.034, 0.042
11.390, -0.015, 0.036, 0.041
11.406, -0.016, 0.030, 0.039
11.423, -0.009, 0.032, 0.038
11.440, -0.022, 0.035, 0.036
11.456, -0.027, 0.036, 0.035
11.473, -0.047, 0.066, 0.020
11.490, -0.048, 0.070, 0.018
11.506, -0.049, 0.061, 0.017
11.523, -0.056, 0.058, 0.020
11.540, -0.063, 0.056, 0.016
11.556, -0.040, 0.025, 0.029
11.573, -0.040, 0.025, 0.029
11.590, -0.089, 0.046, 0.011
11.606, -0.084, 0.059, 0.009
11.623, -0.081, 0.045, 0.007
11.640, -0.084, 0.062, 0.005
11.656, -0.084, 0.062, 0.003
11.674, -0.103, 0.041, 0.005
11.690, -0.103, 0.048, 0.002
11.706, -0.104, 0.042, 0.001
11.723, -0.105, 0.040, 0.001
11.739, -0.107, 0.034, -0.002
11.756, -0.092, 0.005, 0.009
11.773, -0.107, 0.031, -0.004
11.790, -0.120, 0.025, -0.008
11.806, -0.109, 0.016, -0.007
11.823, -0.092, 0.008, -0.002
11.840, -0.111, 0.019, -0.012
11.856, -0.109, 0.023, -0.013
11.873, -0.109, 0.017, -0.013
11.890, -0.094, 0.002, -0.008
11.906, -0.097, 0.036, -0.021
11.923, -0.096, 0.030, -0.023
11.940, -0.112, 0.005, -0.020
11.956, -0.103, 0.026, -0.026
11.973, -0.055, 0.051, -0.028
11.990, -0.039, 0.030, -0.022
12.007, -0.084, 0.026, -0.034
12.023, -0.057, 0.031, -0.033
12.040, -0.037, 0.026, -0.027
12.056, -0.077, 0.022, -0.036
12.073, -0.050, 0.028, -0.037
12.090, -0.033, 0.019, -0.030
12.107, -0.042, 0.041, -0.037
12.123, -0.046, 0.021, -0.035
12.141, -0.040, 0.018, -0.035
12.156, -0.039, 0.016, -0.035
12.173, -0.049, -0.022, -0.027
12.190, -0.037, 0.017, -0.036
12.206, -0.050, -0.035, -0.029
12.223, -0.032, 0.010, -0.034
12.240, -0.031, 0.015, -0.039
12.256, -0.045, -0.031, -0.031
12.273, -0.023, 0.012, -0.039
12.290, -0.008, -0.004, -0.028
12.306, -0.021, 0.021, -0.038
12.323, -0.021, 0.015, -0.037
12.340, -0.003, -0.003, -0.025
12.356, 0.001, -0.016, -0.024
12.373, -0.012, 0.009, -0.033
12.390, -0.042, -0.023, -0.038
12.406, -0.036, -0.003, -0.033
12.423, 0.005, -0.003, -0.020
12.440, -0.033, -0.008, -0.031
12.456, -0.030, -0.009, -0.030
12.473, -0.001, 0.009, -0.027
12.490, -0.028, -0.009, -0.028
12.506, -0.029, -0.005, -0.027
12.523, -0.003, 0.017, -0.025
12.539, -0.029, -0.006, -0.026
12.556, -0.003, 0.013, -0.024
12.573, -0.021, -0.003, -0.024
12.590, 0.005, 0.016, -0.021
12.606, 0.006, 0.016, -0.020
12.623, 0.005, 0.021, -0.020
12.640, -0.021, 0.007, -0.019
12.656, 0.008, 0.020, -0.018
12.673, 0.008, 0.026, -0.015
12.690, -0.020, 0.008, -0.016
12.706, 0.009, 0.025, -0.013
12.723, 0.006, 0.026, -0.013
12.740, -0.020, 0.009, -0.012
12.756, 0.005, 0.032, -0.010
12.773, -0.022, 0.008, -0.010
12.790, 0.007, 0.030, -0.006
12.806, -0.020, 0.009, -0.008
12.823, 0.008, 0.031, -0.004
12.840, -0.022, 0.007, -0.006
12.856, -0.021, 0.019, -0.003
12.873, -0.022, 0.022, -0.002
12.890, -0.019, 0.020, -0.001
12.906, 0.007, 0.036, 0.001
12.923, 0.004, 0.033, 0.003
12.940, -0.022, 0.018, 0.004
12.956, -0.023, 0.021, 0.003
12.973, 0.004, 0.042, 0.007
12.990, -0.025, 0.024, 0.006
13.006, 0.003, 0.041, 0.007
13.023, -0.026, 0.026, 0.007
13.040, -0.025, 0.031, 0.008
13.056, -0.027, 0.024, 0.006
13.073, -0.044, 0.017, 0.009
13.090, -0.034, 0.025, 0.009
13.106, -0.013, 0.005, 0.021
13.123, -0.001, 0.048, 0.013
13.140, 0.012, 0.030, 0.024
13.156, -0.001, 0.054, 0.015
13.173, -0.003, 0.055, 0.015
13.190, -0.019, 0.012, 0.025
13.206, -0.006, 0.058, 0.014
13.223, -0.044, 0.036, 0.011
13.240, -0.012, 0.059, 0.012
13.256, -0.011, 0.062, 0.012
13.273, -0.018, 0.058, 0.011
13.290, -0.029, 0.015, 0.019
13.306, -0.029, 0.016, 0.017
13.324, -0.000, 0.032, 0.020
13.340, -0.018, 0.058, 0.005
13.357, -0.021, 0.052, 0.004
13.373, -0.020, 0.060, 0.000
13.390, -0.036, 0.012, 0.007
13.407, -0.032, 0.020, 0.008
13.423, -0.019, 0.056, -0.004
13.440, -0.032, 0.015, 0.001
13.457, 0.001, 0.043, 0.001
13.473, -0.006, 0.033, -0.002
13.490, -0.039, 0.014, -0.008
13.507, -0.039, 0.015, -0.009
13.524, -0.042, 0.013, -0.012
13.540, -0.039, 0.009, -0.015
13.557, -0.038, 0.015, -0.016
13.573, -0.061, 0.033, -0.034
13.590, -0.086, 0.026, -0.036
13.606, -0.066, 0.036, -0.038
13.623, -0.043, 0.006, -0.019
13.641, -0.102, -0.020, -0.021
13.657, -0.082, 0.026, -0.034
13.673, -0.028, 0.059, -0.027
13.690, -0.021, -0.036, -0.003
13.707, -0.027, 0.048, -0.027
13.723, -0.033, 0.040, -0.023
13.740, -0.047, -0.005, -0.013
13.757, -0.045, -0.002, -0.009
13.773, -0.077, 0.012, -0.018
13.790, -0.060, 0.036, -0.020
13.806, -0.068, 0.021, -0.015
13.823, -0.047, -0.013, 0.003
13.840, -0.061, 0.037, -0.014
13.857, -0.059, 0.035, -0.013
13.873, -0.056, 0.038, -0.009
13.890, -0.063, 0.014, -0.002
13.907, -0.061, 0.042, -0.004
13.923, -0.064, 0.019, 0.003
13.940, -0.043, -0.011, 0.020
13.957, -0.042, -0.016, 0.019
13.973, -0.040, -0.018, 0.021
13.990, -0.019, 0.056, 0.008
14.007, -0.024, 0.042, 0.011
14.023, -0.062, 0.015, 0.010
14.040, -0.075, -0.040, 0.025
14.056, -0.042, -0.016, 0.030
14.073, -0.074, -0.040, 0.027
14.090, -0.037, -0.013, 0.032
14.106, -0.035, -0.016, 0.032
14.123, -0.070, -0.042, 0.033
14.140, -0.067, -0.035, 0.029
14.156, -0.072, -0.049, 0.029
14.173, -0.064, -0.041, 0.028
14.190, -0.032, -0.028, 0.037
14.206, -0.065, -0.046, 0.029
14.223, -0.029, -0.018, 0.032
14.240, -0.060, -0.042, 0.025
14.256, -0.023, -0.017, 0.030
14.273, -0.061, -0.043, 0.026
14.290, -0.057, -0.037, 0.024
14.306, -0.058, -0.043, 0.023
14.323, -0.056, -0.039, 0.022
14.340, -0.017, -0.015, 0.022
14.356, -0.017, -0.019, 0.021
14.373, -0.064, -0.057, 0.017
14.390, -0.014, -0.018, 0.018
14.406, -0.014, -0.018, 0.018
14.423, -0.032, 0.016, 0.002
14.440, -0.012, -0.016, 0.012
14.456, -0.012, -0.014, 0.012
14.473, -0.013, -0.023, 0.013
14.490, -0.043, -0.034, 0.003
14.506, -0.010, -0.008, 0.006
14.523, -0.009, -0.008, 0.003
14.540, -0.029, -0.068, 0.012
14.556, -0.029, -0.070, 0.010
14.573, -0.013, -0.022, -0.000
14.590, -0.047, -0.031, -0.009
14.606, -0.014, -0.008, -0.006
14.623, -0.045, -0.027, -0.013
14.640, -0.013, -0.000, -0.009
14.656, -0.014, -0.005, -0.010
14.673, -0.053, -0.026, -0.016
14.690, -0.020, -0.003, -0.012
14.706, -0.022, 0.000, -0.012
14.723, -0.021, 0.001, -0.013
14.740, -0.023, 0.002, -0.015
14.756, -0.057, -0.012, -0.019
14.773, -0.023, 0.009, -0.015
14.790, -0.060, -0.016, -0.020
14.807, -0.060, -0.016, -0.020
14.823, -0.060, -0.012, -0.022
14.840, -0.026, 0.014, -0.018
14.856, -0.026, 0.007, -0.018
14.873, -0.061, -0.023, -0.019
14.890, -0.023, 0.011, -0.019
14.906, -0.025, 0.012, -0.019
14.923, -0.069, -0.011, -0.025
14.940, -0.027, 0.010, -0.017
14.956, -0.027, 0.010, -0.015
14.973, -0.064, -0.008, -0.020
14.990, -0.026, 0.017, -0.018
15.006, -0.060, -0.012, -0.023
15.023, -0.030, 0.008, -0.017
15.040, -0.068, -0.026, -0.019
15.056, -0.068, -0.023, -0.019
15.073, -0.028, 0.009, -0.020
15.090, -0.029, 0.009, -0.023
15.106, -0.028, 0.013, -0.023
15.123, -0.070, -0.023, -0.022
15.140, -0.069, -0.014, -0.028
15.156, -0.031, 0.010, -0.024
15.173, -0.064, -0.013, -0.032
15.190, -0.069, -0.023, -0.030
15.206, -0.004, -0.027, -0.016
15.223, -0.072, -0.028, -0.033
15.240, -0.068, -0.014, -0.037
15.256, -0.040, -0.051, -0.022
15.273, -0.049, -0.052, -0.021
15.290, -0.032, 0.002, -0.033
15.306, -0.054, -0.067, -0.025
15.323, -0.044, -0.039, -0.029
15.340, -0.023, 0.013, -0.036
15.356, -0.032, -0.005, -0.034
15.373, -0.066, -0.013, -0.043
15.390, -0.069, -0.012, -0.044
15.407, -0.040, -0.056, -0.028
15.423, -0.004, -0.034, -0.023
15.440, -0.044, -0.052, -0.027
15.457, -0.068, -0.020, -0.043
15.473, -0.085, -0.035, -0.041
15.490, -0.031, 0.004, -0.038
15.507, -0.030, -0.002, -0.038
15.523, -0.070, -0.036, -0.038
15.540, -0.012, -0.035, -0.022
15.556, -0.054, -0.054, -0.026
15.573, -0.015, -0.037, -0.021
15.590, -0.039, -0.003, -0.034
15.607, -0.039, -0.011, -0.030
15.623, -0.038, -0.007, -0.034
15.640, -0.087, -0.037, -0.032
15.657, -0.072, -0.024, -0.034
15.673, -0.039, -0.004, -0.029
15.690, -0.076, -0.030, -0.030
15.707, -0.094, -0.044, -0.022
15.723, -0.058, 0.027, -0.040
15.740, -0.052, 0.046, -0.042
15.756, -0.038, -0.002, -0.021
15.773, -0.074, -0.026, -0.022
15.790, 0.007, 0.034, -0.015
15.806, -0.017, 0.075, -0.031
15.823, -0.057, 0.034, -0.029
15.840, 0.007, 0.039, -0.011
15.859, 0.007, 0.037, -0.010
15.873, -0.061, -0.060, 0.004
15.890, -0.026, 0.017, -0.009
15.907, -0.053, -0.074, 0.005
15.924, -0.067, -0.083, 0.016
15.940, -0.038, 0.004, 0.001
15.957, -0.065, 0.043, -0.015
15.973, -0.073, 0.021, -0.006
15.990, -0.025, 0.053, -0.002
16.007, -0.071, 0.025, -0.002
16.023, -0.060, 0.035, -0.002
16.040, -0.059, 0.035, -0.001
16.057, -0.046, -0.015, 0.019
16.073, -0.057, -0.053, 0.028
16.090, -0.055, -0.050, 0.030
16.107, -0.054, -0.043, 0.031
16.124, -0.053, -0.049, 0.033
16.140, -0.036, 0.014, 0.022
16.157, -0.038, 0.010, 0.022
16.173, -0.059, -0.051, 0.033
16.190, -0.039, 0.002, 0.026
16.206, -0.089, -0.024, 0.026
16.223, -0.056, -0.055, 0.036
16.240, -0.072, -0.016, 0.025
16.256, -0.071, -0.019, 0.025
16.273, -0.072, 0.035, 0.015
16.290, -0.065, -0.055, 0.044
16.306, -0.064, -0.048, 0.044
16.323, -0.045, 0.012, 0.032
16.340, -0.082, -0.024, 0.029
16.356, -0.051, -0.017, 0.034
16.373, -0.045, -0.007, 0.035
16.390, -0.102, -0.055, 0.041
16.406, -0.050, -0.010, 0.036
16.423, -0.087, -0.087, 0.054
16.440, -0.105, -0.063, 0.043
16.456, -0.090, -0.047, 0.036
16.473, -0.090, -0.057, 0.041
16.490, -0.033, -0.051, 0.051
16.506, -0.057, -0.022, 0.037
16.523, -0.054, -0.038, 0.044
16.540, -0.049, -0.024, 0.037
16.556, -0.069, -0.087, 0.048
16.573, -0.086, -0.056, 0.035
16.590, -0.045, -0.022, 0.039
16.606, -0.048, -0.026, 0.036
16.623, -0.086, -0.054, 0.034
16.640, -0.048, -0.035, 0.034
16.656, -0.044, -0.027, 0.034
16.673, -0.080, -0.052, 0.030
16.690, -0.044, -0.026, 0.032
16.706, -0.022, 0.046, 0.016
16.723, -0.065, 0.006, 0.015
16.740, -0.017, 0.046, 0.015
16.756, -0.057, 0.010, 0.014
16.773, -0.020, 0.023, 0.015
16.790, -0.054, 0.011, 0.011
16.806, -0.053, 0.002, 0.009
16.823, -0.009, 0.051, 0.008
16.840, -0.025, -0.002, 0.014
16.856, -0.045, 0.022, 0.000
16.873, -0.005, 0.051, 0.003
16.890, -0.044, 0.008, 0.001
16.906, -0.047, 0.009, 0.003
16.923, -0.008, 0.045, 0.003
16.939, -0.045, 0.007, 0.002
16.956, -0.013, 0.032, 0.006
16.973, -0.044, 0.013, 0.001
16.990, -0.043, 0.016, 0.002
17.006, -0.011, 0.032, 0.006
17.023, -0.039, 0.022, 0.003
17.040, -0.021, -0.005, 0.017
17.056, -0.008, 0.039, 0.005
17.073, -0.040, 0.022, 0.004
17.090, -0.036, 0.016, 0.005
17.106, -0.040, 0.014, 0.005
17.123, -0.037, 0.022, 0.009
17.140, -0.013, -0.001, 0.021
17.156, -0.017, -0.008, 0.019
17.173, -0.034, 0.030, 0.011
17.190, -0.019, 0.055, 0.007
17.206, -0.025, 0.052, 0.006
17.223, -0.027, 0.049, 0.007
17.240, -0.029, 0.032, 0.013
17.256, -0.026, 0.051, 0.008
17.273, -0.017, 0.065, 0.011
17.291, -0.036, 0.048, 0.014
17.306, -0.056, -0.026, 0.029
17.323, -0.033, 0.046, 0.015
17.340, -0.005, 0.024, 0.028
17.356, -0.036, 0.043, 0.017
17.373, -0.003, 0.027, 0.030
17.390, -0.030, 0.061, 0.017
17.406, -0.036, 0.039, 0.020
17.423, -0.026, 0.048, 0.021
17.440, -0.046, -0.023, 0.028
17.456, -0.024, 0.029, 0.022
17.473, -0.040, 0.043, 0.014
17.490, -0.046, 0.021, 0.017
17.506, -0.047, 0.017, 0.017
17.523, -0.036, 0.026, 0.013
17.540, -0.037, 0.008, 0.017
17.556, -0.029, 0.035, 0.014
17.573, -0.031, 0.037, 0.009
17.590, -0.025, 0.031, 0.013
17.606, -0.024, 0.036, 0.009
17.623, -0.033, 0.032, 0.008
17.640, -0.026, 0.024, 0.011
17.656, -0.051, -0.046, 0.027
17.673, -0.027, 0.034, 0.012
17.690, -0.029, 0.028, 0.014
17.706, -0.043, -0.004, 0.017
17.723, -0.036, 0.002, 0.021
17.740, -0.059, -0.052, 0.032
17.756, -0.030, 0.028, 0.020
17.773, -0.043, 0.016, 0.023
17.790, -0.043, 0.023, 0.025
17.806, -0.034, 0.021, 0.028
17.823, -0.040, 0.034, 0.027
17.840, -0.027, -0.012, 0.038
17.856, -0.062, 0.020, 0.027
17.873, -0.034, -0.022, 0.042
17.890, -0.028, 0.001, 0.037
17.906, -0.028, 0.002, 0.041
17.923, -0.059, -0.071, 0.054
17.940, -0.042, -0.005, 0.040
17.956, -0.044, -0.007, 0.038
17.973, -0.031, 0.002, 0.041
17.990, -0.039, 0.002, 0.040
18.006, -0.041, -0.001, 0.040
18.023, -0.038, 0.001, 0.039
18.040, -0.039, 0.000, 0.040
18.056, -0.036, 0.002, 0.040
18.073, -0.037, -0.004, 0.038
18.090, -0.054, 0.046, 0.022
18.106, -0.075, 0.022, 0.027
18.123, -0.077, 0.041, 0.023
18.140, -0.073, 0.039, 0.023
18.156, -0.045, 0.002, 0.033
18.173, -0.077, 0.041, 0.018
18.190, -0.071, 0.039, 0.019
18.206, -0.075, 0.041, 0.018
18.223, -0.074, 0.024, 0.020
18.240, -0.052, -0.009, 0.027
18.256, -0.078, 0.036, 0.013
18.273, -0.069, 0.038, 0.014
18.290, -0.073, 0.038, 0.014
18.306, -0.071, 0.042, 0.013
18.323, -0.045, 0.000, 0.024
18.340, -0.076, 0.038, 0.010
18.356, -0.082, 0.016, 0.014
18.373, -0.076, 0.041, 0.011
18.390, -0.049, 0.050, 0.008
18.406, -0.032, 0.009, 0.021
18.423, -0.076, 0.037, 0.008
18.440, -0.042, -0.002, 0.023
18.456, -0.041, 0.004, 0.022
18.473, -0.046, 0.010, 0.022
18.490, -0.047, 0.003, 0.020
18.506, -0.047, -0.001, 0.021
18.523, -0.024, 0.028, 0.017
18.540, -0.044, 0.004, 0.020
18.556, -0.035, 0.012, 0.019
18.573, -0.045, 0.004, 0.018
18.590, -0.053, 0.006, 0.018
18.606, -0.043, 0.008, 0.022
18.623, -0.052, 0.006, 0.019
18.640, -0.033, 0.025, 0.015
18.656, -0.042, 0.007, 0.023
18.673, -0.055, 0.011, 0.021
18.690, -0.051, 0.015, 0.025
18.706, -0.048, 0.019, 0.025
18.723, -0.053, 0.013, 0.023
18.740, -0.047, 0.019, 0.026
18.756, -0.051, 0.007, 0.026
18.773, -0.054, 0.018, 0.027
18.790, -0.049, 0.012, 0.024
18.806, -0.053, 0.007, 0.023
18.823, -0.048, 0.018, 0.020
18.840, -0.051, 0.006, 0.019
18.856, -0.055, -0.001, 0.016
18.873, -0.050, 0.018, 0.015
18.890, -0.048, 0.006, 0.011
18.906, -0.052, 0.011, 0.010
18.923, -0.058, 0.014, 0.007
18.940, -0.059, 0.018, 0.004
18.956, -0.058, 0.012, 0.003
18.973, -0.047, 0.016, 0.004
18.990, -0.049, 0.013, -0.000
19.006, -0.048, 0.013, -0.000
19.023, -0.048, 0.006, 0.001
19.040, -0.044, 0.018, -0.002
19.056, -0.045, 0.027, -0.003
19.073, -0.055, 0.014, -0.008
19.090, -0.049, 0.012, -0.008
19.106, -0.044, 0.023, -0.009
19.123, -0.044, 0.022, -0.016
19.140, -0.049, 0.001, -0.015
19.156, -0.051, 0.002, -0.014
19.173, -0.050, 0.009, -0.017
19.190, -0.049, -0.007, -0.017
19.206, -0.049, -0.004, -0.018
19.223, -0.057, 0.005, -0.021
19.240, 0.015, 0.062, -0.028
19.256, 0.011, 0.060, -0.028
19.273, -0.061, -0.007, -0.026
19.290, -0.111, -0.101, 0.003
19.306, -0.028, -0.051, -0.007
19.323, -0.035, -0.055, -0.002
19.340, -0.100, 0.026, -0.023
19.356, -0.098, 0.029, -0.018
19.373, -0.131, -0.065, 0.014
19.390, -0.098, 0.021, -0.006
19.406, -0.097, 0.010, -0.004
19.423, -0.090, 0.011, 0.002
19.440, -0.059, -0.031, 0.020
19.456, -0.066, -0.021, 0.021
19.473, -0.059, -0.039, 0.025
19.490, -0.057, -0.042, 0.030
19.506, -0.055, -0.040, 0.031
19.523, -0.056, -0.039, 0.032
19.540, -0.056, -0.043, 0.035
19.556, -0.051, -0.039, 0.036
19.573, -0.040, -0.029, 0.035
19.590, -0.042, -0.047, 0.036
19.606, -0.040, -0.047, 0.035
19.623, -0.037, -0.030, 0.034
19.640, -0.041, -0.061, 0.039
19.656, -0.045, -0.062, 0.037
19.674, -0.030, -0.051, 0.031
19.690, -0.015, -0.041, 0.027
19.706, -0.015, -0.048, 0.027
19.723, -0.010, -0.049, 0.019
19.740, -0.018, -0.054, 0.015
19.756, -0.018, -0.033, 0.008
19.773, -0.023, -0.060, 0.005
19.790, -0.012, -0.041, -0.004
19.806, -0.012, -0.048, -0.002
19.823, -0.004, -0.039, -0.005
19.840, -0.021, -0.042, -0.008
19.856, -0.021, -0.029, -0.010
19.873, -0.014, -0.019, -0.009
19.890, -0.040, -0.109, 0.006
19.906, -0.008, -0.011, -0.011
19.923, 0.000, -0.007, -0.011
19.940, 0.009, 0.001, -0.009
19.956, -0.001, -0.000, -0.006
19.973, -0.005, -0.008, -0.009
19.990, 0.016, 0.013, -0.011
20.006, 0.006, 0.002, -0.009
20.023, -0.007, -0.003, -0.008
20.040, -0.008, -0.003, -0.008
20.056, 0.045, 0.036, -0.013
20.073, -0.005, 0.011, -0.009
20.091, -0.013, 0.036, -0.020
20.106, -0.014, 0.035, -0.022
20.123, 0.006, 0.011, -0.014
20.140, -0.005, 0.019, -0.020
20.156, -0.032, 0.066, -0.031
20.173, -0.037, 0.077, -0.036
20.190, -0.024, 0.061, -0.036
20.206, -0.027, 0.022, -0.032
20.223, -0.019, -0.007, -0.034
20.240, -0.062, -0.050, -0.029
20.256, -0.028, 0.028, -0.049
20.273, -0.050, 0.066, -0.069
20.290, -0.042, 0.020, -0.061
20.306, -0.051, 0.036, -0.070
20.323, -0.049, 0.018, -0.070
20.340, -0.082, -0.057, -0.063
20.356, -0.049, 0.022, -0.074
20.373, -0.055, 0.022, -0.077
20.390, -0.047, 0.031, -0.079
20.406, -0.068, -0.026, -0.070
20.423, -0.097, 0.040, -0.088
20.440, -0.075, 0.022, -0.077
20.456, -0.071, -0.015, -0.071
20.473, -0.075, 0.021, -0.075
20.490, -0.078, -0.019, -0.061
20.506, -0.113, 0.038, -0.074
20.523, -0.118, 0.044, -0.071
20.539, -0.119, 0.049, -0.072
20.556, -0.122, 0.056, -0.071
20.573, -0.095, 0.003, -0.048
20.590, -0.094, -0.004, -0.044
20.606, -0.098, 0.026, -0.048
20.623, -0.045, 0.045, -0.040
20.640, -0.083, 0.029, -0.034
20.656, -0.040, 0.055, -0.035
20.673, -0.104, 0.005, -0.025
20.690, -0.131, 0.048, -0.028
20.706, -0.130, -0.071, -0.006
20.723, -0.104, 0.022, -0.022
20.740, -0.115, 0.034, -0.022
20.756, -0.085, 0.012, -0.016
20.773, -0.118, 0.022, -0.016
20.790, -0.089, 0.015, -0.008
20.806, -0.083, 0.002, -0.007
20.823, -0.077, 0.014, -0.007
20.840, -0.102, 0.015, -0.008
20.856, -0.112, 0.012, -0.004
20.875, -0.095, -0.012, 0.003
20.890, -0.098, 0.040, -0.007
20.906, -0.110, 0.050, -0.011
20.923, -0.085, -0.003, 0.002
20.940, -0.088, 0.016, -0.004
20.956, -0.121, 0.052, -0.015
20.973, -0.089, 0.002, -0.000
20.990, -0.109, 0.042, -0.021
21.006, -0.089, 0.041, -0.018
21.023, -0.088, 0.066, -0.027
21.040, -0.113, -0.027, -0.007
21.056, -0.060, 0.040, -0.017
21.073, -0.081, 0.079, -0.036
21.090, -0.050, 0.044, -0.026
21.106, -0.058, 0.013, -0.025
21.123, -0.045, 0.054, -0.033
21.140, -0.060, -0.032, -0.019
21.156, -0.066, 0.056, -0.034
21.173, -0.030, 0.057, -0.037
21.189, -0.044, 0.036, -0.034
21.207, -0.039, 0.052, -0.036
21.223, -0.034, 0.022, -0.037
21.240, -0.031, 0.037, -0.037
21.257, -0.037, 0.015, -0.033
21.273, -0.035, 0.015, -0.031
21.291, -0.025, 0.040, -0.032
21.306, -0.028, 0.028, -0.032
21.323, -0.030, 0.035, -0.029
21.340, -0.034, 0.033, -0.028
21.356, -0.034, 0.040, -0.028
21.373, -0.035, 0.047, -0.025
21.390, -0.044, 0.012, -0.016
21.406, -0.036, 0.032, -0.019
21.423, -0.044, 0.034, -0.015
21.440, -0.048, 0.013, -0.011
21.456, -0.046, 0.025, -0.011
21.473, -0.065, 0.053, -0.018
21.490, -0.071, 0.043, -0.015
21.506, -0.078, 0.072, -0.015
21.523, -0.056, 0.001, 0.003
21.540, -0.044, 0.029, 0.004
21.556, -0.075, 0.057, -0.002
21.573, -0.052, 0.040, 0.008
21.590, -0.055, 0.042, 0.013
21.606, -0.050, 0.029, 0.011
21.623, -0.057, -0.000, 0.019
21.640, -0.056, -0.004, 0.020
21.657, -0.086, 0.023, 0.015
21.673, -0.049, 0.021, 0.020
21.690, -0.054, 0.006, 0.022
21.707, -0.072, 0.034, 0.018
21.724, -0.056, 0.004, 0.026
21.740, -0.064, 0.036, 0.015
21.757, -0.061, 0.036, 0.017
21.773, -0.051, 0.008, 0.024
21.790, -0.066, 0.019, 0.016
21.807, -0.073, 0.026, 0.015
21.823, -0.051, 0.002, 0.016
21.840, -0.078, 0.029, 0.009
21.857, -0.052, 0.001, 0.011
21.873, -0.040, 0.001, 0.002
21.890, -0.062, 0.017, -0.005
21.907, -0.037, 0.006, -0.003
21.924, -0.043, 0.013, -0.005
21.940, -0.032, 0.014, -0.015
21.957, -0.039, 0.007, -0.015
21.974, -0.054, 0.034, -0.026
21.990, -0.034, 0.011, -0.023
22.007, -0.039, 0.015, -0.023
22.023, -0.033, 0.024, -0.028
22.040, -0.042, 0.023, -0.027
22.057, -0.043, 0.010, -0.026
22.073, -0.049, 0.040, -0.036
22.090, -0.025, 0.030, -0.032
22.107, -0.033, 0.023, -0.029
22.123, -0.040, 0.021, -0.030
22.140, -0.039, 0.027, -0.030
22.157, -0.039, 0.029, -0.029
22.173, -0.061, 0.033, -0.031
22.190, -0.038, 0.011, -0.024
22.207, -0.038, 0.013, -0.024
22.223, -0.029, 0.023, -0.023
22.240, -0.031, 0.021, -0.022
22.257, -0.034, 0.010, -0.019
22.273, -0.049, 0.008, -0.020
22.290, -0.030, 0.019, -0.017
22.307, -0.030, 0.018, -0.014
22.323, -0.019, 0.034, -0.012
22.340, -0.045, -0.057, 0.005
22.357, -0.042, -0.053, 0.005
22.373, -0.014, 0.024, -0.003
22.390, -0.019, 0.027, -0.000
22.408, -0.017, 0.025, -0.000
22.423, -0.007, 0.026, 0.003
22.440, -0.008, 0.026, 0.001
22.457, -0.013, 0.025, 0.000
22.474, -0.022, -0.007, 0.006
22.490, -0.013, 0.015, 0.007
22.507, -0.028, 0.001, 0.011
22.524, -0.007, 0.024, 0.009
22.540, -0.005, 0.009, 0.011
22.557, -0.007, 0.010, 0.013
22.574, -0.012, 0.026, 0.015
22.590, -0.024, 0.003, 0.015
22.607, -0.018, 0.016, 0.016
22.623, -0.028, 0.012, 0.018
22.640, -0.029, 0.005, 0.024
22.657, -0.032, 0.008, 0.022
22.673, -0.023, 0.007, 0.024
22.690, -0.022, 0.012, 0.028
22.707, -0.026, 0.007, 0.030
22.724, -0.028, 0.007, 0.026
22.740, -0.036, 0.014, 0.030
22.756, -0.051, 0.010, 0.030
22.773, -0.057, 0.015, 0.034
22.790, -0.040, 0.016, 0.034
22.807, -0.054, -0.017, 0.041
22.823, -0.038, -0.000, 0.036
22.841, -0.040, 0.012, 0.037
22.856, -0.041, 0.007, 0.037
22.873, -0.048, 0.023, 0.037
22.890, -0.044, 0.015, 0.039
22.907, -0.008, 0.040, 0.036
22.924, -0.054, 0.016, 0.043
22.940, -0.044, 0.016, 0.042
22.957, -0.003, 0.055, 0.036
22.973, -0.059, 0.015, 0.047
22.990, -0.073, 0.044, 0.043
23.007, -0.018, 0.090, 0.037
23.023, -0.054, 0.002, 0.054
23.041, -0.076, 0.035, 0.044
23.057, -0.079, 0.050, 0.042
23.073, -0.077, 0.054, 0.042
23.091, -0.099, -0.031, 0.060
23.107, -0.070, 0.022, 0.052
23.124, -0.109, -0.026, 0.060
23.140, -0.058, 0.010, 0.049
23.157, -0.100, -0.035, 0.064
23.173, -0.054, 0.020, 0.046
23.190, -0.077, 0.034, 0.045
23.207, -0.056, 0.022, 0.046
23.224, -0.077, 0.053, 0.042
23.240, -0.083, 0.057, 0.040
23.257, -0.085, -0.077, 0.071
23.273, -0.073, 0.038, 0.042
23.290, -0.053, 0.028, 0.043
23.307, -0.055, 0.014, 0.045
23.324, -0.079, 0.043, 0.037
23.340, -0.095, 0.047, 0.032
23.357, -0.089, 0.041, 0.036
23.374, -0.089, -0.057, 0.057
23.390, -0.055, 0.038, 0.032
23.407, -0.068, 0.010, 0.038
23.423, -0.075, -0.002, 0.030
23.440, -0.065, 0.016, 0.029
23.457, -0.092, -0.019, 0.035
23.473, -0.054, 0.024, 0.021
23.490, -0.071, 0.015, 0.024
23.507, -0.079, 0.023, 0.016
23.523, -0.086, 0.036, 0.013
23.540, -0.081, 0.062, 0.008
23.557, -0.109, -0.020, 0.026
23.573, -0.086, -0.069, 0.030
23.590, -0.093, 0.019, 0.008
23.606, -0.084, 0.030, 0.007
23.623, -0.071, 0.034, 0.009
23.640, -0.110, 0.030, -0.006
23.657, -0.105, 0.044, -0.006
23.673, -0.087, 0.058, -0.012
23.690, -0.068, -0.004, 0.000
23.707, -0.062, -0.003, -0.004
23.724, -0.079, 0.053, -0.019
23.740, -0.062, -0.007, -0.006
23.757, -0.087, 0.034, -0.013
23.773, -0.056, -0.007, -0.010
23.790, -0.041, -0.001, -0.014
23.807, -0.043, -0.022, -0.007
23.823, -0.065, 0.034, -0.025
23.840, -0.054, -0.016, -0.016
23.857, -0.084, 0.037, -0.024
23.873, -0.051, -0.029, -0.015
23.890, -0.059, 0.050, -0.036
23.907, -0.062, 0.031, -0.033
23.923, -0.056, 0.019, -0.029
23.940, -0.063, 0.037, -0.036
23.957, -0.034, -0.012, -0.026
23.973, -0.063, 0.015, -0.029
23.990, -0.028, -0.034, -0.027
24.007, -0.032, -0.017, -0.025
24.023, -0.018, -0.016, -0.029
24.040, -0.037, 0.041, -0.043
24.057, -0.008, -0.003, -0.035
24.073, -0.051, 0.009, -0.038
24.090, -0.001, 0.039, -0.043
24.107, -0.001, 0.037, -0.044
24.123, -0.019, -0.031, -0.031
24.140, -0.019, -0.029, -0.033
24.157, -0.044, -0.010, -0.041
24.173, -0.012, -0.008, -0.036
24.190, -0.020, -0.028, -0.032
24.206, -0.016, -0.025, -0.033
24.223, -0.013, -0.027, -0.034
24.240, -0.035, -0.015, -0.036
24.256, -0.015, -0.037, -0.030
24.273, -0.001, -0.008, -0.034
24.290, -0.038, -0.011, -0.038
24.306, -0.019, -0.069, -0.024
24.323, -0.028, -0.077, -0.019
24.340, -0.002, -0.012, -0.030
24.356, -0.002, -0.007, -0.031
24.373, -0.031, 0.022, -0.034
24.390, -0.005, -0.010, -0.027
24.406, -0.001, 0.009, -0.027
24.423, -0.016, -0.027, -0.020
24.440, -0.035, 0.035, -0.032
24.456, -0.035, 0.042, -0.031
24.473, -0.041, 0.041, -0.027
24.490, -0.035, -0.053, -0.006
24.506, -0.016, 0.010, -0.018
24.523, -0.045, 0.054, -0.025
24.540, -0.018, 0.024, -0.015
24.556, -0.026, -0.010, -0.011
24.573, -0.010, 0.033, -0.014
24.590, -0.013, 0.022, -0.013
24.606, -0.013, 0.022, -0.012
24.623, -0.023, 0.028, -0.007
24.640, -0.048, 0.051, -0.014
24.656, -0.055, 0.016, -0.009
24.673, -0.026, -0.004, -0.002
24.690, -0.020, 0.023, -0.005
24.707, -0.024, 0.015, -0.001
24.723, -0.028, 0.016, -0.002
24.740, -0.053, 0.051, -0.012
24.756, -0.045, 0.069, -0.017
24.773, -0.027, 0.034, -0.003
24.790, -0.049, 0.057, -0.011
24.806, -0.041, 0.063, -0.016
24.823, -0.023, 0.025, -0.001
24.840, -0.044, 0.053, -0.013
24.857, -0.020, 0.033, -0.001
24.873, -0.042, 0.059, -0.003
24.890, -0.059, -0.053, 0.020
24.907, -0.039, 0.019, 0.009
24.923, -0.063, 0.039, 0.004
24.940, -0.032, 0.033, 0.012
24.956, -0.032, 0.027, 0.012
24.973, -0.043, 0.055, 0.005
24.990, -0.065, 0.056, 0.008
25.006, -0.062, 0.072, 0.005
25.023, -0.053, -0.048, 0.028
25.040, -0.031, 0.034, 0.017
25.057, -0.035, 0.039, 0.020
25.073, -0.053, 0.056, 0.009
25.090, -0.039, 0.027, 0.018
25.106, -0.052, 0.065, 0.007
25.123, -0.063, 0.070, 0.008
25.141, -0.037, 0.027, 0.019
25.156, -0.030, 0.024, 0.016
25.173, -0.039, 0.009, 0.021
25.190, -0.064, 0.037, 0.008
25.207, -0.065, 0.040, 0.008
25.223, -0.040, 0.028, 0.016
25.240, -0.053, 0.056, 0.005
25.256, -0.049, 0.062, 0.001
25.274, -0.046, 0.019, 0.014
25.290, -0.066, 0.037, 0.007
25.307, -0.020, 0.066, 0.001
25.323, -0.041, 0.012, 0.013
25.340, -0.069, -0.009, 0.008
25.356, -0.033, 0.025, 0.010
25.373, -0.035, 0.016, 0.012
25.390, -0.054, 0.037, 0.002
25.406, -0.027, 0.014, 0.011
25.423, -0.048, 0.070, -0.002
25.440, -0.024, 0.010, 0.011
25.456, -0.023, 0.005, 0.010
25.473, -0.039, 0.025, 0.008
25.490, -0.027, 0.007, 0.011
25.507, -0.023, 0.002, 0.011
25.523, -0.022, 0.005, 0.012
25.540, -0.018, 0.011, 0.011
25.556, -0.016, 0.017, 0.010
25.573, -0.025, 0.008, 0.012
25.590, -0.025, 0.014, 0.013
25.606, -0.025, 0.013, 0.014
25.623, -0.021, 0.007, 0.014
25.640, -0.021, 0.013, 0.015
25.656, -0.020, 0.018, 0.015
25.673, -0.022, 0.012, 0.015
25.690, -0.021, 0.009, 0.015
25.706, -0.021, -0.009, 0.016
25.723, -0.019, 0.014, 0.015
25.740, -0.014, 0.010, 0.014
25.756, -0.017, -0.007, 0.015
25.773, -0.014, 0.009, 0.015
25.790, -0.027, 0.009, 0.012
25.806, -0.016, 0.014, 0.013
25.823, -0.016, 0.010, 0.012
25.840, -0.038, 0.033, 0.004
25.856, -0.034, 0.042, 0.002
25.873, -0.019, 0.022, 0.004
25.890, -0.024, 0.045, -0.005
25.906, -0.017, 0.032, -0.000
25.923, -0.012, 0.027, -0.002
25.940, -0.026, 0.059, -0.011
25.956, -0.028, 0.034, -0.001
25.973, -0.030, 0.030, -0.003
25.990, -0.025, 0.024, -0.002
26.006, -0.049, -0.049, 0.012
26.023, -0.040, 0.052, -0.009
26.040, -0.051, -0.051, 0.011
26.056, -0.028, 0.024, -0.004
26.073, -0.043, 0.059, -0.016
26.090, -0.021, 0.029, -0.007
26.106, -0.026, 0.028, -0.006
26.123, -0.022, 0.027, -0.006
26.140, -0.029, 0.019, -0.003
26.156, -0.023, 0.027, -0.000
26.173, -0.027, 0.034, -0.002
26.190, -0.030, 0.046, -0.002
26.206, -0.055, -0.045, 0.013
26.223, -0.052, 0.054, -0.012
26.240, -0.062, 0.062, -0.012
26.256, -0.056, -0.052, 0.012
26.273, -0.034, 0.014, -0.001
26.290, -0.026, 0.028, -0.005
26.306, -0.028, 0.026, -0.005
26.323, -0.065, 0.057, -0.011
26.340, -0.028, 0.017, -0.003
26.356, -0.031, 0.029, -0.004
26.373, -0.036, 0.021, -0.002
26.390, -0.041, 0.011, 0.000
26.406, -0.057, 0.056, -0.007
26.423, -0.043, 0.009, 0.002
26.440, -0.046, 0.048, -0.009
26.456, -0.062, 0.041, -0.006
26.473, -0.038, 0.007, 0.005
26.490, -0.060, 0.031, -0.001
26.507, -0.060, 0.040, -0.002
26.523, -0.065, 0.038, -0.002
26.540, -0.068, 0.034, 0.001
26.556, -0.066, 0.037, 0.000
26.573, -0.074, 0.021, -0.001
26.590, -0.080, 0.028, -0.002
26.606, -0.052, 0.003, 0.006
26.623, -0.058, 0.044, -0.007
26.640, -0.054, 0.002, 0.005
26.656, -0.052, 0.005, 0.005
26.673, -0.062, 0.036, -0.009
26.690, -0.055, -0.002, 0.006
26.706, -0.051, 0.002, 0.004
26.723, -0.041, 0.008, 0.002
26.740, -0.048, -0.001, 0.003
26.756, -0.039, 0.003, 0.001
26.773, -0.040, -0.001, 0.001
26.790, -0.038, -0.006, 0.001
26.806, -0.040, -0.008, 0.001
26.823, -0.047, -0.012, 0.002
26.840, -0.047, -0.007, 0.001
26.856, -0.041, -0.001, -0.002
26.873, -0.043, -0.013, -0.001
26.890, -0.042, -0.016, -0.002
26.906, -0.040, -0.021, -0.002
26.923, -0.034, -0.006, -0.006
26.940, -0.055, 0.019, -0.014
26.956, -0.054, 0.022, -0.014
26.973, -0.032, -0.006, -0.007
26.990, -0.036, -0.001, -0.006
27.006, -0.036, -0.002, -0.006
27.023, -0.056, -0.081, 0.010
27.040, -0.042, 0.046, -0.022
27.056, -0.052, 0.027, -0.015
27.073, -0.024, 0.003, -0.007
27.090, -0.046, 0.021, -0.011
27.106, -0.027, 0.001, -0.005
27.123, -0.025, 0.008, -0.006
27.140, -0.045, 0.029, -0.016
27.156, -0.025, -0.001, -0.004
27.173, -0.043, 0.024, -0.009
27.190, -0.051, 0.013, -0.006
27.206, -0.019, 0.007, -0.005
27.223, -0.041, 0.030, -0.012
27.240, -0.024, 0.014, -0.002
27.256, -0.021, 0.023, -0.002
27.273, -0.020, 0.023, -0.004
27.290, -0.022, 0.017, -0.002
27.306, -0.023, 0.022, -0.002
27.323, -0.039, 0.039, -0.010
27.340, -0.041, 0.050, -0.013
27.356, -0.032, 0.024, 0.001
27.373, -0.043, 0.040, -0.005
27.390, -0.021, 0.029, -0.000
27.406, -0.047, 0.034, -0.002
27.423, -0.032, 0.064, -0.010
27.440, -0.023, 0.027, -0.001
27.456, -0.030, 0.054, -0.010
27.474, -0.014, 0.042, -0.003
27.489, -0.035, 0.045, -0.009
27.506, -0.034, 0.049, -0.010
27.523, -0.024, 0.039, -0.002
27.540, -0.048, 0.039, -0.004
27.556, -0.052, 0.038, -0.004
27.573, -0.051, 0.033, -0.003
27.590, -0.044, 0.045, -0.006
27.606, -0.050, 0.047, -0.006
27.623, -0.040, 0.047, -0.010
27.640, -0.053, 0.048, -0.006
27.656, -0.048, 0.044, -0.009
27.673, -0.051, 0.050, -0.007
27.690, -0.053, 0.042, -0.010
27.706, -0.040, 0.047, -0.011
27.723, -0.029, 0.027, -0.004
27.740, -0.027, 0.034, -0.005
27.756, -0.029, 0.030, -0.005
27.773, -0.050, 0.063, -0.010
27.790, -0.041, 0.026, -0.001
27.806, -0.039, 0.029, -0.000
27.823, -0.051, 0.054, -0.007
27.840, -0.038, 0.031, 0.001
27.856, -0.049, 0.066, -0.008
27.873, -0.059, 0.048, 0.000
27.890, -0.040, 0.024, 0.006
27.906, -0.041, 0.020, 0.006
27.923, -0.050, 0.046, -0.002
27.940, -0.070, 0.071, -0.000
27.956, -0.058, 0.039, 0.009
27.973, -0.047, 0.031, 0.014
27.990, -0.031, 0.025, 0.012
28.006, -0.051, 0.051, 0.004
28.023, -0.037, 0.024, 0.016
28.040, -0.038, 0.027, 0.014
28.056, -0.076, -0.028, 0.024
28.073, -0.063, 0.047, 0.004
28.090, -0.060, -0.063, 0.034
28.106, -0.055, 0.041, 0.003
28.123, -0.048, 0.011, 0.019
28.140, -0.062, 0.028, 0.017
28.156, -0.068, 0.030, 0.009
28.173, -0.046, -0.001, 0.022
28.190, -0.048, 0.002, 0.023
28.206, -0.052, -0.017, 0.027
28.223, -0.044, -0.014, 0.025
28.240, -0.056, 0.031, 0.016
28.256, -0.057, -0.024, 0.028
28.273, -0.055, -0.020, 0.029
28.290, -0.067, 0.007, 0.015
28.306, -0.053, -0.024, 0.030
28.323, -0.069, -0.000, 0.023
28.340, -0.065, 0.009, 0.021
28.356, -0.069, 0.020, 0.022
28.373, -0.068, 0.000, 0.026
28.390, -0.058, -0.046, 0.038
28.406, -0.050, -0.031, 0.036
28.423, -0.056, 0.008, 0.021
28.440, -0.061, -0.002, 0.025
28.456, -0.049, -0.034, 0.035
28.473, -0.044, -0.026, 0.029
28.490, -0.036, -0.030, 0.028
28.506, -0.034, -0.034, 0.028
28.523, -0.049, 0.016, 0.019
28.540, -0.043, 0.007, 0.016
28.556, -0.047, -0.006, 0.018
28.573, -0.043, 0.017, 0.015
28.590, -0.041, 0.012, 0.013
28.606, -0.045, -0.025, 0.022
28.623, -0.049, 0.029, 0.011
28.640, -0.040, 0.013, 0.006
28.656, -0.040, 0.018, 0.008
28.673, -0.027, -0.007, 0.012
28.690, -0.037, 0.020, 0.003
28.706, -0.036, 0.024, 0.002
28.723, -0.021, 0.005, 0.005
28.740, -0.037, 0.037, -0.007
28.756, -0.036, 0.040, -0.008
28.773, -0.018, 0.018, -0.002
28.790, -0.055, 0.017, -0.005
28.806, -0.016, 0.009, -0.004
28.823, -0.015, 0.011, -0.004
28.840, -0.058, 0.028, -0.014
28.856, -0.008, 0.016, -0.008
28.873, -0.036, 0.036, -0.019
28.890, -0.009, 0.016, -0.012
28.906, -0.003, 0.026, -0.013
28.923, -0.029, 0.055, -0.025
28.940, -0.029, 0.042, -0.027
28.956, -0.014, 0.013, -0.012
28.974, -0.025, 0.044, -0.020
28.990, -0.007, 0.029, -0.018
29.007, -0.014, 0.029, -0.015
29.023, -0.036, 0.035, -0.026
29.040, -0.056, 0.045, -0.022
29.056, -0.016, 0.024, -0.013
29.073, -0.025, 0.014, -0.015
29.090, -0.020, 0.033, -0.014
29.106, -0.022, 0.020, -0.013
29.123, -0.027, 0.041, -0.015
29.140, -0.035, 0.024, -0.014
29.156, -0.034, 0.029, -0.013
29.173, -0.023, 0.049, -0.017
29.190, -0.034, 0.028, -0.013
29.206, -0.036, 0.030, -0.013
29.223, -0.039, 0.033, -0.011
29.240, -0.039, 0.051, -0.009
29.256, -0.040, 0.043, -0.008
29.273, -0.035, 0.042, -0.005
29.290, -0.036, 0.034, -0.002
29.306, -0.050, 0.061, -0.006
29.323, -0.046, 0.043, 0.004
29.340, -0.054, 0.070, -0.002
29.356, -0.044, 0.043, 0.007
29.373, -0.053, 0.030, 0.011
29.390, -0.063, 0.055, 0.005
29.406, -0.052, 0.019, 0.012
29.423, -0.050, 0.050, 0.013
29.440, -0.050, 0.024, 0.011
29.456, -0.046, 0.039, 0.009
29.473, -0.030, 0.020, 0.018
29.490, -0.051, 0.024, 0.010
29.506, -0.079, -0.061, 0.030
29.523, -0.071, 0.061, 0.004
29.539, -0.059, 0.016, 0.012
29.556, -0.051, 0.020, 0.010
29.573, -0.065, 0.030, 0.005
29.590, -0.056, 0.010, 0.010
29.606, -0.052, 0.017, 0.007
29.623, -0.060, 0.025, 0.003
29.640, -0.048, 0.008, 0.007
29.656, -0.045, 0.007, 0.005
29.674, -0.060, 0.004, 0.011
29.690, -0.033, 0.010, 0.002
29.706, -0.048, 0.010, 0.007
29.723, -0.058, 0.045, -0.010
29.740, -0.043, 0.002, 0.004
29.756, -0.038, -0.005, 0.004
29.773, -0.032, 0.014, 0.002
29.790, -0.041, -0.001, 0.003
29.806, -0.045, -0.012, 0.007
29.823, -0.032, 0.011, 0.003
29.840, -0.041, 0.001, 0.005
29.856, -0.044, -0.009, 0.007
29.873, -0.039, 0.004, 0.004
29.890, -0.036, -0.003, 0.004
29.906, -0.028, 0.012, 0.002
29.923, -0.034, -0.006, 0.003
29.940, -0.041, 0.011, 0.006
29.956, -0.031, -0.005, 0.003
29.973, -0.030, 0.001, 0.002
29.990, -0.044, 0.042, -0.004
30.007, -0.049, 0.020, -0.001
30.023, -0.028, 0.019, -0.001
30.041, -0.030, 0.002, 0.001
30.057, -0.029, -0.001, -0.000
30.074, -0.030, 0.006, -0.001
30.091, -0.035, 0.005, 0.001
30.107, -0.023, 0.027, -0.002
30.123, -0.029, 0.017, -0.000
30.140, -0.029, 0.004, -0.001
30.157, -0.032, 0.019, -0.000
30.174, -0.035, 0.021, -0.001
30.190, -0.060, -0.070, 0.016
30.207, -0.032, 0.019, -0.004
30.223, -0.041, 0.017, -0.001
30.240, -0.030, 0.033, -0.004
30.257, -0.036, 0.023, -0.003
30.273, -0.043, 0.010, 0.001
30.290, -0.025, 0.036, -0.003
30.307, -0.028, 0.024, -0.000
30.323, -0.023, 0.044, 0.001
30.340, -0.036, 0.023, 0.004
30.357, -0.031, 0.038, 0.003
30.373, -0.020, 0.041, -0.001
30.390, -0.034, 0.012, 0.006
30.407, -0.031, 0.031, 0.006
30.423, -0.037, 0.013, 0.009
30.440, -0.066, 0.063, -0.002
30.457, -0.039, 0.012, 0.009
30.473, -0.039, 0.015, 0.008
30.490, -0.092, 0.031, 0.014
30.507, -0.059, 0.030, 0.011
30.523, -0.068, 0.012, 0.021
30.540, -0.053, 0.026, 0.016
30.556, -0.051, -0.002, 0.028
30.573, -0.052, -0.007, 0.031
30.590, -0.054, 0.006, 0.033
30.607, 0.004, 0.063, 0.024
30.624, -0.058, 0.037, 0.031
30.640, -0.069, 0.081, 0.024
30.657, -0.040, 0.036, 0.038
30.673, -0.043, 0.020, 0.038
30.690, -0.035, 0.024, 0.037
30.707, -0.072, -0.085, 0.056
30.723, -0.069, -0.020, 0.044
30.740, -0.068, -0.078, 0.053
30.757, -0.061, -0.056, 0.047
30.774, -0.043, 0.042, 0.026
30.790, -0.025, 0.026, 0.017
30.807, -0.047, 0.018, 0.022
30.823, -0.031, 0.023, 0.013
30.840, -0.061, -0.002, 0.017
30.857, -0.035, 0.008, 0.014
30.873, -0.034, 0.014, 0.008
30.890, -0.050, 0.004, 0.011
30.907, -0.044, -0.002, 0.003
30.923, -0.029, 0.022, -0.003
30.940, -0.054, 0.013, 0.004
30.957, -0.082, 0.049, -0.005
30.973, -0.065, -0.001, 0.001
30.990, -0.060, 0.021, -0.002
31.007, -0.064, 0.006, -0.003
31.023, -0.058, 0.019, -0.004
31.040, -0.063, 0.007, -0.007
31.057, -0.067, 0.001, -0.007
31.074, -0.061, 0.024, -0.011
31.090, -0.068, -0.002, -0.010
31.107, -0.067, -0.008, -0.009
31.124, -0.060, 0.003, -0.015
31.140, -0.053, 0.028, -0.017
31.157, -0.058, -0.009, -0.012
31.173, -0.088, 0.018, -0.022
31.190, -0.058, -0.004, -0.017
31.207, -0.059, -0.007, -0.019
31.224, -0.090, 0.026, -0.027
31.240, -0.070, -0.027, -0.012
31.257, -0.071, -0.027, -0.019
31.274, -0.084, 0.021, -0.030
31.290, -0.060, -0.002, -0.024
31.307, -0.069, 0.009, -0.031
31.324, -0.107, -0.085, -0.008
31.340, -0.097, -0.094, -0.008
31.357, -0.092, -0.081, -0.007
31.374, -0.063, 0.000, -0.022
31.390, -0.104, -0.096, -0.006
31.407, -0.100, -0.074, -0.007
31.424, -0.077, -0.009, -0.026
31.440, -0.104, -0.085, -0.006
31.457, -0.116, -0.036, -0.011
31.473, -0.075, -0.075, -0.007
31.490, -0.044, 0.023, -0.023
31.507, -0.042, 0.032, -0.021
31.523, -0.073, -0.066, 0.001
31.540, -0.056, -0.005, -0.010
31.557, -0.108, -0.031, -0.003
31.573, -0.063, 0.067, -0.024
31.590, -0.072, 0.062, -0.013
31.606, -0.073, 0.040, -0.009
31.623, -0.030, 0.003, -0.004
31.641, -0.017, 0.084, -0.013
31.657, -0.009, -0.043, 0.009
31.673, -0.061, 0.063, -0.010
31.690, -0.076, 0.042, -0.002
31.707, -0.073, 0.040, -0.000
31.723, -0.079, 0.043, -0.001
31.740, -0.033, 0.007, 0.011
31.757, -0.001, -0.053, 0.023
31.773, 0.031, 0.050, 0.007
31.790, -0.055, 0.063, -0.001
31.808, -0.075, 0.040, 0.006
31.824, -0.078, 0.043, 0.000
31.840, -0.080, 0.042, 0.001
31.857, -0.041, 0.018, 0.003
31.874, -0.009, 0.024, 0.008
31.890, -0.024, 0.012, 0.012
31.907, -0.004, -0.047, 0.020
31.924, -0.060, -0.084, 0.031
31.940, -0.042, 0.008, 0.008
31.957, -0.028, 0.013, 0.012
31.974, -0.063, -0.096, 0.033
31.990, -0.032, 0.011, 0.013
32.007, -0.030, 0.014, 0.012
32.023, 0.037, 0.059, 0.000
32.040, 0.020, 0.027, -0.000
32.057, -0.019, -0.049, 0.013
32.073, -0.020, -0.053, 0.013
32.090, 0.015, 0.045, -0.004
32.106, 0.039, 0.060, -0.005
32.123, 0.034, 0.062, -0.007
32.140, -0.014, -0.042, 0.009
32.156, -0.015, -0.050, 0.010
32.173, -0.021, -0.048, 0.008
32.190, -0.006, -0.053, 0.011
32.206, -0.007, -0.054, 0.010
32.223, 0.018, 0.020, -0.006
32.240, 0.021, 0.034, -0.003
32.256, 0.004, 0.006, -0.005
32.273, -0.015, -0.060, 0.005
32.290, -0.013, -0.057, 0.003
32.307, -0.016, -0.054, 0.004
32.323, -0.046, 0.001, -0.009
32.340, -0.016, -0.047, -0.000
32.357, -0.021, -0.045, -0.000
32.373, -0.047, 0.005, -0.012
32.390, -0.023, -0.047, -0.003
32.406, -0.009, -0.057, 0.003
32.423, -0.020, -0.034, -0.004
32.440, 0.018, 0.028, -0.014
32.456, -0.037, 0.001, -0.009
32.473, -0.017, -0.031, -0.004
32.490, -0.000, 0.040, -0.022
32.506, -0.002, 0.038, -0.023
32.523, -0.024, -0.034, -0.010
32.540, -0.036, -0.004, -0.010
32.557, 0.004, 0.045, -0.025
32.573, -0.014, -0.028, -0.011
32.590, -0.026, -0.041, -0.014
32.607, -0.019, -0.037, -0.016
32.623, -0.023, -0.042, -0.019
32.640, 0.001, 0.028, -0.032
32.656, -0.005, 0.021, -0.035
32.673, -0.033, 0.045, -0.036
32.690, -0.016, 0.078, -0.041
32.707, -0.045, 0.005, -0.025
32.724, -0.040, -0.004, -0.023
32.740, -0.044, 0.002, -0.026
32.757, -0.033, -0.009, -0.022
32.773, -0.005, 0.092, -0.041
32.790, 0.007, 0.121, -0.044
32.806, -0.006, 0.093, -0.043
32.823, -0.026, 0.022, -0.030
32.840, -0.030, 0.065, -0.041
32.859, -0.020, 0.102, -0.046
32.873, -0.055, -0.007, -0.020
32.890, -0.036, -0.002, -0.017
32.909, -0.042, 0.003, -0.020
32.923, -0.024, 0.019, -0.024
32.940, -0.019, -0.004, -0.018
32.957, -0.020, -0.008, -0.016
32.973, -0.020, -0.004, -0.013
32.991, -0.032, -0.000, -0.016
33.007, -0.049, -0.010, -0.016
33.023, -0.045, -0.001, -0.018
33.040, -0.047, -0.003, -0.014
33.056, -0.043, 0.001, -0.016
33.073, -0.029, -0.014, -0.007
33.090, -0.043, 0.015, -0.008
33.106, -0.038, 0.021, -0.003
33.123, -0.045, 0.023, 0.005
33.140, -0.055, -0.035, 0.028
33.156, -0.035, 0.046, 0.013
33.173, -0.065, 0.082, 0.023
33.190, -0.064, 0.090, 0.027
33.206, -0.091, -0.019, 0.066
33.224, -0.086, 0.287, 0.059
33.240, 0.098, 0.272, 0.063
33.256, 0.125, 0.285, 0.036
33.273, 0.207, 0.146, -0.038
33.290, 0.197, 0.003, -0.096
33.306, 0.202, -0.005, -0.162
33.323, 0.017, 0.061, -0.232
33.340, -0.104, -0.018, -0.255
33.357, -0.028, -0.041, -0.231
33.373, -0.042, 0.019, -0.213
33.390, -0.078, 0.032, -0.217
33.406, -0.049, 0.009, -0.197
33.423, -0.049, 0.023, -0.205
33.440, 0.001, 0.107, -0.224
33.456, -0.104, -0.027, -0.200
33.473, -0.036, 0.034, -0.209
33.490, -0.023, 0.046, -0.216
33.506, -0.002, 0.114, -0.224
33.523, -0.014, 0.106, -0.221
33.540, -0.075, 0.067, -0.223
33.556, -0.026, 0.039, -0.211
33.573, -0.075, 0.069, -0.222
33.590, -0.082, 0.049, -0.218
33.606, -0.006, 0.096, -0.220
33.623, -0.038, 0.036, -0.212
33.640, -0.025, 0.038, -0.211
33.656, -0.001, 0.115, -0.222
33.673, -0.025, 0.038, -0.212
33.690, -0.026, 0.038, -0.211
33.707, -0.010, 0.089, -0.222
33.723, -0.025, 0.038, -0.211
33.740, -0.025, 0.038, -0.211
33.756, -0.003, 0.123, -0.224
33.773, -0.028, 0.031, -0.209
33.790, -0.007, 0.110, -0.224
33.806, -0.028, 0.038, -0.210
33.823, -0.029, 0.031, -0.210
33.840, -0.027, 0.038, -0.211
33.857, 0.003, 0.130, -0.223
33.873, -0.011, 0.092, -0.222
33.890, -0.023, 0.041, -0.210
33.907, -0.025, 0.039, -0.212
33.923, -0.071, 0.083, -0.225
33.940, -0.022, 0.041, -0.209
33.957, -0.025, 0.038, -0.211
33.973, -0.010, 0.093, -0.222
33.990, -0.022, 0.041, -0.210
34.006, 0.001, 0.128, -0.225
34.024, -0.023, 0.040, -0.210
34.040, -0.026, 0.039, -0.211
34.057, -0.075, 0.069, -0.223
34.074, -0.021, 0.041, -0.210
34.090, -0.024, 0.045, -0.216
34.107, -0.000, 0.127, -0.225
34.124, -0.001, 0.115, -0.223
34.140, -0.044, 0.026, -0.211
34.157, -0.026, 0.038, -0.211
34.174, -0.074, 0.068, -0.223
34.190, -0.025, 0.038, -0.211
34.207, -0.008, 0.123, -0.222
34.224, -0.044, 0.026, -0.211
34.240, -0.025, 0.038, -0.211
34.257, -0.099, -0.009, -0.205
34.274, -0.101, -0.011, -0.204
34.290, -0.004, 0.113, -0.224
34.307, -0.023, 0.100, -0.224
34.323, -0.025, 0.039, -0.211
34.340, -0.075, 0.067, -0.222
34.357, 0.008, 0.056, -0.215
34.374, -0.003, 0.116, -0.225
34.390, -0.015, -0.018, -0.202
34.407, 0.000, 0.117, -0.223
34.423, -0.004, 0.112, -0.225
34.440, -0.001, 0.114, -0.223
34.457, -0.012, 0.121, -0.225
34.473, -0.038, 0.037, -0.213
34.490, -0.000, 0.115, -0.223
34.506, -0.000, 0.127, -0.225
34.523, -0.002, 0.125, -0.224
34.540, -0.022, 0.041, -0.210
34.556, -0.026, 0.039, -0.211
34.573, -0.000, 0.116, -0.223
34.590, -0.026, 0.038, -0.211
34.606, -0.026, 0.038, -0.211
34.623, -0.026, 0.048, -0.213
34.640, -0.003, 0.114, -0.223
34.656, -0.026, 0.038, -0.211
34.673, -0.001, 0.115, -0.223
34.690, -0.001, 0.126, -0.225
34.707, 0.000, 0.129, -0.225
34.723, -0.023, 0.099, -0.225
34.740, -0.024, 0.040, -0.212
34.756, -0.088, 0.076, -0.230
34.773, -0.070, 0.083, -0.225
34.790, -0.002, 0.117, -0.225
34.807, -0.043, 0.022, -0.210
34.823, -0.025, 0.039, -0.211
34.840, -0.026, 0.038, -0.211
34.857, -0.074, 0.068, -0.223
34.874, -0.024, 0.039, -0.211
34.890, -0.070, 0.082, -0.225
34.907, -0.001, 0.127, -0.224
34.923, -0.025, 0.039, -0.212
34.940, -0.042, 0.022, -0.210
34.956, -0.081, 0.077, -0.220
34.973, 0.031, 0.082, -0.214
34.990, -0.075, 0.068, -0.222
35.007, -0.003, 0.115, -0.224
35.023, -0.074, 0.070, -0.223
35.040, 0.004, 0.131, -0.223
35.057, -0.000, 0.116, -0.223
35.073, 0.029, 0.080, -0.215
35.090, -0.000, 0.116, -0.223
35.107, -0.011, 0.093, -0.222
35.124, 0.001, 0.129, -0.225
35.140, -0.006, 0.112, -0.224
35.157, -0.044, 0.026, -0.211
35.173, -0.006, 0.096, -0.220
35.190, -0.071, 0.082, -0.225
35.207, -0.075, 0.069, -0.223
35.223, -0.001, 0.114, -0.222
35.240, 0.000, 0.127, -0.225
35.257, 0.002, 0.131, -0.225
35.273, -0.010, 0.119, -0.222
35.290, -0.075, 0.070, -0.223
35.306, -0.002, 0.114, -0.223
35.323, -0.001, 0.126, -0.224
35.340, -0.024, 0.039, -0.212
35.356, -0.011, 0.093, -0.221
35.374, -0.026, 0.039, -0.212
35.390, -0.026, 0.038, -0.211
35.406, -0.006, 0.111, -0.224
35.423, 0.001, 0.129, -0.225
35.440, -0.027, 0.038, -0.211
35.456, -0.006, 0.110, -0.224
35.473, -0.025, 0.039, -0.211
35.490, -0.005, 0.110, -0.224
35.506, -0.026, 0.038, -0.211
35.523, -0.026, 0.039, -0.211
35.540, -0.023, 0.101, -0.225
35.556, -0.023, 0.041, -0.210
35.573, 0.001, 0.127, -0.225
35.590, -0.001, 0.114, -0.223
35.606, -0.026, 0.038, -0.211
35.623, -0.005, 0.111, -0.224
35.640, -0.000, 0.117, -0.223
35.656, -0.026, 0.038, -0.211
35.673, -0.026, 0.038, -0.211
35.690, -0.023, 0.041, -0.210
35.706, -0.005, 0.112, -0.225
35.723, -0.001, 0.116, -0.223
35.740, -0.026, 0.038, -0.211
35.756, -0.025, 0.039, -0.212
35.773, 0.000, 0.117, -0.224
35.790, -0.044, 0.027, -0.211
35.806, -0.028, 0.030, -0.210
35.823, -0.044, 0.027, -0.211
35.840, -0.025, 0.039, -0.211
35.856, -0.026, 0.038, -0.211
35.873, -0.026, 0.039, -0.211
35.890, -0.027, 0.038, -0.211
35.906, -0.005, 0.113, -0.224
35.923, -0.026, 0.038, -0.211
35.940, -0.024, 0.039, -0.211
35.956, -0.005, 0.112, -0.224
35.973, -0.025, 0.040, -0.211
35.990, 0.001, 0.129, -0.225
36.006, -0.045, 0.026, -0.211
36.023, -0.024, 0.039, -0.212
36.040, -0.019, 0.116, -0.226
36.056, -0.018, 0.116, -0.226
36.073, 0.001, 0.131, -0.225
36.090, -0.071, 0.081, -0.225
36.106, -0.025, 0.038, -0.212
36.123, -0.071, 0.082, -0.225
36.140, -0.023, 0.040, -0.210
36.156, -0.021, 0.041, -0.211
36.173, -0.019, 0.114, -0.226
36.190, -0.021, 0.043, -0.210
36.206, -0.100, -0.009, -0.204
36.223, -0.005, 0.112, -0.224
36.240, 0.004, 0.131, -0.223
36.256, -0.026, 0.037, -0.211
36.273, 0.005, 0.131, -0.224
36.290, -0.099, -0.008, -0.205
36.306, -0.025, 0.039, -0.212
36.323, -0.021, 0.042, -0.210
36.340, -0.001, 0.125, -0.224
36.356, -0.025, 0.040, -0.212
36.373, -0.035, 0.033, -0.208
36.390, -0.025, 0.039, -0.211
36.406, -0.022, 0.041, -0.211
36.423, -0.027, 0.038, -0.211
36.440, -0.025, 0.039, -0.212
36.456, -0.025, 0.039, -0.212
36.473, -0.044, 0.026, -0.211
36.490, -0.025, 0.040, -0.211
36.506, -0.023, 0.099, -0.225
36.523, -0.025, 0.039, -0.211
36.540, -0.026, 0.039, -0.211
36.556, -0.024, 0.041, -0.210
36.573, -0.028, 0.030, -0.210
36.590, -0.001, 0.126, -0.225
36.607, -0.028, 0.031, -0.210
36.623, -0.024, 0.039, -0.212
36.640, -0.003, 0.124, -0.225
36.657, -0.032, 0.035, -0.213
36.674, -0.027, 0.038, -0.211
36.690, -0.026, 0.038, -0.211
36.707, -0.027, 0.032, -0.210
36.723, -0.002, 0.125, -0.225
36.740, -0.022, 0.042, -0.210
36.757, -0.004, 0.115, -0.224
36.773, -0.026, 0.039, -0.211
36.790, -0.021, 0.042, -0.211
36.807, -0.010, 0.093, -0.222
36.824, -0.022, 0.041, -0.211
36.840, -0.029, 0.042, -0.214
36.857, -0.056, 0.091, -0.228
36.874, -0.021, 0.042, -0.211
36.890, -0.070, 0.081, -0.225
36.907, -0.024, 0.039, -0.211
36.923, -0.036, 0.032, -0.208
36.940, -0.025, 0.039, -0.212
36.957, -0.025, 0.039, -0.212
36.974, -0.044, 0.027, -0.211
36.990, 0.001, 0.129, -0.226
37.007, -0.025, 0.039, -0.212
37.023, -0.001, 0.127, -0.225
37.040, -0.025, 0.039, -0.212
37.057, -0.002, 0.113, -0.223
37.073, -0.003, 0.114, -0.225
37.090, -0.026, 0.039, -0.211
37.107, -0.076, 0.068, -0.222
37.123, -0.024, 0.039, -0.212
37.140, -0.007, 0.093, -0.220
37.157, -0.003, 0.112, -0.222
37.173, -0.024, 0.040, -0.212
37.190, -0.081, 0.047, -0.217
37.207, -0.014, 0.104, -0.221
37.223, -0.026, 0.038, -0.211
37.240, -0.002, 0.125, -0.224
37.257, -0.002, 0.114, -0.222
37.273, 0.029, 0.079, -0.215
37.290, 0.003, 0.130, -0.223
37.307, 0.000, 0.128, -0.225
37.323, -0.000, 0.126, -0.225
37.340, -0.026, 0.038, -0.211
37.357, -0.025, 0.038, -0.211
37.373, -0.026, 0.038, -0.211
37.390, -0.026, 0.038, -0.211
37.407, -0.000, 0.126, -0.225
37.423, -0.009, 0.123, -0.222
37.440, -0.026, 0.038, -0.212
37.457, -0.002, 0.133, -0.228
37.473, -0.001, 0.115, -0.223
37.490, -0.000, 0.127, -0.225
37.507, -0.006, 0.113, -0.224
37.523, -0.044, 0.027, -0.211
37.541, -0.025, 0.038, -0.211
37.557, -0.026, 0.038, -0.211
37.573, -0.099, -0.008, -0.204
37.590, -0.010, 0.094, -0.222
37.607, 0.003, 0.129, -0.223
37.623, -0.026, 0.038, -0.211
37.640, -0.026, 0.039, -0.211
37.657, -0.000, 0.116, -0.223
37.673, -0.025, 0.039, -0.212
37.690, -0.004, 0.114, -0.224
37.706, -0.027, 0.037, -0.211
37.723, -0.003, 0.115, -0.224
37.740, -0.002, 0.125, -0.224
37.757, -0.023, 0.099, -0.225
37.773, -0.028, 0.031, -0.210
37.790, -0.028, 0.038, -0.210
37.807, -0.026, 0.038, -0.212
37.823, -0.026, 0.039, -0.211
37.840, -0.009, 0.121, -0.222
37.857, -0.026, 0.038, -0.211
37.873, -0.038, 0.037, -0.212
37.890, -0.022, 0.041, -0.210
37.907, 0.030, 0.081, -0.215
37.923, -0.028, 0.038, -0.211
37.940, -0.000, 0.116, -0.223
37.957, -0.000, 0.127, -0.225
37.973, -0.017, 0.105, -0.224
37.990, 0.000, 0.128, -0.225
38.006, -0.038, 0.037, -0.213
38.023, 0.000, 0.116, -0.223
38.040, -0.038, 0.036, -0.213
38.057, -0.038, 0.037, -0.213
38.073, -0.012, 0.107, -0.221
38.090, -0.038, 0.037, -0.213
38.106, -0.039, 0.037, -0.213
38.123, -0.043, 0.022, -0.210
38.140, -0.025, 0.040, -0.212
38.156, 0.001, 0.118, -0.223
38.173, -0.005, 0.111, -0.225
38.190, 0.001, 0.131, -0.225
38.207, 0.007, 0.055, -0.215
38.223, -0.024, 0.039, -0.212
38.240, -0.071, 0.082, -0.225
38.257, -0.043, 0.023, -0.210
38.273, -0.008, 0.098, -0.223
38.290, -0.039, 0.036, -0.212
38.307, -0.026, 0.038, -0.211
38.323, -0.026, 0.039, -0.211
38.340, 0.023, 0.064, -0.214
38.356, -0.027, 0.038, -0.211
38.373, -0.001, 0.125, -0.225
38.390, -0.023, 0.040, -0.210
38.407, -0.025, 0.039, -0.211
38.424, -0.027, 0.038, -0.211
38.440, -0.001, 0.115, -0.223
38.457, -0.004, 0.114, -0.225
38.473, -0.026, 0.038, -0.211
38.490, -0.026, 0.039, -0.211
38.506, -0.001, 0.127, -0.225
38.523, 0.003, 0.129, -0.223
38.540, -0.029, 0.030, -0.210
38.556, -0.001, 0.127, -0.225
38.573, 0.004, 0.130, -0.224
38.590, -0.027, 0.038, -0.211
38.606, -0.028, 0.032, -0.210
38.623, -0.002, 0.115, -0.223
38.640, -0.025, 0.039, -0.212
38.656, -0.026, 0.039, -0.211
38.673, -0.026, 0.038, -0.211
38.690, -0.026, 0.040, -0.211
38.707, 0.004, 0.131, -0.223
38.723, -0.026, 0.039, -0.212
38.740, -0.028, 0.030, -0.210
38.756, -0.023, 0.039, -0.210
38.773, 0.000, 0.129, -0.225
38.790, -0.001, 0.117, -0.223
38.806, -0.002, 0.125, -0.225
38.823, -0.025, 0.039, -0.212
38.840, -0.024, 0.040, -0.210
38.856, -0.003, 0.124, -0.225
38.873, -0.026, 0.038, -0.212
38.890, -0.003, 0.111, -0.223
38.906, -0.028, 0.031, -0.210
38.923, -0.001, 0.127, -0.225
38.940, -0.099, -0.008, -0.204
38.956, -0.025, 0.040, -0.212
38.973, -0.018, 0.115, -0.226
38.990, -0.026, 0.039, -0.211
39.006, -0.025, 0.039, -0.212
39.023, -0.074, 0.068, -0.222
39.040, -0.007, 0.096, -0.221
39.056, -0.026, 0.038, -0.211
39.073, -0.006, 0.111, -0.224
39.090, -0.026, 0.038, -0.211
39.106, -0.027, 0.038, -0.211
39.123, -0.001, 0.115, -0.223
39.140, -0.027, 0.038, -0.211
39.156, -0.028, 0.030, -0.210
39.173, -0.025, 0.033, -0.209
39.190, -0.028, 0.032, -0.211
39.206, 0.003, 0.130, -0.224
39.223, -0.027, 0.038, -0.211
39.240, 0.002, 0.130, -0.225
39.256, -0.028, 0.031, -0.210
39.273, -0.026, 0.038, -0.211
39.290, -0.025, 0.039, -0.211
39.306, -0.014, 0.107, -0.221
39.323, 0.001, 0.128, -0.225
39.340, -0.026, 0.038, -0.211
39.357, -0.002, 0.113, -0.222
39.373, -0.025, 0.039, -0.212
39.390, -0.001, 0.114, -0.223
39.407, -0.000, 0.127, -0.225
39.423, -0.025, 0.038, -0.211
39.440, -0.026, 0.037, -0.211
39.457, -0.018, 0.116, -0.226
39.473, -0.026, 0.038, -0.211
39.490, -0.071, 0.082, -0.224
39.507, -0.025, 0.039, -0.211
39.524, -0.005, 0.112, -0.224
39.540, -0.006, 0.111, -0.224
39.557, -0.004, 0.112, -0.224
39.573, -0.028, 0.037, -0.211
39.590, -0.025, 0.039, -0.212
39.607, -0.026, 0.039, -0.211
39.624, -0.022, 0.041, -0.210
39.640, -0.025, 0.039, -0.211
39.657, -0.026, 0.038, -0.212
39.673, -0.013, 0.107, -0.221
39.690, -0.024, 0.040, -0.212
39.707, -0.029, 0.031, -0.210
39.723, -0.000, 0.116, -0.223
39.740, -0.026, 0.038, -0.211
39.756, -0.027, 0.038, -0.211
39.773, -0.006, 0.111, -0.224
39.790, -0.027, 0.031, -0.210
39.807, -0.001, 0.114, -0.223
39.824, -0.027, 0.037, -0.211
39.840, -0.028, 0.031, -0.210
39.857, -0.025, 0.045, -0.213
39.873, -0.028, 0.031, -0.210
39.890, -0.001, 0.115, -0.223
39.907, -0.081, 0.048, -0.218
39.923, -0.025, 0.039, -0.211
