0.052, 0.000, 0.000, 0.000
0.073, 0.000, 0.000, 0.000
0.093, 0.000, 0.000, 0.000
0.113, 0.000, 0.000, 0.000
0.132, 0.000, 0.000, 0.000
0.152, 0.000, 0.000, 0.000
0.173, 0.000, 0.000, 0.000
0.193, 0.000, 0.000, 0.000
0.213, 0.000, 0.000, 0.000
0.232, 0.000, 0.000, 0.000
0.253, 0.000, 0.000, 0.000
0.273, 0.000, 0.000, 0.000
0.293, 0.000, 0.000, 0.000
0.313, 0.000, 0.000, 0.000
0.332, 0.000, 0.000, 0.000
0.353, 0.000, 0.000, 0.000
0.373, 0.000, 0.000, 0.000
0.393, 0.000, 0.000, 0.000
0.412, 0.000, 0.000, 0.000
0.433, 0.000, 0.000, 0.000
0.453, 0.000, 0.000, 0.000
0.473, 0.000, 0.000, 0.000
0.492, 0.000, 0.000, 0.000
0.513, 0.000, 0.000, 0.000
0.533, 0.000, 0.000, 0.000
0.553, 0.000, 0.000, 0.000
0.573, 0.000, 0.000, 0.000
0.592, 0.000, 0.000, 0.000
0.612, 0.000, 0.000, 0.000
0.633, 0.000, 0.000, 0.000
0.653, 0.000, 0.000, 0.000
0.673, 0.000, 0.000, 0.000
0.693, 0.000, 0.000, 0.000
0.712, 0.000, 0.000, 0.000
0.732, 0.000, 0.000, 0.000
0.753, 0.000, 0.000, 0.000
0.773, 0.000, 0.000, 0.000
0.793, 0.000, 0.000, 0.000
0.812, 0.000, 0.000, 0.000
0.832, 0.000, 0.000, 0.000
0.853, 0.000, 0.000, 0.000
0.873, 0.000, 0.000, 0.000
0.893, 0.000, 0.000, 0.000
0.912, 0.000, 0.000, 0.000
0.933, 0.000, 0.000, 0.000
0.953, 0.000, 0.000, 0.000
0.973, 0.000, 0.000, 0.000
0.992, 0.000, 0.000, 0.000
1.013, 0.000, 0.000, 0.000
1.033, 0.000, 0.000, 0.000
1.053, 0.000, 0.000, 0.000
1.073, 0.000, 0.000, 0.000
1.092, 0.000, 0.000, 0.000
1.113, 0.000, 0.000, 0.000
1.133, 0.000, 0.000, 0.000
1.153, 0.000, 0.000, 0.000
1.173, 0.000, 0.000, 0.000
1.193, 0.000, 0.000, 0.000
1.212, 0.000, 0.000, 0.000
1.232, 0.000, 0.000, 0.000
1.253, 0.000, 0.000, 0.000
1.273, 0.000, 0.000, 0.000
1.293, 0.000, 0.000, 0.000
1.312, 0.000, 0.000, 0.000
1.332, 0.000, 0.000, 0.000
1.353, 0.000, 0.000, 0.000
1.373, 0.000, 0.000, 0.000
1.393, 0.000, 0.000, 0.000
1.413, 0.000, 0.000, 0.000
1.432, 0.000, 0.000, 0.000
1.453, 0.000, 0.000, 0.000
1.473, 0.000, 0.000, 0.000
1.493, 0.000, 0.000, 0.000
1.513, 0.000, 0.000, 0.000
1.532, 0.000, 0.000, 0.000
1.553, 0.000, 0.000, 0.000
1.573, 0.000, 0.000, 0.000
1.593, 0.000, 0.000, 0.000
1.613, 0.000, 0.000, 0.000
1.633, 0.000, 0.000, 0.000
1.652, 0.000, 0.000, 0.000
1.673, 0.000, 0.000, 0.000
1.693, 0.000, 0.000, 0.000
1.713, 0.000, 0.000, 0.000
1.733, 0.000, 0.000, 0.000
1.752, 0.000, 0.000, 0.000
1.772, 0.000, 0.000, 0.000
1.793, 0.000, 0.000, 0.000
1.813, 0.000, 0.000, 0.000
1.833, 0.000, 0.000, 0.000
1.853, 0.000, 0.000, 0.000
1.872, 0.000, 0.000, 0.000
1.892, 0.000, 0.000, 0.000
1.912, 0.000, 0.000, 0.000
1.933, 0.000, 0.000, 0.000
1.953, 0.000, 0.000, 0.000
1.973, 0.000, 0.000, 0.000
1.993, 0.000, 0.000, 0.000
2.012, 0.000, 0.000, 0.000
2.033, 0.000, 0.000, 0.000
2.053, 0.000, 0.000, 0.000
2.073, 0.000, 0.000, 0.000
2.093, 0.000, 0.000, 0.000
2.113, 0.000, 0.000, 0.000
2.132, 0.000, 0.000, 0.000
2.153, 0.000, 0.000, 0.000
2.173, 0.000, 0.000, 0.000
2.193, 0.000, 0.000, 0.000
2.213, 0.000, 0.000, 0.000
2.232, 0.000, 0.000, 0.000
2.252, 0.000, 0.000, 0.000
2.273, 0.000, 0.000, 0.000
2.293, 0.000, 0.000, 0.000
2.313, 0.000, 0.000, 0.000
2.333, 0.000, 0.000, 0.000
2.352, 0.000, 0.000, 0.000
2.373, 0.000, 0.000, 0.000
2.393, 0.000, 0.000, 0.000
2.412, 0.000, 0.000, 0.000
2.432, 0.000, 0.000, 0.000
2.453, 0.000, 0.000, 0.000
2.473, 0.000, 0.000, 0.000
2.493, 0.000, 0.000, 0.000
2.513, 0.000, 0.000, 0.000
2.532, 0.000, 0.000, 0.000
2.552, 0.000, 0.000, 0.000
2.573, 0.000, 0.000, 0.000
2.593, 0.000, 0.000, 0.000
2.613, 0.000, 0.000, 0.000
2.633, 0.000, 0.000, 0.000
2.652, 0.000, 0.000, 0.000
2.673, 0.000, 0.000, 0.000
2.693, 0.000, 0.000, 0.000
2.713, 0.000, 0.000, 0.000
2.733, 0.000, 0.000, 0.000
2.753, 0.000, 0.000, 0.000
2.772, 0.000, 0.000, 0.000
2.793, 0.000, 0.000, 0.000
2.813, 0.000, 0.000, 0.000
2.833, 0.000, 0.000, 0.000
2.853, 0.000, 0.000, 0.000
2.873, 0.000, 0.000, 0.000
2.892, 0.000, 0.000, 0.000
2.913, 0.000, 0.000, 0.000
2.933, 0.000, 0.000, 0.000
2.953, 0.000, 0.000, 0.000
2.973, 0.000, 0.000, 0.000
2.993, 0.000, 0.000, 0.000
3.012, 0.000, 0.000, 0.000
3.032, 0.000, 0.000, 0.000
3.052, 0.000, 0.000, 0.000
3.073, 0.000, 0.000, 0.000
3.093, 0.000, 0.000, 0.000
3.113, 0.000, 0.000, 0.000
3.133, 0.000, 0.000, 0.000
3.153, 0.000, 0.000, 0.000
3.173, 0.000, 0.000, 0.000
3.193, 0.000, 0.000, 0.000
3.212, 0.000, 0.000, 0.000
3.232, 0.000, 0.000, 0.000
3.253, 0.000, 0.000, 0.000
3.273, 0.000, 0.000, 0.000
3.293, 0.000, 0.000, 0.000
3.313, 0.000, 0.000, 0.000
3.332, 0.000, 0.000, 0.000
3.352, 0.000, 0.000, 0.000
3.373, 0.000, 0.000, 0.000
3.393, 0.000, 0.000, 0.000
3.413, 0.000, 0.000, 0.000
3.433, 0.000, 0.000, 0.000
3.452, 0.000, 0.000, 0.000
3.472, 0.000, 0.000, 0.000
3.493, 0.000, 0.000, 0.000
3.513, 0.000, 0.000, 0.000
3.533, 0.000, 0.000, 0.000
3.553, 0.000, 0.000, 0.000
3.572, 0.000, 0.000, 0.000
3.592, 0.000, 0.000, 0.000
3.613, 0.000, 0.000, 0.000
3.633, 0.000, 0.000, 0.000
3.653, 0.000, 0.000, 0.000
3.673, 0.000, 0.000, 0.000
3.692, 0.000, 0.000, 0.000
3.712, 0.000, 0.000, 0.000
3.733, 0.000, 0.000, 0.000
3.753, 0.000, 0.000, 0.000
3.774, 0.000, 0.000, 0.000
3.793, 0.000, 0.000, 0.000
3.813, 0.000, 0.000, 0.000
3.832, 0.000, 0.000, 0.000
3.852, 0.000, 0.000, 0.000
3.872, 0.000, 0.000, 0.000
3.893, 0.000, 0.000, 0.000
3.913, 0.000, 0.000, 0.000
3.933, 0.000, 0.000, 0.000
3.953, 0.000, 0.000, 0.000
3.972, 0.000, 0.000, 0.000
3.992, 0.000, 0.000, 0.000
4.012, 0.000, 0.000, 0.000
4.033, 0.000, 0.000, 0.000
4.053, 0.000, 0.000, 0.000
4.073, 0.000, 0.000, 0.000
4.092, 0.000, 0.000, 0.000
4.112, 0.000, 0.000, 0.000
4.133, 0.000, 0.000, 0.000
4.153, 0.000, 0.000, 0.000
4.173, 0.000, 0.000, 0.000
4.193, 0.000, 0.000, 0.000
4.212, 0.000, 0.000, 0.000
4.232, 0.000, 0.000, 0.000
4.253, 0.000, 0.000, 0.000
4.273, 0.000, 0.000, 0.000
4.293, 0.000, 0.000, 0.000
4.313, 0.000, 0.000, 0.000
4.333, 0.000, 0.000, 0.000
4.352, 0.000, 0.000, 0.000
4.373, 0.000, 0.000, 0.000
4.394, 0.000, 0.000, 0.000
4.413, 0.000, 0.000, 0.000
4.433, 0.000, 0.000, 0.000
4.453, 0.000, 0.000, 0.000
4.472, 0.000, 0.000, 0.000
4.492, 0.000, 0.000, 0.000
4.513, 0.000, 0.000, 0.000
4.533, 0.000, 0.000, 0.000
4.553, 0.000, 0.000, 0.000
4.573, 0.000, 0.000, 0.000
4.592, 0.000, 0.000, 0.000
4.612, 0.000, 0.000, 0.000
4.632, 0.000, 0.000, 0.000
4.653, 0.000, 0.000, 0.000
4.673, 0.000, 0.000, 0.000
4.692, 0.000, 0.000, 0.000
4.713, 0.000, 0.000, 0.000
4.733, 0.000, 0.000, 0.000
4.753, 0.000, 0.000, 0.000
4.773, 0.000, 0.000, 0.000
4.793, 0.000, 0.000, 0.000
4.812, 0.000, 0.000, 0.000
4.833, 0.000, 0.000, 0.000
4.853, 0.000, 0.000, 0.000
4.873, 0.000, 0.000, 0.000
4.893, 0.000, 0.000, 0.000
4.912, 0.000, 0.000, 0.000
4.932, 0.000, 0.000, 0.000
4.953, 0.000, 0.000, 0.000
4.973, 0.000, 0.000, 0.000
4.993, 0.000, 0.000, 0.000
5.013, 0.000, 0.000, 0.000
5.033, 0.000, 0.000, 0.000
5.052, 0.000, 0.000, 0.000
5.073, 0.000, 0.000, 0.000
5.093, 0.000, 0.000, 0.000
5.113, 0.000, 0.000, 0.000
5.133, 0.000, 0.000, 0.000
5.154, 0.000, 0.000, 0.000
5.173, 0.000, 0.000, 0.000
5.193, 0.000, 0.000, 0.000
5.213, 0.000, 0.000, 0.000
5.232, 0.000, 0.000, 0.000
5.253, 0.000, 0.000, 0.000
5.273, 0.000, 0.000, 242.194
5.294, 0.000, 0.000, 494.782
5.313, 0.000, 0.000, 724.634
5.332, 0.000, 0.000, 954.981
5.352, 0.000, 0.000, 1196.797
5.373, 0.000, 0.000, 1438.620
5.393, 0.000, 0.000, 1680.379
5.413, 0.000, 0.000, 1922.112
5.433, 0.000, 0.000, 2163.794
5.453, 0.000, 0.000, 2405.834
5.472, 0.000, 0.000, 2635.680
5.493, 0.000, 0.000, 2880.873
5.513, 0.000, 0.000, 3122.723
5.533, 0.000, 0.000, 3364.511
5.552, 0.000, 0.000, 3593.608
5.572, 0.000, 0.000, 3835.496
5.593, 0.000, 0.000, 4082.093
5.613, 0.000, 0.000, 4323.858
5.633, 0.000, 0.000, 4565.691
5.652, 0.000, 0.000, 4795.918
5.673, 0.000, 0.000, 5038.733
5.693, 0.000, 0.000, 5280.652
5.713, 0.000, 0.000, 5522.455
5.733, 0.000, 0.000, 5764.237
5.753, 0.000, 0.000, 6006.039
5.772, 0.000, 0.000, 6236.269
5.793, 0.000, 0.000, 6478.383
5.813, 0.000, 0.000, 6723.041
5.833, 0.000, 0.000, 6964.812
5.852, 0.000, 0.000, 7193.931
5.872, 0.000, 0.000, 7436.027
5.893, 0.000, 0.000, 7679.455
5.913, 0.000, 0.000, 7921.283
5.933, 0.000, 0.000, 8163.846
5.953, 0.000, 0.000, 8405.683
5.972, 0.000, 0.000, 8635.820
5.993, 0.000, 0.000, 8877.631
6.013, 0.000, 0.000, 9119.882
6.033, 0.000, 0.000, 9361.756
6.053, 0.000, 0.000, 9603.618
6.073, 0.000, 0.000, 9845.412
6.092, 0.000, 0.000, 10075.879
6.113, 0.000, 0.000, 10319.018
6.133, 0.000, 0.000, 10560.828
6.153, 0.000, 0.000, 10803.057
6.173, 0.000, 0.000, 11045.076
6.192, 0.000, 0.000, 11274.170
6.212, 0.000, 0.000, 11517.512
6.233, 0.000, 0.000, 11759.826
6.253, 0.000, 0.000, 12001.634
6.273, 0.000, 0.000, 12243.645
6.293, 0.000, 0.000, 12485.484
6.312, 0.000, 0.000, 12715.199
6.332, 0.000, 0.000, 12957.082
6.353, 0.000, 0.000, 13198.919
6.373, 0.000, 0.000, 13440.801
6.393, 0.000, 0.000, 13682.638
6.413, 0.000, 0.000, 13925.387
6.432, 0.000, 0.000, 14155.164
6.452, 0.000, 0.000, 14396.935
6.473, 0.000, 0.000, 14638.760
6.493, 0.000, 0.000, 14880.650
6.513, 0.000, 0.000, 15122.424
6.533, 0.000, 0.000, 15364.518
6.552, 0.000, 0.000, 15593.683
6.572, 0.000, 0.000, 15835.499
6.592, 0.000, 0.000, 16077.256
6.613, 0.000, 0.000, 16319.894
6.633, 0.000, 0.000, 16561.898
6.653, 0.000, 0.000, 16803.766
6.673, 0.000, 0.000, 17045.668
6.692, 0.000, 0.000, 17275.523
6.712, 0.000, 0.000, 17517.264
6.733, 0.000, 0.000, 17759.041
6.753, 0.000, 0.000, 18000.785
6.773, 0.000, 0.000, 18242.605
6.793, 0.000, 0.000, 18484.539
6.812, 0.000, 0.000, 18713.645
6.832, 0.000, 0.000, 18955.373
6.852, 0.000, 0.000, 19197.047
6.873, 0.000, 0.000, 19438.938
6.893, 0.000, 0.000, 19680.730
6.913, 0.000, 0.000, 19923.490
6.933, 0.000, 0.000, 20165.342
6.952, 0.000, 0.000, 20395.125
6.972, 0.000, 0.000, 20636.898
6.993, 0.000, 0.000, 20878.666
7.013, 0.000, 0.000, 21120.654
7.033, 0.000, 0.000, 21362.441
7.053, 0.000, 0.000, 21604.256
7.072, 0.000, 0.000, 21833.764
7.092, 0.000, 0.000, 22075.791
7.112, 0.000, 0.000, 22317.539
7.133, 0.000, 0.000, 22559.318
7.153, 0.000, 0.000, 22800.875
7.173, 0.000, 0.000, 23042.711
7.193, 0.000, 0.000, 23284.490
7.212, 0.000, 0.000, 23514.070
7.232, 0.000, 0.000, 23756.152
7.252, 0.000, 0.000, 23998.006
7.273, 0.000, 0.000, 24239.820
7.293, 0.000, 0.000, 24481.650
7.313, 0.000, 0.000, 24723.436
7.333, 0.000, 0.000, 24965.480
7.352, 0.000, 0.000, 25194.951
7.372, 0.000, 0.000, 25436.994
7.393, 0.000, 0.000, 25678.842
7.413, 0.000, 0.000, 25920.615
7.433, 0.000, 0.000, 26162.615
7.453, 0.000, 0.000, 26404.492
7.472, 0.000, 0.000, 26633.660
7.492, 0.000, 0.000, 26876.898
7.513, 0.000, 0.000, 27118.658
7.533, 0.000, 0.000, 27360.439
7.553, 0.000, 0.000, 27602.232
7.573, 0.000, 0.000, 27844.207
7.593, 0.000, 0.000, 28086.178
7.613, 0.000, 0.000, 28318.510
7.633, 0.000, 0.000, 28560.246
7.653, 0.000, 0.000, 28802.264
7.673, 0.000, 0.000, 29044.072
7.693, 0.000, 0.000, 29285.900
7.712, 0.000, 0.000, 29515.723
7.735, 0.000, 0.000, 29788.338
7.752, 0.000, 0.000, 29993.771
7.772, 0.000, 0.000, 30235.822
7.792, 0.000, 0.000, 30477.873
7.813, 0.000, 0.000, 30719.996
7.833, 0.000, 0.000, 30961.770
7.853, 0.000, 0.000, 31203.469
7.873, 0.000, 0.000, 31445.076
7.892, 0.000, 0.000, 31674.166
7.912, 0.000, 0.000, 31916.395
7.933, 0.000, 0.000, 32158.348
7.953, 0.000, 0.000, 32400.102
7.973, 0.000, 0.000, 32641.936
7.993, 0.000, 0.000, 32884.660
8.012, 0.000, 0.000, 33113.895
8.032, 0.000, 0.000, 33355.613
8.053, 0.000, 0.000, 33597.871
8.073, 0.000, 0.000, 33840.039
8.093, 0.000, 0.000, 34082.168
8.113, 0.000, 0.000, 34323.859
8.133, 0.000, 0.000, 34566.387
8.152, 0.000, 0.000, 34796.160
8.173, 0.000, 0.000, 35038.039
8.193, 0.000, 0.000, 35284.805
8.212, 0.000, 0.000, 35513.906
8.232, 0.000, 0.000, 35755.812
8.252, 0.000, 0.000, 35997.648
8.273, 0.000, 0.000, 36239.730
8.293, 0.000, 0.000, 36481.660
8.313, 0.000, 0.000, 36723.398
8.333, 0.000, 0.000, 36965.113
8.352, 0.000, 0.000, 37194.223
8.372, 0.000, 0.000, 37436.012
8.393, 0.000, 0.000, 37681.059
8.413, 0.000, 0.000, 37922.453
8.433, 0.000, 0.000, 38164.590
8.452, 0.000, 0.000, 38393.730
8.472, 0.000, 0.000, 38635.840
8.493, 0.000, 0.000, 38878.539
8.513, 0.000, 0.000, 39125.113
8.532, 0.000, 0.000, 39354.277
8.552, 0.000, 0.000, 39596.082
8.573, 0.000, 0.000, 39838.301
8.593, 0.000, 0.000, 40080.023
8.613, 0.000, 0.000, 40322.809
8.633, 0.000, 0.000, 40564.504
8.652, 0.000, 0.000, 40793.676
8.672, 0.000, 0.000, 41035.461
8.692, 0.000, 0.000, 41277.199
8.713, 0.000, 0.000, 41523.770
8.733, 0.000, 0.000, 41765.668
8.773, -8.791, 2.869, 42751.359
8.793, -9.083, 2.703, 42362.574
8.812, -9.110, 2.421, 42426.844
8.832, -9.527, 2.191, 41848.879
8.853, -9.272, 2.356, 42256.320
8.873, -9.482, 2.657, 41660.492
8.893, -9.273, 1.947, 41480.750
8.913, -9.482, 2.483, 41562.332
8.932, -9.382, 1.734, 40730.402
8.952, -9.292, 2.192, 40844.602
8.973, -8.928, 1.622, 41293.422
8.993, -8.632, 1.330, 40887.551
9.013, -8.420, 1.423, 40771.871
9.033, -8.214, 0.858, 39946.234
9.052, -7.860, 1.096, 40459.477
9.072, -7.559, 0.885, 40417.102
9.093, -6.771, 0.384, 40210.543
9.113, -6.682, 0.951, 39756.906
9.133, -5.719, -0.195, 38775.156
9.153, -5.441, 0.327, 39132.996
9.172, -5.264, -0.209, 39599.547
9.193, -4.445, -0.489, 39488.977
9.213, -4.228, -0.217, 39064.816
9.233, -3.499, -0.618, 38706.562
9.253, -3.096, -0.956, 38789.301
9.272, -2.869, -0.881, 38787.711
9.293, -1.768, -0.967, 38383.500
9.313, -1.168, -1.114, 38457.609
9.333, 0.268, -2.079, 38000.000
9.353, -0.316, -1.368, 38425.984
9.373, -0.193, -1.621, 38806.820
9.393, 1.111, -1.802, 38696.645
9.413, 0.957, -1.415, 38088.953
9.433, 2.526, -1.974, 38000.000
9.453, 1.987, -1.477, 38326.422
9.473, 2.018, -1.659, 38691.906
9.493, 2.243, -1.601, 38639.398
9.512, 2.721, -1.820, 38596.707
9.533, 4.076, -2.339, 38098.652
9.553, 3.446, -1.752, 38438.906
9.573, 3.157, -1.564, 38750.973
9.593, 4.045, -1.607, 39014.445
9.613, 3.996, -1.746, 38749.730
9.633, 4.098, -1.546, 38777.605
9.653, 4.175, -1.576, 38939.215
9.673, 4.346, -1.439, 38765.980
9.693, 4.428, -1.441, 39092.125
9.713, 3.910, -1.043, 38952.414
9.732, 4.213, -1.144, 39036.789
9.752, 4.146, -1.072, 39054.512
9.773, 4.362, -1.276, 39214.461
9.794, 3.993, -0.891, 38966.922
9.813, 3.823, -0.854, 39158.348
9.833, 3.773, -0.938, 39256.121
9.853, 3.613, -0.831, 39205.512
9.872, 3.278, -0.558, 38947.539
9.893, 3.014, -0.488, 38913.062
9.912, 2.904, -0.529, 38994.480
9.933, 3.422, -0.863, 38856.195
9.953, 2.378, -0.401, 38943.172
9.973, 2.448, -0.594, 39166.871
9.993, 2.007, -0.534, 39143.906
10.013, 1.650, -0.373, 38974.074
10.033, 2.022, -0.601, 38759.316
10.053, 1.213, -0.378, 39028.477
10.073, 1.068, 0.061, 38611.441
10.093, 0.527, 0.070, 38705.691
10.112, 0.233, 0.238, 38665.988
10.132, 0.302, 0.150, 38428.938
10.153, -0.224, 0.503, 38478.625
10.173, -0.036, -0.093, 39046.988
10.193, -0.463, 0.193, 39035.320
10.213, -0.551, 0.149, 39024.480
10.232, -0.721, 0.299, 38799.090
10.252, -1.069, 0.166, 39333.250
10.273, -1.279, 0.273, 39279.102
10.292, -1.656, 0.417, 39299.102
10.313, -1.719, 0.471, 39253.133
10.333, -1.799, 0.406, 39358.461
10.353, -1.921, 0.547, 39346.535
10.373, -1.837, 0.742, 39270.094
10.392, -2.012, 0.902, 39250.164
10.413, -2.157, 0.898, 39353.480
10.433, -2.217, 0.790, 39404.035
10.453, -2.214, 0.889, 39555.180
10.472, -2.167, 0.773, 39673.855
10.492, -2.199, 0.882, 39786.434
10.512, -2.252, 1.090, 39596.434
10.533, -2.453, 1.025, 39714.250
10.553, -2.389, 1.263, 39565.336
10.573, -2.380, 1.031, 39981.211
10.593, -2.184, 1.024, 39967.734
10.612, -2.052, 0.975, 40124.117
10.632, -2.225, 1.364, 39756.242
10.653, -1.998, 1.021, 40126.539
10.673, -2.150, 1.428, 39538.547
10.693, -2.062, 1.436, 39646.660
10.713, -1.874, 1.366, 39721.578
10.732, -2.038, 1.650, 39497.988
10.752, -1.879, 1.549, 39640.410
10.772, -1.647, 1.297, 39791.336
10.793, -1.504, 1.409, 39719.934
10.813, -1.501, 1.345, 39741.078
10.833, -1.257, 1.494, 39643.734
10.853, -1.320, 1.186, 39898.660
10.872, -1.406, 1.557, 39430.906
10.893, -1.304, 1.553, 39371.852
10.913, -1.114, 1.480, 39588.977
10.933, -0.914, 1.449, 39589.781
10.953, -0.946, 1.409, 39564.988
10.972, -0.915, 1.192, 39672.430
10.993, -0.854, 1.237, 39566.387
11.013, -1.011, 1.491, 39367.430
11.033, -0.749, 1.180, 39485.289
11.053, -0.832, 1.139, 39488.652
11.072, -0.702, 1.049, 39497.199
11.092, -0.713, 1.170, 39262.391
11.113, -0.592, 0.955, 39432.328
11.133, -0.450, 0.930, 39335.348
11.153, -0.659, 0.966, 39335.898
11.173, -0.480, 0.806, 39403.535
11.192, -0.357, 0.669, 39471.832
11.213, -0.487, 0.820, 39309.969
11.233, -0.279, 0.653, 39310.391
11.253, -0.504, 0.778, 39281.590
11.272, -0.552, 0.766, 39216.695
11.292, -0.539, 0.700, 39294.688
11.312, -0.452, 0.655, 39283.023
11.333, -0.396, 0.697, 39230.238
11.353, -0.509, 0.791, 39161.656
11.373, -0.531, 0.863, 39128.602
11.393, -0.532, 0.896, 39096.891
11.413, -0.535, 0.971, 39029.863
11.433, -0.301, 0.970, 38951.816
11.453, -0.533, 0.972, 39031.887
11.473, -0.559, 1.167, 38770.664
11.492, -0.593, 1.252, 38697.191
11.512, -0.512, 1.082, 38971.910
11.533, -0.453, 0.954, 39161.449
11.553, -0.565, 1.160, 38960.203
11.573, -0.578, 1.084, 39103.949
11.593, -0.656, 1.125, 39206.797
11.612, -0.697, 1.160, 39138.539
11.632, -0.655, 1.160, 39098.289
11.653, -0.700, 1.137, 39075.988
11.673, -0.645, 1.210, 39040.938
11.693, -0.638, 1.157, 39198.633
11.713, -0.695, 1.133, 39176.656
11.732, -0.815, 1.166, 39202.809
11.752, -0.795, 1.065, 39367.289
11.772, -0.790, 1.009, 39439.641
11.793, -0.875, 1.028, 39372.469
11.813, -0.920, 0.979, 39401.617
11.833, -0.963, 0.949, 39464.340
11.852, -0.920, 0.948, 39474.137
11.872, -0.997, 1.226, 39160.527
11.893, -1.127, 1.222, 39110.398
11.913, -1.065, 0.725, 39501.648
11.933, -1.099, 0.786, 39431.676
11.953, -1.109, 0.620, 39566.336
11.973, -1.059, 0.634, 39537.098
11.992, -1.131, 0.602, 39498.176
12.013, -1.196, 0.572, 39628.734
12.033, -1.201, 0.500, 39559.359
12.053, -1.193, 0.445, 39682.715
12.073, -1.256, 0.643, 39286.711
12.092, -1.318, 0.536, 39275.156
12.112, -1.269, 0.387, 39424.164
12.133, -1.244, 0.221, 39487.465
12.153, -1.312, 0.138, 39562.453
12.173, -1.357, 0.237, 39466.102
12.193, -1.405, 0.173, 39386.332
12.213, -1.362, -0.006, 39363.668
12.232, -1.412, -0.133, 39361.781
12.252, -1.403, 0.017, 39263.574
12.273, -1.349, -0.013, 39378.742
12.293, -1.378, 0.051, 39335.016
12.313, -1.210, -0.063, 39403.996
12.333, -1.385, -0.028, 39282.617
12.352, -1.285, -0.146, 39480.746
12.373, -1.321, -0.146, 39566.059
12.393, -1.256, -0.211, 39717.734
12.413, -1.318, -0.028, 39417.645
12.433, -1.295, -0.094, 39408.688
12.453, -1.302, 0.071, 39374.555
12.472, -1.227, -0.020, 39563.535
12.493, -1.176, 0.113, 39481.023
12.513, -1.165, 0.399, 39164.316
12.533, -1.133, 0.132, 39506.949
12.553, -1.135, 0.461, 39193.742
12.572, -1.117, 0.159, 39592.426
12.592, -0.975, 0.119, 39730.090
12.613, -0.922, 0.348, 39439.719
12.633, -0.930, 0.534, 39333.641
12.653, -0.928, 0.470, 39453.047
12.672, -1.012, 0.618, 39346.375
12.693, -0.966, 0.625, 39441.746
12.713, -0.851, 0.433, 39660.328
12.733, -0.843, 0.498, 39682.098
12.753, -0.935, 0.586, 39493.914
12.772, -1.001, 0.749, 39240.207
12.792, -1.019, 0.774, 39209.203
12.813, -1.005, 0.710, 39334.207
12.833, -1.102, 0.790, 39211.371
12.852, -1.087, 0.725, 39257.457
12.872, -1.067, 0.699, 39232.648
12.893, -1.081, 0.617, 39307.367
12.913, -1.098, 0.675, 39159.547
12.933, -1.153, 0.711, 39130.219
12.953, -1.171, 0.706, 39057.727
12.973, -1.145, 0.638, 39195.004
12.993, -1.154, 0.518, 39392.820
13.013, -1.165, 0.537, 39389.043
13.033, -1.187, 0.524, 39317.516
13.053, -1.214, 0.527, 39365.734
13.072, -1.156, 0.698, 39134.824
13.093, -1.190, 0.708, 39162.305
13.113, -1.023, 0.068, 39849.199
13.132, -1.141, 0.230, 39665.449
13.152, -1.037, 0.081, 39831.715
13.173, -1.280, 0.412, 39373.980
13.193, -1.154, 0.104, 39705.703
13.213, -1.130, 0.133, 39665.094
13.233, -1.092, 0.085, 39715.910
13.252, -1.157, 0.240, 39492.613
13.273, -1.106, 0.243, 39515.090
13.293, -1.014, 0.065, 39680.578
13.313, -1.008, -0.017, 39786.227
13.333, -0.929, -0.049, 39915.016
13.352, -0.966, 0.126, 39699.406
13.372, -1.031, 0.326, 39540.992
13.393, -1.025, 0.353, 39515.773
13.413, -0.813, -0.054, 39892.758
13.433, -0.830, 0.094, 39879.527
13.452, -0.771, 0.110, 39816.297
13.472, -0.900, 0.402, 39543.520
13.493, -0.857, 0.312, 39661.477
13.513, -0.856, 0.568, 39535.730
13.533, -0.761, 0.538, 39693.945
13.553, -0.836, 0.625, 39620.953
13.572, -0.787, 0.550, 39734.574
13.593, -0.801, 0.951, 39380.047
13.613, -0.792, 0.960, 39422.395
13.633, -0.790, 0.989, 39552.859
13.653, -0.857, 1.005, 39544.191
13.672, -0.794, 0.995, 39592.977
13.693, -0.676, 1.164, 39596.848
13.713, -0.621, 1.105, 39765.922
13.732, -0.680, 1.259, 39666.734
13.752, -0.683, 1.213, 39781.852
13.773, -0.794, 1.468, 39580.191
13.793, -0.794, 1.677, 39591.887
13.813, -0.849, 1.625, 39588.879
13.833, -0.777, 1.894, 39647.824
13.853, -0.864, 1.814, 39481.551
13.873, -0.802, 2.023, 39477.664
13.893, -0.760, 1.989, 39650.098
13.913, -1.007, 2.120, 39460.809
13.933, -0.959, 2.124, 39582.750
13.952, -1.107, 2.245, 39422.305
13.973, -0.853, 1.943, 39751.562
13.993, -0.976, 2.024, 39675.785
14.012, -1.047, 2.157, 39567.117
14.032, -1.009, 2.227, 39687.160
14.053, -1.025, 2.068, 39662.660
14.073, -1.139, 1.965, 39599.383
14.093, -1.259, 1.991, 39517.930
14.113, -1.247, 2.009, 39559.840
14.133, -1.228, 2.151, 39582.996
14.152, -1.169, 1.910, 39633.668
14.173, -1.182, 1.899, 39614.129
14.193, -1.346, 1.811, 39548.766
14.213, -1.258, 1.785, 39598.418
14.233, -1.434, 1.761, 39551.738
14.253, -1.255, 1.680, 39532.445
14.272, -1.293, 1.475, 39690.180
14.293, -1.303, 1.280, 39819.766
14.313, -1.360, 1.248, 39734.746
14.333, -1.424, 1.305, 39650.250
14.353, -1.344, 1.270, 39601.246
14.372, -1.369, 1.261, 39546.957
14.392, -1.362, 0.883, 39794.453
14.413, -1.670, 1.178, 39291.250
14.433, -1.682, 1.240, 39204.270
14.453, -1.623, 1.018, 39368.906
14.472, -1.317, 0.868, 39612.180
14.492, -1.510, 0.846, 39348.805
14.513, -1.453, 0.435, 39646.641
14.533, -1.584, 0.538, 39376.844
14.553, -1.509, 0.486, 39462.816
14.572, -1.571, 0.539, 39263.066
14.593, -1.595, 0.359, 39354.273
14.613, -1.408, 0.143, 39534.344
14.633, -1.430, 0.028, 39586.289
14.653, -1.336, -0.138, 39657.660
14.672, -1.507, 0.108, 39375.391
14.692, -1.405, -0.002, 39519.566
14.713, -1.481, 0.111, 39314.098
14.733, -1.510, 0.035, 39344.938
14.752, -1.575, 0.138, 39226.602
14.772, -1.488, -0.021, 39468.965
14.793, -1.399, -0.134, 39654.309
14.813, -1.269, -0.295, 39835.875
14.832, -1.522, -0.250, 39637.043
14.852, -1.385, -0.182, 39785.461
14.873, -1.447, -0.018, 39639.508
14.893, -1.545, 0.060, 39608.301
14.913, -1.458, 0.135, 39622.129
14.933, -1.461, 0.029, 39701.914
14.953, -1.504, 0.213, 39584.516
14.972, -1.435, 0.026, 39862.914
14.993, -1.335, 0.016, 40033.125
15.013, -1.714, 0.461, 39455.508
15.033, -1.644, 0.502, 39546.055
15.053, -1.641, 0.544, 39566.562
15.072, -1.446, 0.539, 39714.957
15.093, -1.500, 0.563, 39770.363
15.113, -1.743, 0.750, 39486.758
15.133, -1.631, 0.688, 39710.508
15.153, -1.672, 0.834, 39436.141
15.172, -1.500, 0.703, 39645.020
15.192, -1.367, 0.818, 39696.828
15.213, -1.415, 0.768, 39684.152
15.233, -1.399, 0.831, 39736.836
15.253, -1.584, 0.908, 39490.238
15.272, -1.382, 0.819, 39637.090
15.293, -1.377, 0.844, 39687.324
15.313, -1.456, 0.955, 39697.902
15.333, -1.338, 0.835, 39882.262
15.352, -1.332, 0.823, 39946.828
15.372, -1.598, 1.214, 39431.133
15.393, -1.712, 1.420, 39190.594
15.413, -1.472, 0.886, 39783.043
15.433, -1.662, 1.056, 39637.328
15.453, -1.508, 0.997, 39700.012
15.473, -1.553, 1.104, 39538.406
15.492, -1.421, 1.054, 39697.738
15.513, -1.403, 1.021, 39783.281
15.533, -1.471, 1.278, 39601.969
15.553, -1.437, 1.104, 39747.750
15.573, -1.393, 1.188, 39621.465
15.593, -1.348, 1.282, 39530.359
15.612, -1.271, 1.295, 39544.980
15.633, -1.257, 1.360, 39563.262
15.653, -1.235, 1.326, 39536.586
15.673, -1.260, 1.342, 39479.340
15.693, -1.255, 1.318, 39561.711
15.712, -1.451, 1.490, 39397.508
15.732, -1.345, 1.395, 39590.449
15.754, -1.399, 1.516, 39509.328
15.773, -1.185, 1.343, 39701.043
15.793, -1.177, 1.247, 39773.340
15.812, -1.092, 1.209, 39850.863
15.833, -1.098, 1.379, 39783.781
15.853, -0.980, 1.275, 39902.250
15.872, -1.053, 1.340, 39891.754
15.893, -1.036, 1.405, 39857.871
15.913, -1.005, 1.392, 39859.426
15.933, -1.026, 1.325, 39900.578
15.953, -0.933, 1.270, 39978.039
15.973, -0.870, 1.236, 40011.434
15.994, -0.883, 1.053, 39986.867
16.013, -0.688, 1.055, 40055.320
16.033, -0.814, 1.047, 39893.109
16.053, -0.732, 1.044, 39971.996
16.072, -0.726, 0.808, 40121.512
16.092, -0.775, 0.925, 39824.250
16.113, -0.878, 1.016, 39596.152
16.133, -0.823, 0.953, 39697.781
16.153, 0.382, -0.082, 39768.414
16.173, 0.444, -0.292, 40002.051
16.193, 1.123, 2.304, 39995.719
16.212, 0.948, 2.405, 39804.609
16.233, 0.911, 2.264, 39843.062
16.253, 0.856, 2.257, 39807.656
16.273, 0.814, 2.334, 39655.914
16.293, 0.599, 2.011, 39854.438
16.313, 0.577, 2.040, 39725.336
16.333, 0.444, 1.893, 39750.008
16.352, 0.395, 1.991, 39662.320
16.373, 0.330, 1.808, 39852.258
16.393, -0.135, 1.659, 39722.031
16.413, -0.269, 1.277, 39994.180
16.433, -0.315, 1.252, 39948.043
16.452, -0.393, 1.315, 39742.328
16.472, -0.710, 1.655, 39310.516
16.493, -1.087, 1.309, 39345.715
16.513, -0.893, 0.943, 39957.828
16.533, -0.930, 0.836, 40037.227
16.553, -1.237, 0.725, 40062.668
16.572, -1.420, 0.523, 39930.320
16.592, -1.229, 0.479, 39942.953
16.613, -1.418, 0.831, 39551.648
16.633, -1.811, 0.673, 39651.219
16.653, -1.908, 0.687, 39555.109
16.673, -1.736, 0.437, 39896.898
16.692, -1.775, 0.430, 39590.488
16.712, -2.187, 0.448, 39553.840
16.733, -2.270, 0.358, 39579.875
16.753, -2.158, 0.111, 39867.805
16.773, -1.921, 0.164, 39482.488
16.793, -2.023, 0.137, 39430.707
16.813, -2.143, 0.071, 39522.332
16.833, -2.166, 0.177, 39348.145
16.853, -2.125, 0.075, 39384.816
16.873, -2.137, 0.198, 39221.109
16.893, -2.118, 0.075, 39211.867
16.913, -2.241, 0.202, 39048.531
16.932, -2.132, 0.044, 39284.566
16.952, -2.127, 0.087, 39132.492
16.973, -2.025, -0.098, 39313.293
16.993, -2.033, -0.016, 39167.293
17.013, -2.062, -0.019, 39229.227
17.033, -2.083, -0.109, 39436.977
17.052, -1.934, -0.049, 39358.406
17.072, -1.998, 0.054, 39385.621
17.093, -1.919, 0.040, 39420.363
17.113, -1.681, -0.257, 39854.711
17.133, -1.998, -0.669, 39937.582
17.153, -1.716, -0.087, 39764.949
17.173, -1.628, -0.248, 40150.988
17.192, -1.386, -0.382, 40449.344
17.213, -1.470, 0.036, 39935.801
17.233, -1.810, -0.429, 40043.340
17.253, -1.461, 0.181, 39755.969
17.273, -1.648, -0.341, 40149.578
17.293, -1.403, -0.372, 40337.969
17.312, -1.249, 0.134, 39839.805
17.332, -1.495, -0.379, 40001.781
17.353, -1.251, -0.002, 39956.180
17.373, -1.327, -0.104, 39971.859
17.393, -1.289, -0.020, 39848.133
17.413, -1.080, 0.177, 39633.074
17.432, -1.167, 0.255, 39463.727
17.452, -1.005, 0.300, 39469.031
17.473, -1.182, -0.108, 40006.492
17.493, -1.066, -0.077, 39947.801
17.513, -0.929, 0.083, 39816.770
17.533, -0.958, 0.026, 39857.922
17.552, -0.880, 0.020, 40003.656
17.572, -0.855, 0.065, 39764.535
17.593, -0.722, -0.103, 39807.223
17.613, -0.769, -0.052, 39871.641
17.633, -0.881, -0.379, 39963.715
17.653, -0.702, -0.035, 39951.836
17.673, -0.604, -0.227, 39890.496
17.692, -0.586, -0.253, 39842.719
17.713, -0.459, -0.167, 40082.746
17.733, -0.622, -0.594, 40017.715
17.753, -0.407, -0.203, 39986.664
17.773, -0.442, -0.290, 39844.809
17.793, -0.402, -0.334, 39909.598
17.812, -0.574, -0.176, 39783.703
17.833, -0.426, -0.286, 39889.980
17.853, -0.406, -0.180, 39869.977
17.873, -0.479, -0.106, 39660.637
17.893, -0.543, -0.132, 39543.359
17.913, -0.352, -0.421, 39946.816
17.932, -0.486, -0.258, 39777.797
17.953, -0.437, -0.221, 39789.664
17.973, -0.411, -0.491, 39963.406
17.993, -0.463, -0.573, 40007.043
18.013, -0.917, 0.138, 39470.648
18.032, -0.850, 0.032, 39551.707
18.052, -0.939, 0.135, 39503.238
18.073, -0.824, -0.106, 39740.816
18.093, -0.894, -0.078, 39714.020
18.113, -0.763, -0.361, 39963.688
18.133, -0.772, -0.236, 39941.199
18.152, -0.723, -0.282, 40000.047
18.172, -0.796, 0.047, 39796.309
18.193, -0.797, -0.029, 39961.578
18.213, -0.749, 0.080, 39825.980
18.233, -0.788, 0.138, 39781.289
18.253, -0.877, 0.339, 39682.621
18.273, -0.853, 0.088, 40022.809
18.292, -0.690, 0.099, 40077.031
18.312, -0.503, 0.335, 39964.945
18.333, -0.528, 0.330, 39978.082
18.353, -0.576, 0.343, 40027.164
18.373, -0.559, 0.470, 39863.594
18.393, -0.422, 0.662, 39873.605
18.413, -0.606, 0.698, 39977.188
18.432, -0.470, 0.612, 40083.621
18.452, -0.505, 0.792, 40009.039
18.473, -0.398, 0.668, 40054.418
18.497, -0.447, 0.660, 40117.316
18.513, -0.419, 0.746, 40109.824
18.533, -0.560, 0.785, 40101.703
18.552, -0.579, 0.757, 40105.430
18.572, -0.673, 0.717, 40131.090
18.593, -0.656, 0.629, 40263.172
18.613, -0.704, 0.513, 40331.375
18.633, -0.920, 0.233, 40347.836
18.653, -0.944, 0.496, 40303.164
18.672, -1.008, 0.413, 40385.746
18.692, -1.069, 0.359, 40411.047
18.712, -1.138, 0.467, 40269.406
18.733, -1.351, 0.034, 40364.816
18.753, -1.307, 0.397, 40284.246
18.773, -1.358, 0.329, 40224.008
18.793, -1.393, 0.287, 40237.109
18.812, -1.390, 0.160, 40372.273
18.832, -1.462, 0.196, 40324.941
18.853, -1.473, 0.122, 40332.625
18.873, -1.491, 0.225, 40284.598
18.893, -1.558, 0.219, 40253.559
18.913, -1.496, 0.277, 40305.148
18.932, -1.753, 0.014, 40241.508
18.952, -1.514, 0.305, 40347.566
18.973, -1.587, 0.432, 40224.207
18.993, -1.569, 0.538, 40188.680
19.013, -1.554, 0.403, 40390.285
19.033, -1.593, 0.532, 40331.508
19.052, -1.542, 0.494, 40372.395
19.072, -1.522, 0.567, 40342.090
19.093, -1.552, 0.685, 40361.820
19.113, -1.598, 0.574, 40428.285
19.133, -1.511, 0.566, 40485.062
19.153, -1.540, 0.530, 40494.586
19.173, -1.500, 0.563, 40426.109
19.192, -1.545, 0.496, 40398.688
19.213, -1.503, 0.581, 40397.031
19.233, -1.481, 0.585, 40275.930
19.253, -1.417, 0.647, 40241.059
19.272, -1.426, 0.571, 40113.297
19.292, -1.333, 0.633, 39846.109
19.313, -1.310, 0.475, 39834.762
19.333, -1.177, 0.434, 39798.359
19.353, -1.182, 0.426, 39653.500
19.373, -1.081, 0.420, 39481.758
19.392, -1.028, 0.291, 39346.719
19.413, -1.063, 0.403, 39176.484
19.433, -1.041, 0.275, 39154.270
19.453, -1.022, 0.147, 39101.656
19.473, -0.855, 0.075, 39163.926
19.492, -0.807, 0.020, 38994.203
19.512, -0.785, -0.102, 38920.645
19.533, -0.743, -0.174, 38843.348
19.553, -0.725, -0.294, 38795.645
19.573, -0.657, -0.220, 38697.984
19.593, -0.674, -0.285, 38596.867
19.613, -0.684, -0.309, 38667.711
19.632, -0.631, -0.292, 38662.355
19.653, -0.606, -0.379, 38719.676
19.673, -0.474, -0.629, 38979.379
19.693, -0.540, -0.601, 38951.402
19.713, -0.588, -0.524, 38734.262
19.732, -0.569, -0.569, 39020.922
19.752, -0.538, -0.662, 39076.906
19.772, -0.538, -0.562, 39213.426
19.793, -0.542, -0.471, 39259.848
19.813, -0.594, -0.465, 39361.434
19.832, -0.596, -0.505, 39343.945
19.853, -0.611, -0.470, 39400.695
19.873, -0.535, -0.618, 39471.676
19.893, -0.543, -0.417, 39494.348
19.913, -0.570, -0.268, 39387.832
19.932, -0.587, -0.169, 39345.602
19.953, -0.589, -0.226, 39399.660
19.973, -0.650, -0.063, 39332.062
19.993, -0.660, 0.009, 39327.137
20.013, -0.592, -0.159, 39501.008
20.032, -0.825, -0.387, 39285.555
20.052, -0.698, -0.079, 39437.180
20.072, -0.967, 0.128, 39162.594
20.093, -0.913, 0.282, 39007.754
20.113, -1.031, 0.398, 39194.047
20.133, -1.158, 0.306, 39240.754
20.153, -1.281, 0.299, 39387.102
20.172, -1.034, 0.091, 39429.176
20.193, -1.026, 0.243, 39352.988
20.213, -1.335, 0.484, 39165.031
20.233, -1.490, 0.595, 39068.453
20.253, -1.401, 0.371, 39325.242
20.272, -1.389, 0.408, 39202.859
20.293, -1.494, 0.421, 39135.414
20.313, -1.491, 0.261, 39357.742
20.333, -1.541, 0.303, 39365.719
20.352, -1.577, 0.207, 39476.301
20.372, -1.561, 0.163, 39587.676
20.393, -2.267, -0.272, 39555.031
20.413, -2.300, -0.331, 39502.301
20.433, -2.233, -0.453, 39536.496
20.453, -2.293, -0.454, 39557.184
20.472, -2.257, -0.596, 39639.133
20.492, -3.133, -1.894, 39711.039
20.512, -3.117, -1.696, 39613.488
20.533, -3.140, -1.843, 39696.570
20.553, -3.092, -1.833, 39652.066
20.573, -3.054, -1.942, 39653.598
20.594, -0.863, -5.652, 39717.227
20.612, -0.804, -5.576, 39644.664
20.632, -0.722, -5.577, 39751.516
20.653, -0.629, -5.709, 40041.258
20.673, -0.717, -5.398, 39713.910
20.693, -0.664, -4.903, 39540.953
20.714, -0.406, -5.217, 40059.922
20.733, -0.330, -5.256, 40111.500
20.752, -0.407, -5.152, 40260.480
20.773, -0.222, -4.993, 40174.094
20.793, -0.280, -4.539, 40215.625
20.813, -0.640, -4.362, 40221.520
20.833, -0.566, -1.457, 38020.762
20.853, -0.683, -1.247, 38000.000
20.873, -0.537, -1.090, 38000.000
20.892, -0.460, -0.651, 38000.000
20.912, -0.397, -0.584, 38075.430
20.933, -0.476, -0.356, 38085.070
20.953, -0.392, -0.173, 38200.707
20.973, -0.611, 0.031, 38103.992
20.993, -0.627, 0.365, 38256.434
21.012, -0.493, 0.448, 38478.672
21.032, -0.662, 0.787, 38432.938
21.053, -0.796, 0.712, 38764.758
21.073, -0.528, 0.736, 38915.590
21.093, -0.560, 0.815, 39385.387
21.113, -0.762, 0.957, 39342.969
21.132, -0.921, 1.189, 39833.488
21.153, -0.690, 0.985, 39687.824
21.173, -0.855, 1.081, 39890.852
21.193, -1.103, 1.107, 39985.945
21.213, -0.903, 1.009, 40113.293
21.232, -0.960, 1.028, 40234.379
21.253, -0.959, 0.836, 40436.551
21.273, -1.135, 0.995, 40338.613
21.293, -1.107, 0.790, 40639.621
21.313, -1.201, 0.750, 40611.691
21.333, -1.266, 0.632, 40649.734
21.352, -1.329, 0.627, 40602.027
21.373, -1.341, 0.645, 40657.617
21.393, -1.482, 0.570, 40563.328
21.413, -1.168, 0.392, 40579.930
21.433, -1.208, 0.262, 40627.863
21.453, -1.291, 0.273, 40526.371
21.472, -1.254, -0.145, 40733.641
21.493, -1.208, -0.311, 40979.258
21.513, -1.554, -0.915, 41360.488
21.533, -1.330, -0.534, 40729.594
21.553, -1.191, -0.712, 40768.727
21.573, -1.504, 0.126, 39923.773
21.592, -1.305, -0.820, 40566.348
21.613, -1.083, -1.234, 40703.500
21.633, -1.238, -0.475, 39715.418
21.653, -1.181, -0.719, 39844.746
21.673, -1.362, -0.386, 39356.820
21.692, -1.228, -0.457, 39229.582
21.712, -1.217, -0.476, 39159.469
21.732, -1.390, -0.577, 39114.062
21.753, -1.476, -0.402, 38875.062
21.773, -1.468, -0.289, 38797.469
21.793, -1.375, -0.662, 39009.449
21.813, -1.405, -0.802, 39149.270
21.832, -1.494, -0.505, 38796.750
21.853, -1.328, -0.720, 38952.336
21.873, -1.332, -0.530, 38818.594
21.893, -1.601, -0.537, 38803.445
21.913, -1.661, -0.570, 38865.496
21.933, -1.669, -0.664, 38880.465
21.953, -1.718, -0.498, 38815.570
21.972, -1.480, -0.800, 39114.148
21.993, -1.366, -1.109, 39425.762
22.013, -1.499, -0.928, 39237.664
22.033, -1.658, -0.865, 39301.836
22.053, -1.656, -0.670, 39175.934
22.073, -1.776, -0.626, 39241.129
22.092, -1.619, -0.589, 39429.480
22.113, -1.662, -0.617, 39595.789
22.133, -1.724, -0.694, 39911.438
22.153, -1.694, -0.643, 40024.781
22.173, -1.733, -0.309, 39893.164
22.193, -1.809, 0.030, 39966.734
22.212, -1.641, -0.248, 40249.031
22.233, -1.691, -0.178, 40369.230
22.253, -1.787, 0.279, 40107.996
22.273, -1.582, 0.130, 40311.191
22.293, -1.532, 0.141, 40515.660
22.313, -1.839, 0.669, 40229.512
22.332, -1.631, 0.751, 40308.762
22.353, -1.529, 0.897, 40276.395
22.373, -1.431, 0.421, 40610.875
22.393, -1.376, 0.431, 40852.641
22.413, -1.397, 1.404, 40239.746
22.433, -1.370, 1.209, 40337.398
22.452, -1.390, 1.314, 40390.812
22.472, -1.242, 1.328, 40399.910
22.493, -1.144, 1.651, 40340.879
22.513, -1.123, 0.928, 41042.898
22.533, -0.964, 1.416, 41161.008
22.553, -0.916, 1.378, 40969.715
22.572, -0.873, 1.810, 40592.648
22.593, -0.704, 1.678, 40856.398
22.613, -0.498, 1.616, 41104.961
22.633, -0.420, 1.704, 41258.934
22.653, -0.484, 1.748, 41142.250
22.672, -0.288, 1.710, 41371.352
22.693, -0.221, 1.702, 41552.148
22.713, -0.357, 1.851, 41407.109
22.733, -0.416, 1.849, 41425.273
22.753, -0.237, 1.864, 41547.219
22.773, -0.357, 2.070, 41436.074
22.792, -0.463, 2.441, 41659.238
22.813, -0.701, 2.695, 41398.797
22.833, -0.257, 2.447, 41119.656
22.853, -0.554, 2.374, 41183.734
22.873, -0.431, 1.787, 41653.012
22.893, -0.407, 1.933, 41430.141
22.912, -0.721, 2.017, 41247.730
22.933, -0.606, 2.384, 40833.492
22.953, -0.737, 1.799, 41273.043
22.973, -0.753, 2.149, 41097.871
22.993, -0.969, 2.092, 41071.031
23.013, -1.046, 2.693, 40599.656
23.033, -1.101, 2.543, 40746.008
23.053, -1.146, 2.669, 40597.570
23.073, -0.882, 1.956, 41167.480
23.092, -0.980, 1.768, 41749.121
23.112, -1.086, 1.536, 42030.359
23.133, -0.778, 1.577, 41755.465
23.153, -1.199, 1.698, 41559.652
23.173, 0.000, 0.000, 0.000
23.173, -0.842, 0.878, 42324.629
23.193, 0.000, 0.000, 0.000
23.212, 0.000, 0.000, 0.000
23.232, 0.000, 0.000, 0.000
23.253, 0.000, 0.000, 0.000
23.273, 0.000, 0.000, 0.000
23.293, 0.000, 0.000, 0.000
23.313, 0.000, 0.000, 0.000
23.333, 0.000, 0.000, 0.000
23.352, 0.000, 0.000, 0.000
23.373, 0.000, 0.000, 0.000
23.393, 0.000, 0.000, 0.000
23.413, 0.000, 0.000, 0.000
23.433, 0.000, 0.000, 0.000
23.453, 0.000, 0.000, 0.000
23.472, 0.000, 0.000, 0.000
23.492, 0.000, 0.000, 0.000
23.513, 0.000, 0.000, 0.000
23.533, 0.000, 0.000, 0.000
23.553, 0.000, 0.000, 0.000
23.573, 0.000, 0.000, 0.000
23.593, 0.000, 0.000, 0.000
23.612, 0.000, 0.000, 0.000
23.633, 0.000, 0.000, 0.000
23.653, 0.000, 0.000, 0.000
23.673, 0.000, 0.000, 0.000
23.693, 0.000, 0.000, 0.000
23.713, 0.000, 0.000, 0.000
23.732, 0.000, 0.000, 0.000
23.753, 0.000, 0.000, 0.000
23.773, 0.000, 0.000, 0.000
23.793, 0.000, 0.000, 0.000
23.813, 0.000, 0.000, 0.000
23.832, 0.000, 0.000, 0.000
23.852, 0.000, 0.000, 0.000
23.872, 0.000, 0.000, 0.000
23.893, 0.000, 0.000, 0.000
23.912, 0.000, 0.000, 0.000
23.932, 0.000, 0.000, 0.000
23.953, 0.000, 0.000, 0.000
23.973, 0.000, 0.000, 0.000
23.993, 0.000, 0.000, 0.000
24.013, 0.000, 0.000, 0.000
24.032, 0.000, 0.000, 0.000
24.052, 0.000, 0.000, 0.000
24.073, 0.000, 0.000, 0.000
24.093, 0.000, 0.000, 0.000
24.113, 0.000, 0.000, 0.000
24.132, 0.000, 0.000, 0.000
24.152, 0.000, 0.000, 0.000
24.172, 0.000, 0.000, 0.000
24.193, 0.000, 0.000, 0.000
24.213, 0.000, 0.000, 0.000
24.233, 0.000, 0.000, 0.000
24.253, 0.000, 0.000, 0.000
24.272, 0.000, 0.000, 0.000
24.292, 0.000, 0.000, 0.000
24.313, 0.000, 0.000, 0.000
24.333, 0.000, 0.000, 0.000
24.353, 0.000, 0.000, 0.000
24.373, 0.000, 0.000, 0.000
24.393, 0.000, 0.000, 0.000
24.413, 0.000, 0.000, 0.000
24.433, 0.000, 0.000, 0.000
24.453, 0.000, 0.000, 0.000
24.472, 0.000, 0.000, 0.000
24.493, 0.000, 0.000, 0.000
24.513, 0.000, 0.000, 0.000
24.533, 0.000, 0.000, 0.000
24.553, 0.000, 0.000, 0.000
24.573, 0.000, 0.000, 0.000
24.592, 0.000, 0.000, 0.000
24.612, 0.000, 0.000, 0.000
24.633, 0.000, 0.000, 0.000
24.653, 0.000, 0.000, 0.000
24.673, 0.000, 0.000, 0.000
24.693, 0.000, 0.000, 0.000
24.713, 0.000, 0.000, 0.000
24.732, 0.000, 0.000, 0.000
24.752, 0.000, 0.000, 0.000
24.772, 0.000, 0.000, 0.000
24.792, 0.000, 0.000, 0.000
24.813, 0.000, 0.000, 0.000
24.833, 0.000, 0.000, 0.000
24.853, 0.000, 0.000, 0.000
24.873, 0.000, 0.000, 0.000
24.893, 0.000, 0.000, 0.000
24.913, 0.000, 0.000, 0.000
24.933, 0.000, 0.000, 0.000
24.953, 0.000, 0.000, 0.000
24.973, 0.000, 0.000, 0.000
24.993, 0.000, 0.000, 0.000
25.012, 0.000, 0.000, 0.000
25.032, 0.000, 0.000, 0.000
25.053, 0.000, 0.000, 0.000
25.073, 0.000, 0.000, 0.000
25.093, 0.000, 0.000, 0.000
25.113, 0.000, 0.000, 0.000
25.132, 0.000, 0.000, 0.000
25.152, 0.000, 0.000, 0.000
25.173, 0.000, 0.000, 0.000
25.193, 0.000, 0.000, 0.000
25.213, 0.000, 0.000, 0.000
25.233, 0.000, 0.000, 0.000
25.252, 0.000, 0.000, 0.000
25.272, 0.000, 0.000, 0.000
25.293, 0.000, 0.000, 0.000
25.313, 0.000, 0.000, 0.000
25.333, 0.000, 0.000, 0.000
25.353, 0.000, 0.000, 0.000
25.373, 0.000, 0.000, 0.000
25.392, 0.000, 0.000, 0.000
25.413, 0.000, 0.000, 0.000
25.433, 0.000, 0.000, 0.000
25.453, 0.000, 0.000, 0.000
25.473, 0.000, 0.000, 0.000
25.493, 0.000, 0.000, 0.000
25.512, 0.000, 0.000, 0.000
25.532, 0.000, 0.000, 0.000
25.553, 0.000, 0.000, 0.000
25.573, 0.000, 0.000, 0.000
25.593, 0.000, 0.000, 0.000
25.613, 0.000, 0.000, 0.000
25.633, 0.000, 0.000, 0.000
25.652, 0.000, 0.000, 0.000
25.673, 0.000, 0.000, 0.000
25.693, 0.000, 0.000, 0.000
25.713, 0.000, 0.000, 0.000
25.733, 0.000, 0.000, 0.000
25.753, 0.000, 0.000, 0.000
25.772, 0.000, 0.000, 0.000
25.792, 0.000, 0.000, 0.000
25.813, 0.000, 0.000, 0.000
25.833, 0.000, 0.000, 0.000
25.854, 0.000, 0.000, 0.000
25.873, 0.000, 0.000, 0.000
25.892, 0.000, 0.000, 0.000
25.912, 0.000, 0.000, 0.000
25.933, 0.000, 0.000, 0.000
25.953, 0.000, 0.000, 0.000
25.973, 0.000, 0.000, 0.000
25.993, 0.000, 0.000, 0.000
26.012, 0.000, 0.000, 0.000
26.032, 0.000, 0.000, 0.000
26.053, 0.000, 0.000, 0.000
26.073, 0.000, 0.000, 0.000
26.093, 0.000, 0.000, 0.000
26.113, 0.000, 0.000, 0.000
26.133, 0.000, 0.000, 0.000
26.152, 0.000, 0.000, 0.000
26.172, 0.000, 0.000, 0.000
26.193, 0.000, 0.000, 0.000
26.213, 0.000, 0.000, 0.000
26.233, 0.000, 0.000, 0.000
26.253, 0.000, 0.000, 0.000
26.272, 0.000, 0.000, 0.000
26.292, 0.000, 0.000, 0.000
26.313, 0.000, 0.000, 0.000
26.333, 0.000, 0.000, 0.000
26.353, 0.000, 0.000, 0.000
26.373, 0.000, 0.000, 0.000
26.393, 0.000, 0.000, 0.000
26.412, 0.000, 0.000, 0.000
26.432, 0.000, 0.000, 0.000
26.453, 0.000, 0.000, 0.000
26.473, 0.000, 0.000, 0.000
26.493, 0.000, 0.000, 0.000
26.513, 0.000, 0.000, 0.000
26.532, 0.000, 0.000, 0.000
26.552, 0.000, 0.000, 0.000
26.573, 0.000, 0.000, 0.000
26.593, 0.000, 0.000, 0.000
26.613, 0.000, 0.000, 0.000
26.633, 0.000, 0.000, 0.000
26.652, 0.000, 0.000, 0.000
26.672, 0.000, 0.000, 0.000
26.692, 0.000, 0.000, 0.000
26.713, 0.000, 0.000, 0.000
26.733, 0.000, 0.000, 0.000
26.753, 0.000, 0.000, 0.000
26.773, 0.000, 0.000, 0.000
26.792, 0.000, 0.000, 0.000
26.812, 0.000, 0.000, 0.000
26.833, 0.000, 0.000, 0.000
26.853, 0.000, 0.000, 0.000
26.873, 0.000, 0.000, 0.000
26.893, 0.000, 0.000, 0.000
26.912, 0.000, 0.000, 0.000
26.932, 0.000, 0.000, 0.000
26.953, 0.000, 0.000, 0.000
26.973, 0.000, 0.000, 0.000
26.993, 0.000, 0.000, 0.000
27.013, 0.000, 0.000, 0.000
27.033, 0.000, 0.000, 0.000
27.052, 0.000, 0.000, 0.000
27.072, 0.000, 0.000, 0.000
27.093, 0.000, 0.000, 0.000
27.113, 0.000, 0.000, 0.000
27.133, 0.000, 0.000, 0.000
27.153, 0.000, 0.000, 0.000
27.172, 0.000, 0.000, 0.000
27.192, 0.000, 0.000, 0.000
27.213, 0.000, 0.000, 0.000
27.233, 0.000, 0.000, 0.000
27.253, 0.000, 0.000, 0.000
27.273, 0.000, 0.000, 0.000
27.292, 0.000, 0.000, 0.000
27.312, 0.000, 0.000, 0.000
27.332, 0.000, 0.000, 0.000
27.353, 0.000, 0.000, 0.000
27.373, 0.000, 0.000, 0.000
27.393, 0.000, 0.000, 0.000
27.413, 0.000, 0.000, 0.000
27.432, 0.000, 0.000, 0.000
27.452, 0.000, 0.000, 0.000
27.472, 0.000, 0.000, 0.000
27.493, 0.000, 0.000, 0.000
27.513, 0.000, 0.000, 0.000
27.533, 0.000, 0.000, 0.000
27.553, 0.000, 0.000, 0.000
27.572, 0.000, 0.000, 0.000
27.592, 0.000, 0.000, 0.000
27.612, 0.000, 0.000, 0.000
27.633, 0.000, 0.000, 0.000
27.653, 0.000, 0.000, 0.000
27.673, 0.000, 0.000, 0.000
27.693, 0.000, 0.000, 0.000
27.712, 0.000, 0.000, 0.000
27.732, 0.000, 0.000, 0.000
27.753, 0.000, 0.000, 0.000
27.773, 0.000, 0.000, 0.000
27.793, 0.000, 0.000, 0.000
27.813, 0.000, 0.000, 0.000
27.833, 0.000, 0.000, 0.000
27.852, 0.000, 0.000, 0.000
27.873, 0.000, 0.000, 0.000
27.893, 0.000, 0.000, 0.000
27.913, 0.000, 0.000, 0.000
27.933, 0.000, 0.000, 0.000
27.953, 0.000, 0.000, 0.000
27.972, 0.000, 0.000, 0.000
27.992, 0.000, 0.000, 0.000
28.013, 0.000, 0.000, 0.000
28.033, 0.000, 0.000, 0.000
28.053, 0.000, 0.000, 0.000
28.073, 0.000, 0.000, 0.000
28.092, 0.000, 0.000, 0.000
28.112, 0.000, 0.000, 0.000
28.133, 0.000, 0.000, 0.000
28.153, 0.000, 0.000, 0.000
28.173, 0.000, 0.000, 0.000
28.193, 0.000, 0.000, 0.000
28.212, 0.000, 0.000, 0.000
28.232, 0.000, 0.000, 0.000
28.252, 0.000, 0.000, 0.000
28.273, 0.000, 0.000, 0.000
28.293, 0.000, 0.000, 0.000
28.313, 0.000, 0.000, 0.000
28.333, 0.000, 0.000, 0.000
28.352, 0.000, 0.000, 0.000
28.372, 0.000, 0.000, 0.000
28.393, 0.000, 0.000, 0.000
28.413, 0.000, 0.000, 0.000
28.433, 0.000, 0.000, 0.000
28.453, 0.000, 0.000, 0.000
28.472, 0.000, 0.000, 0.000
28.492, 0.000, 0.000, 0.000
28.512, 0.000, 0.000, 0.000
28.533, 0.000, 0.000, 0.000
28.553, 0.000, 0.000, 0.000
28.573, 0.000, 0.000, 0.000
28.593, 0.000, 0.000, 0.000
28.612, 0.000, 0.000, 0.000
28.633, 0.000, 0.000, 0.000
28.653, 0.000, 0.000, 0.000
28.673, 0.000, 0.000, 0.000
28.693, 0.000, 0.000, 0.000
28.713, 0.000, 0.000, 0.000
28.732, 0.000, 0.000, 0.000
28.752, 0.000, 0.000, 0.000
28.772, 0.000, 0.000, 0.000
28.793, 0.000, 0.000, 0.000
28.813, 0.000, 0.000, 0.000
28.833, 0.000, 0.000, 0.000
28.853, 0.000, 0.000, 0.000
28.872, 0.000, 0.000, 0.000
28.892, 0.000, 0.000, 0.000
28.916, 0.000, 0.000, 0.000
28.933, 0.000, 0.000, 0.000
28.953, 0.000, 0.000, 0.000
28.973, 0.000, 0.000, 0.000
28.993, 0.000, 0.000, 0.000
29.013, 0.000, 0.000, 0.000
29.033, 0.000, 0.000, 0.000
29.053, 0.000, 0.000, 0.000
29.072, 0.000, 0.000, 0.000
29.092, 0.000, 0.000, 0.000
29.113, 0.000, 0.000, 0.000
29.133, 0.000, 0.000, 0.000
29.153, 0.000, 0.000, 0.000
29.173, 0.000, 0.000, 0.000
29.192, 0.000, 0.000, 0.000
29.212, 0.000, 0.000, 0.000
29.233, 0.000, 0.000, 0.000
29.253, 0.000, 0.000, 0.000
29.253, -0.297, 0.211, 41958.262
29.273, 0.000, 0.000, 0.000
29.292, 0.000, 0.000, 0.000
29.312, 0.000, 0.000, 0.000
29.333, 0.000, 0.000, 0.000
29.353, 0.000, 0.000, 0.000
29.372, 0.000, 0.000, 0.000
29.392, 0.000, 0.000, 0.000
29.413, 0.000, 0.000, 0.000
29.433, 0.000, 0.000, 0.000
29.453, 0.000, 0.000, 0.000
29.473, 0.000, 0.000, 0.000
29.493, 0.000, 0.000, 0.000
29.512, 0.000, 0.000, 0.000
29.532, 0.000, 0.000, 0.000
29.553, 0.000, 0.000, 0.000
29.573, 0.000, 0.000, 0.000
29.593, 0.000, 0.000, 0.000
29.613, 0.000, 0.000, 0.000
29.632, 0.000, 0.000, 0.000
29.652, 0.000, 0.000, 0.000
29.673, 0.000, 0.000, 0.000
29.693, 0.000, 0.000, 0.000
29.713, 0.000, 0.000, 0.000
29.733, 0.000, 0.000, 0.000
29.753, 0.000, 0.000, 0.000
29.772, 0.000, 0.000, 0.000
29.792, 0.000, 0.000, 0.000
29.813, 0.000, 0.000, 0.000
29.833, 0.000, 0.000, 0.000
29.853, 0.000, 0.000, 0.000
29.873, 0.000, 0.000, 0.000
29.893, 0.000, 0.000, 0.000
29.912, 0.000, 0.000, 0.000
29.933, 0.000, 0.000, 0.000
29.953, 0.000, 0.000, 0.000
29.973, 0.000, 0.000, 0.000
29.993, 0.000, 0.000, 0.000
30.012, 0.000, 0.000, 0.000
30.032, 0.000, 0.000, 0.000
30.052, 0.000, 0.000, 0.000
30.073, 0.000, 0.000, 0.000
30.093, 0.000, 0.000, 0.000
30.113, 0.000, 0.000, 0.000
30.133, 0.000, 0.000, 0.000
30.152, 0.000, 0.000, 0.000
30.172, 0.000, 0.000, 0.000
30.193, 0.000, 0.000, 0.000
30.213, 0.000, 0.000, 0.000
30.233, 0.000, 0.000, 0.000
30.253, 0.000, 0.000, 0.000
30.272, 0.000, 0.000, 0.000
30.292, 0.000, 0.000, 0.000
30.312, 0.000, 0.000, 0.000
30.333, 0.000, 0.000, 0.000
30.353, 0.000, 0.000, 0.000
30.373, 0.000, 0.000, 0.000
30.393, 0.000, 0.000, 0.000
30.412, 0.000, 0.000, 0.000
30.432, 0.000, 0.000, 0.000
30.453, 0.000, 0.000, 0.000
30.473, 0.000, 0.000, 0.000
30.493, 0.000, 0.000, 0.000
30.513, 0.000, 0.000, 0.000
30.533, 0.000, 0.000, 0.000
30.552, 0.000, 0.000, 0.000
30.572, 0.000, 0.000, 0.000
30.593, 0.000, 0.000, 0.000
30.613, 0.000, 0.000, 0.000
30.633, 0.000, 0.000, 0.000
30.653, 0.000, 0.000, 0.000
30.672, 0.000, 0.000, 0.000
30.692, 0.000, 0.000, 0.000
30.713, 0.000, 0.000, 0.000
30.732, 0.000, 0.000, 0.000
30.752, 0.000, 0.000, 0.000
30.773, 0.000, 0.000, 0.000
30.793, 0.000, 0.000, 0.000
30.813, 0.000, 0.000, 0.000
30.834, 0.000, 0.000, 0.000
30.852, 0.000, 0.000, 0.000
30.872, 0.000, 0.000, 0.000
30.893, 0.000, 0.000, 0.000
30.913, 0.000, 0.000, 0.000
30.933, 0.000, 0.000, 0.000
30.953, 0.000, 0.000, 0.000
30.973, 0.000, 0.000, 0.000
30.993, 0.000, 0.000, 0.000
31.012, 0.000, 0.000, 0.000
31.032, 0.000, 0.000, 0.000
31.053, 0.000, 0.000, 0.000
31.073, 0.000, 0.000, 0.000
31.093, 0.000, 0.000, 0.000
31.113, 0.000, 0.000, 0.000
31.132, 0.000, 0.000, 0.000
31.152, 0.000, 0.000, 0.000
31.173, 0.000, 0.000, 0.000
31.193, 0.000, 0.000, 0.000
31.213, 0.000, 0.000, 0.000
31.233, 0.000, 0.000, 0.000
31.253, 0.000, 0.000, 0.000
31.272, 0.000, 0.000, 0.000
31.292, 0.000, 0.000, 0.000
31.313, 0.000, 0.000, 0.000
31.333, 0.000, 0.000, 0.000
31.353, 0.000, 0.000, 0.000
31.373, 0.000, 0.000, 0.000
31.392, 0.000, 0.000, 0.000
31.413, 0.000, 0.000, 0.000
31.433, 0.000, 0.000, 0.000
31.453, 0.000, 0.000, 0.000
31.472, 0.000, 0.000, 0.000
31.492, 0.000, 0.000, 0.000
31.513, 0.000, 0.000, 0.000
31.533, 0.000, 0.000, 0.000
31.553, 0.000, 0.000, 0.000
31.573, 0.000, 0.000, 0.000
31.592, 0.000, 0.000, 0.000
31.613, 0.000, 0.000, 0.000
31.633, 0.000, 0.000, 0.000
31.653, 0.000, 0.000, 0.000
31.673, 0.000, 0.000, 0.000
31.692, 0.000, 0.000, 0.000
31.713, 0.000, 0.000, 0.000
31.733, 0.000, 0.000, 0.000
31.753, 0.000, 0.000, 0.000
31.772, 0.000, 0.000, 0.000
31.792, 0.000, 0.000, 0.000
31.813, 0.000, 0.000, 0.000
31.833, 0.000, 0.000, 0.000
31.853, 0.000, 0.000, 0.000
31.873, 0.000, 0.000, 0.000
31.892, 0.000, 0.000, 0.000
31.912, 0.000, 0.000, 0.000
31.933, 0.000, 0.000, 0.000
31.953, 0.000, 0.000, 0.000
31.973, 0.000, 0.000, 0.000
31.993, 0.000, 0.000, 0.000
32.012, 0.000, 0.000, 0.000
32.032, 0.000, 0.000, 0.000
32.053, 0.000, 0.000, 0.000
32.073, 0.000, 0.000, 0.000
32.093, 0.000, 0.000, 0.000
32.113, 0.000, 0.000, 0.000
32.133, 0.000, 0.000, 0.000
32.152, 0.000, 0.000, 0.000
32.173, 0.000, 0.000, 0.000
32.193, 0.000, 0.000, 0.000
32.213, 0.000, 0.000, 0.000
32.233, 0.000, 0.000, 0.000
32.253, 0.000, 0.000, 0.000
32.272, 0.000, 0.000, 0.000
32.293, 0.000, 0.000, 0.000
32.313, 0.000, 0.000, 0.000
32.333, 0.000, 0.000, 0.000
32.352, 0.000, 0.000, 0.000
32.373, 0.000, 0.000, 0.000
32.393, 0.000, 0.000, 0.000
32.413, 0.000, 0.000, 0.000
32.433, 0.000, 0.000, 0.000
32.452, 0.000, 0.000, 0.000
32.473, 0.000, 0.000, 0.000
32.493, 0.000, 0.000, 0.000
32.513, 0.000, 0.000, 0.000
32.533, 0.000, 0.000, 0.000
32.553, 0.000, 0.000, 0.000
32.572, 0.000, 0.000, 0.000
32.593, 0.000, 0.000, 0.000
32.613, 0.000, 0.000, 0.000
32.633, 0.000, 0.000, 0.000
32.652, 0.000, 0.000, 0.000
32.672, 0.000, 0.000, 0.000
32.693, 0.000, 0.000, 0.000
32.713, 0.000, 0.000, 0.000
32.732, 0.000, 0.000, 0.000
32.752, 0.000, 0.000, 0.000
32.772, 0.000, 0.000, 0.000
32.793, 0.000, 0.000, 0.000
32.813, 0.000, 0.000, 0.000
32.833, 0.000, 0.000, 0.000
32.853, 0.000, 0.000, 0.000
32.872, 0.000, 0.000, 0.000
32.894, 0.000, 0.000, 0.000
32.912, 0.000, 0.000, 0.000
32.932, 0.000, 0.000, 0.000
32.953, 0.000, 0.000, 0.000
32.973, 0.000, 0.000, 0.000
32.993, 0.000, 0.000, 0.000
33.013, 0.000, 0.000, 0.000
33.032, 0.000, 0.000, 0.000
33.052, 0.000, 0.000, 0.000
33.073, 0.000, 0.000, 0.000
33.093, 0.000, 0.000, 0.000
33.113, 0.000, 0.000, 0.000
33.133, 0.000, 0.000, 0.000
33.153, 0.000, 0.000, 0.000
33.172, 0.000, 0.000, 0.000
33.192, 0.000, 0.000, 0.000
33.213, 0.000, 0.000, 0.000
33.233, 0.000, 0.000, 0.000
33.253, 0.000, 0.000, 0.000
33.273, 0.000, 0.000, 0.000
33.292, 0.000, 0.000, 0.000
33.312, 0.000, 0.000, 0.000
33.332, 0.000, 0.000, 0.000
33.353, 0.000, 0.000, 0.000
33.373, 0.000, 0.000, 0.000
33.393, 0.000, 0.000, 0.000
33.413, 0.000, 0.000, 0.000
33.432, 0.000, 0.000, 0.000
33.452, 0.000, 0.000, 0.000
33.473, 0.000, 0.000, 0.000
33.493, 0.000, 0.000, 0.000
33.513, 0.000, 0.000, 0.000
33.533, 0.000, 0.000, 0.000
33.553, 0.000, 0.000, 0.000
33.572, 0.000, 0.000, 0.000
33.592, 0.000, 0.000, 0.000
33.613, 0.000, 0.000, 0.000
33.633, 0.000, 0.000, 0.000
33.653, 0.000, 0.000, 0.000
33.673, 0.000, 0.000, 0.000
33.692, 0.000, 0.000, 0.000
33.712, 0.000, 0.000, 0.000
33.733, 0.000, 0.000, 0.000
33.753, 0.000, 0.000, 0.000
33.773, 0.000, 0.000, 0.000
33.793, 0.000, 0.000, 0.000
33.812, 0.000, 0.000, 0.000
33.832, 0.000, 0.000, 0.000
33.853, 0.000, 0.000, 0.000
33.873, 0.000, 0.000, 0.000
33.893, 0.000, 0.000, 0.000
33.913, 0.000, 0.000, 0.000
33.933, 0.000, 0.000, 0.000
33.953, 0.000, 0.000, 0.000
33.973, 0.000, 0.000, 0.000
33.992, 0.000, 0.000, 0.000
34.012, 0.000, 0.000, 0.000
34.032, 0.000, 0.000, 0.000
34.053, 0.000, 0.000, 0.000
34.072, 0.000, 0.000, 0.000
34.092, 0.000, 0.000, 0.000
34.113, 0.000, 0.000, 0.000
34.133, 0.000, 0.000, 0.000
34.153, 0.000, 0.000, 0.000
34.173, 0.000, 0.000, 0.000
34.192, 0.000, 0.000, 0.000
34.212, 0.000, 0.000, 0.000
34.233, 0.000, 0.000, 0.000
34.253, 0.000, 0.000, 0.000
34.273, 0.000, 0.000, 0.000
34.293, 0.000, 0.000, 0.000
34.312, 0.000, 0.000, 0.000
34.333, 0.000, 0.000, 0.000
34.353, 0.000, 0.000, 0.000
34.373, 0.000, 0.000, 0.000
34.393, 0.000, 0.000, 0.000
34.412, 0.000, 0.000, 0.000
34.432, 0.000, 0.000, 0.000
34.453, 0.000, 0.000, 0.000
34.473, 0.000, 0.000, 0.000
34.493, 0.000, 0.000, 0.000
34.513, 0.000, 0.000, 0.000
34.533, 0.000, 0.000, 0.000
34.553, 0.000, 0.000, 0.000
34.573, 0.000, 0.000, 0.000
34.592, 0.000, 0.000, 0.000
34.613, 0.000, 0.000, 0.000
34.633, 0.000, 0.000, 0.000
34.653, 0.000, 0.000, 0.000
34.673, 0.000, 0.000, 0.000
34.692, 0.000, 0.000, 0.000
34.713, 0.000, 0.000, 0.000
34.733, 0.000, 0.000, 0.000
34.752, 0.000, 0.000, 0.000
34.772, 0.000, 0.000, 0.000
34.793, 0.000, 0.000, 0.000
34.813, 0.000, 0.000, 0.000
34.833, 0.000, 0.000, 0.000
34.853, 0.000, 0.000, 0.000
34.873, 0.000, 0.000, 0.000
34.892, 0.000, 0.000, 0.000
34.913, 0.000, 0.000, 0.000
34.933, 0.000, 0.000, 0.000
34.953, 0.000, 0.000, 0.000
34.973, 0.000, 0.000, 0.000
34.993, 0.000, 0.000, 0.000
35.013, 0.000, 0.000, 0.000
35.033, 0.000, 0.000, 0.000
35.053, 0.000, 0.000, 0.000
35.072, 0.000, 0.000, 0.000
35.092, 0.000, 0.000, 0.000
35.112, 0.000, 0.000, 0.000
35.133, 0.000, 0.000, 0.000
35.153, 0.000, 0.000, 0.000
35.173, 0.000, 0.000, 0.000
35.193, 0.000, 0.000, 0.000
35.212, 0.000, 0.000, 0.000
35.232, 0.000, 0.000, 0.000
35.252, 0.000, 0.000, 0.000
35.273, 0.000, 0.000, 0.000
35.293, 0.000, 0.000, 0.000
35.313, 0.000, 0.000, 0.000
35.333, 0.000, 0.000, 0.000
35.352, 0.000, 0.000, 0.000
35.372, 0.000, 0.000, 0.000
35.392, 0.000, 0.000, 0.000
35.413, 0.000, 0.000, 0.000
35.433, 0.000, 0.000, 0.000
35.453, 0.000, 0.000, 0.000
35.473, 0.000, 0.000, 0.000
35.492, 0.000, 0.000, 0.000
35.513, 0.000, 0.000, 0.000
35.532, 0.000, 0.000, 0.000
35.552, 0.000, 0.000, 0.000
35.573, 0.000, 0.000, 0.000
35.593, 0.000, 0.000, 0.000
35.613, 0.000, 0.000, 0.000
35.633, 0.000, 0.000, 0.000
35.653, 0.000, 0.000, 0.000
35.672, 0.000, 0.000, 0.000
35.692, 0.000, 0.000, 0.000
35.713, 0.000, 0.000, 0.000
35.733, 0.000, 0.000, 0.000
35.753, 0.000, 0.000, 0.000
35.773, 0.000, 0.000, 0.000
35.793, 0.000, 0.000, 0.000
35.812, 0.000, 0.000, 0.000
35.833, 0.000, 0.000, 0.000
35.853, 0.000, 0.000, 0.000
35.873, 0.000, 0.000, 0.000
35.893, 0.000, 0.000, 0.000
35.912, 0.000, 0.000, 0.000
35.932, 0.000, 0.000, 0.000
35.953, 0.000, 0.000, 0.000
35.973, 0.000, 0.000, 0.000
35.993, 0.000, 0.000, 0.000
36.013, 0.000, 0.000, 0.000
36.033, 0.000, 0.000, 0.000
36.052, 0.000, 0.000, 0.000
36.072, 0.000, 0.000, 0.000
36.093, 0.000, 0.000, 0.000
36.113, 0.000, 0.000, 0.000
36.133, 0.000, 0.000, 0.000
36.153, 0.000, 0.000, 0.000
36.172, 0.000, 0.000, 0.000
36.192, 0.000, 0.000, 0.000
36.212, 0.000, 0.000, 0.000
36.233, 0.000, 0.000, 0.000
36.253, 0.000, 0.000, 0.000
36.273, 0.000, 0.000, 0.000
36.293, 0.000, 0.000, 0.000
36.312, 0.000, 0.000, 0.000
36.332, 0.000, 0.000, 0.000
36.352, 0.000, 0.000, 0.000
36.373, 0.000, 0.000, 0.000
36.393, 0.000, 0.000, 0.000
36.413, 0.000, 0.000, 0.000
36.433, 0.000, 0.000, 0.000
36.452, 0.000, 0.000, 0.000
36.473, 0.000, 0.000, 0.000
36.493, 0.000, 0.000, 0.000
36.513, 0.000, 0.000, 0.000
36.533, 0.000, 0.000, 0.000
36.553, 0.000, 0.000, 0.000
36.572, 0.000, 0.000, 0.000
36.593, 0.000, 0.000, 0.000
36.613, 0.000, 0.000, 0.000
36.633, 0.000, 0.000, 0.000
36.653, 0.000, 0.000, 0.000
36.672, 0.000, 0.000, 0.000
36.692, 0.000, 0.000, 0.000
36.712, 0.000, 0.000, 0.000
36.733, 0.000, 0.000, 0.000
36.753, 0.000, 0.000, 0.000
36.773, 0.000, 0.000, 0.000
36.793, 0.000, 0.000, 0.000
36.812, 0.000, 0.000, 0.000
36.832, 0.000, 0.000, 0.000
36.853, 0.000, 0.000, 0.000
36.873, 0.000, 0.000, 0.000
36.893, 0.000, 0.000, 0.000
36.913, 0.000, 0.000, 0.000
36.933, 0.000, 0.000, 0.000
36.952, 0.000, 0.000, 0.000
36.973, 0.000, 0.000, 0.000
36.993, 0.000, 0.000, 0.000
37.012, 0.000, 0.000, 0.000
37.032, 0.000, 0.000, 0.000
37.052, 0.000, 0.000, 0.000
37.073, 0.000, 0.000, 0.000
37.093, 0.000, 0.000, 0.000
37.113, 0.000, 0.000, 0.000
37.133, 0.000, 0.000, 0.000
37.152, 0.000, 0.000, 0.000
37.172, 0.000, 0.000, 0.000
37.192, 0.000, 0.000, 0.000
37.213, 0.000, 0.000, 0.000
37.233, 0.000, 0.000, 0.000
37.253, 0.000, 0.000, 0.000
37.272, 0.000, 0.000, 0.000
37.292, 0.000, 0.000, 0.000
37.313, 0.000, 0.000, 0.000
37.333, 0.000, 0.000, 0.000
37.353, 0.000, 0.000, 0.000
37.372, 0.000, 0.000, 0.000
37.393, 0.000, 0.000, 0.000
37.413, 0.000, 0.000, 0.000
37.433, 0.000, 0.000, 0.000
37.453, 0.000, 0.000, 0.000
37.472, 0.000, 0.000, 0.000
37.492, 0.000, 0.000, 0.000
37.512, 0.000, 0.000, 0.000
37.533, 0.000, 0.000, 0.000
37.553, 0.000, 0.000, 0.000
37.573, 0.000, 0.000, 0.000
37.593, 0.000, 0.000, 0.000
37.612, 0.000, 0.000, 0.000
37.632, 0.000, 0.000, 0.000
37.655, 0.000, 0.000, 0.000
37.672, 0.000, 0.000, 0.000
37.692, 0.000, 0.000, 0.000
37.713, 0.000, 0.000, 0.000
37.733, 0.000, 0.000, 0.000
37.753, 0.000, 0.000, 0.000
37.773, 0.000, 0.000, 0.000
37.793, 0.000, 0.000, 0.000
37.812, 0.000, 0.000, 0.000
37.833, 0.000, 0.000, 0.000
37.853, 0.000, 0.000, 0.000
37.873, 0.000, 0.000, 0.000
37.893, 0.000, 0.000, 0.000
37.913, 0.000, 0.000, 0.000
37.932, 0.000, 0.000, 0.000
37.952, 0.000, 0.000, 0.000
37.973, 0.000, 0.000, 0.000
37.993, 0.000, 0.000, 0.000
38.013, 0.000, 0.000, 0.000
38.033, 0.000, 0.000, 0.000
38.052, 0.000, 0.000, 0.000
38.072, 0.000, 0.000, 0.000
38.093, 0.000, 0.000, 0.000
38.113, 0.000, 0.000, 0.000
38.133, 0.000, 0.000, 0.000
38.153, 0.000, 0.000, 0.000
38.172, 0.000, 0.000, 0.000
38.192, 0.000, 0.000, 0.000
38.213, 0.000, 0.000, 0.000
38.233, 0.000, 0.000, 0.000
38.253, 0.000, 0.000, 0.000
38.273, 0.000, 0.000, 0.000
38.292, 0.000, 0.000, 0.000
38.313, 0.000, 0.000, 0.000
38.333, 0.000, 0.000, 0.000
38.352, 0.000, 0.000, 0.000
38.373, 0.000, 0.000, 0.000
38.393, 0.000, 0.000, 0.000
38.415, 0.000, 0.000, 0.000
38.432, 0.000, 0.000, 0.000
38.453, 0.000, 0.000, 0.000
38.473, 0.000, 0.000, 0.000
38.493, 0.000, 0.000, 0.000
38.513, 0.000, 0.000, 0.000
38.532, 0.000, 0.000, 0.000
38.552, 0.000, 0.000, 0.000
38.572, 0.000, 0.000, 0.000
38.593, 0.000, 0.000, 0.000
38.613, 0.000, 0.000, 0.000
38.632, 0.000, 0.000, 0.000
38.653, 0.000, 0.000, 0.000
38.673, 0.000, 0.000, 0.000
38.693, 0.000, 0.000, 0.000
38.712, 0.000, 0.000, 0.000
38.733, 0.000, 0.000, 0.000
38.753, 0.000, 0.000, 0.000
38.772, 0.000, 0.000, 0.000
38.793, 0.000, 0.000, 0.000
38.813, 0.000, 0.000, 0.000
38.833, 0.000, 0.000, 0.000
38.852, 0.000, 0.000, 0.000
38.872, 0.000, 0.000, 0.000
38.893, 0.000, 0.000, 0.000
38.913, 0.000, 0.000, 0.000
38.933, 0.000, 0.000, 0.000
38.953, 0.000, 0.000, 0.000
38.973, 0.000, 0.000, 0.000
38.992, 0.000, 0.000, 0.000
39.012, 0.000, 0.000, 0.000
39.033, 0.000, 0.000, 0.000
39.053, 0.000, 0.000, 0.000
39.073, 0.000, 0.000, 0.000
39.092, 0.000, 0.000, 0.000
39.112, 0.000, 0.000, 0.000
39.133, 0.000, 0.000, 0.000
39.152, 0.000, 0.000, 0.000
39.173, 0.000, 0.000, 0.000
39.193, 0.000, 0.000, 0.000
39.213, 0.000, 0.000, 0.000
39.233, 0.000, 0.000, 0.000
39.253, 0.000, 0.000, 0.000
39.272, 0.000, 0.000, 0.000
39.292, 0.000, 0.000, 0.000
39.313, 0.000, 0.000, 0.000
39.333, 0.000, 0.000, 0.000
39.353, 0.000, 0.000, 0.000
39.372, 0.000, 0.000, 0.000
39.392, 0.000, 0.000, 0.000
39.412, 0.000, 0.000, 0.000
39.433, 0.000, 0.000, 0.000
39.453, 0.000, 0.000, 0.000
39.473, 0.000, 0.000, 0.000
39.492, 0.000, 0.000, 0.000
39.512, 0.000, 0.000, 0.000
39.532, 0.000, 0.000, 0.000
39.553, 0.000, 0.000, 0.000
39.573, 0.000, 0.000, 0.000
39.593, 0.000, 0.000, 0.000
39.612, 0.000, 0.000, 0.000
39.632, 0.000, 0.000, 0.000
39.653, 0.000, 0.000, 0.000
39.673, 0.000, 0.000, 0.000
39.693, 0.000, 0.000, 0.000
39.713, 0.000, 0.000, 0.000
39.732, 0.000, 0.000, 0.000
39.752, 0.000, 0.000, 0.000
39.773, 0.000, 0.000, 0.000
39.793, 0.000, 0.000, 0.000
39.813, 0.000, 0.000, 0.000
39.833, 0.000, 0.000, 0.000
39.853, 0.000, 0.000, 0.000
39.872, 0.000, 0.000, 0.000
