0.051, 0.000, 0.000, 0.000
0.068, 0.000, 0.000, 0.000
0.085, 0.000, 0.000, 0.000
0.101, 0.000, 0.000, 0.000
0.118, 0.000, 0.000, 0.000
0.135, 0.000, 0.000, 0.000
0.151, 0.000, 0.000, 0.000
0.168, 0.000, 0.000, 0.000
0.185, 0.000, 0.000, 0.000
0.201, 0.000, 0.000, 0.000
0.218, 0.000, 0.000, 0.000
0.235, 0.000, 0.000, 0.000
0.251, 0.000, 0.000, 0.000
0.268, 0.000, 0.000, 0.000
0.285, 0.000, 0.000, 0.000
0.301, 0.000, 0.000, 0.000
0.318, 0.000, 0.000, 0.000
0.335, 0.000, 0.000, 0.000
0.351, 0.000, 0.000, 0.000
0.368, 0.000, 0.000, 0.000
0.385, 0.000, 0.000, 0.000
0.402, 0.000, 0.000, 0.000
0.418, -0.357, -0.195, 0.034
0.435, -0.357, -0.195, 0.034
0.451, -0.357, -0.195, 0.034
0.468, -0.357, -0.195, 0.034
0.485, -0.357, -0.195, 0.034
0.501, -0.357, -0.195, 0.034
0.518, -0.357, -0.195, 0.034
0.535, -0.357, -0.195, 0.034
0.551, -0.357, -0.195, 0.034
0.568, -0.357, -0.195, 0.034
0.585, -0.357, -0.195, 0.034
0.602, -0.357, -0.195, 0.034
0.618, -0.357, -0.195, 0.034
0.635, -0.357, -0.195, 0.034
0.651, -0.357, -0.195, 0.034
0.668, -0.357, -0.195, 0.034
0.685, -0.357, -0.195, 0.034
0.702, -0.357, -0.195, 0.034
0.718, -0.357, -0.195, 0.034
0.735, -0.357, -0.195, 0.034
0.752, -0.357, -0.195, 0.034
0.768, -0.357, -0.196, 0.034
0.785, -0.357, -0.195, 0.034
0.802, -0.357, -0.195, 0.034
0.818, -0.357, -0.195, 0.034
0.835, -0.357, -0.195, 0.034
0.851, -0.357, -0.195, 0.034
0.868, -0.357, -0.195, 0.034
0.885, -0.357, -0.195, 0.034
0.901, -0.357, -0.195, 0.034
0.919, -0.357, -0.195, 0.034
0.935, -0.357, -0.195, 0.034
0.951, -0.357, -0.195, 0.034
0.969, -0.357, -0.195, 0.034
0.985, -0.357, -0.195, 0.034
1.001, -0.357, -0.195, 0.034
1.018, -0.357, -0.195, 0.034
1.035, -0.357, -0.195, 0.034
1.051, -0.357, -0.195, 0.034
1.068, -0.357, -0.195, 0.034
1.085, -0.357, -0.195, 0.034
1.101, -0.357, -0.195, 0.034
1.118, -0.357, -0.195, 0.034
1.135, -0.357, -0.195, 0.034
1.151, -0.357, -0.195, 0.034
1.168, -0.357, -0.195, 0.034
1.185, -0.357, -0.195, 0.034
1.202, -0.357, -0.195, 0.034
1.218, -0.357, -0.195, 0.034
1.235, -0.357, -0.195, 0.034
1.251, -0.357, -0.195, 0.034
1.268, -0.357, -0.195, 0.034
1.285, -0.357, -0.195, 0.034
1.301, -0.357, -0.195, 0.034
1.318, -0.357, -0.195, 0.034
1.335, -0.357, -0.195, 0.034
1.351, -0.357, -0.195, 0.034
1.368, -0.357, -0.195, 0.034
1.385, -0.357, -0.195, 0.034
1.401, -0.357, -0.195, 0.034
1.418, -0.357, -0.195, 0.034
1.435, -0.357, -0.195, 0.034
1.451, -0.357, -0.195, 0.034
1.468, -0.357, -0.195, 0.034
1.485, -0.357, -0.195, 0.034
1.501, -0.357, -0.195, 0.034
1.518, -0.357, -0.195, 0.034
1.535, -0.357, -0.195, 0.034
1.551, -0.357, -0.195, 0.034
1.568, -0.357, -0.195, 0.034
1.585, -0.357, -0.195, 0.034
1.601, -0.357, -0.195, 0.034
1.618, -0.357, -0.195, 0.034
1.635, -0.357, -0.195, 0.034
1.652, -0.357, -0.195, 0.034
1.668, -0.357, -0.195, 0.034
1.685, -0.357, -0.195, 0.034
1.701, -0.357, -0.195, 0.034
1.718, -0.357, -0.195, 0.034
1.735, -0.357, -0.195, 0.034
1.752, -0.357, -0.195, 0.034
1.768, -0.357, -0.195, 0.034
1.785, -0.357, -0.196, 0.034
1.802, -0.357, -0.195, 0.034
1.818, -0.357, -0.195, 0.034
1.835, -0.357, -0.195, 0.034
1.852, -0.357, -0.195, 0.034
1.868, -0.357, -0.195, 0.034
1.885, -0.357, -0.195, 0.034
1.902, -0.357, -0.195, 0.034
1.918, -0.357, -0.195, 0.034
1.935, -0.357, -0.195, 0.034
1.951, -0.357, -0.195, 0.034
1.968, -0.357, -0.195, 0.034
1.985, -0.357, -0.195, 0.034
2.001, -0.357, -0.195, 0.034
2.018, -0.357, -0.195, 0.034
2.035, -0.357, -0.195, 0.034
2.052, -0.357, -0.195, 0.034
2.068, -0.357, -0.195, 0.034
2.085, -0.357, -0.195, 0.034
2.102, -0.357, -0.195, 0.034
2.118, -0.357, -0.195, 0.034
2.135, -0.357, -0.195, 0.034
2.151, -0.357, -0.195, 0.034
2.168, -0.357, -0.195, 0.034
2.185, -0.357, -0.195, 0.034
2.202, -0.357, -0.195, 0.034
2.218, -0.357, -0.195, 0.034
2.235, -0.357, -0.195, 0.034
2.252, -0.357, -0.195, 0.034
2.268, -0.357, -0.195, 0.034
2.285, -0.357, -0.195, 0.034
2.302, -0.357, -0.195, 0.034
2.318, -0.357, -0.195, 0.034
2.335, -0.357, -0.195, 0.034
2.351, -0.357, -0.195, 0.034
2.368, -0.357, -0.196, 0.034
2.385, -0.357, -0.195, 0.034
2.401, -0.357, -0.195, 0.034
2.418, -0.357, -0.196, 0.034
2.435, -0.357, -0.195, 0.034
2.451, -0.357, -0.195, 0.034
2.468, -0.357, -0.195, 0.034
2.485, -0.357, -0.195, 0.034
2.501, -0.357, -0.195, 0.034
2.518, -0.357, -0.195, 0.034
2.535, -0.357, -0.195, 0.034
2.552, -0.357, -0.195, 0.034
2.568, -0.357, -0.195, 0.034
2.585, -0.357, -0.195, 0.034
2.601, -0.357, -0.195, 0.034
2.618, -0.357, -0.195, 0.034
2.635, -0.357, -0.195, 0.034
2.651, -0.357, -0.195, 0.034
2.668, -0.357, -0.195, 0.034
2.685, -0.357, -0.195, 0.034
2.701, -0.357, -0.195, 0.034
2.718, -0.357, -0.195, 0.034
2.735, -0.357, -0.195, 0.034
2.751, -0.357, -0.195, 0.034
2.768, -0.357, -0.195, 0.034
2.785, -0.357, -0.195, 0.034
2.801, -0.357, -0.195, 0.034
2.818, -0.357, -0.195, 0.034
2.835, -0.357, -0.195, 0.034
2.851, -0.357, -0.195, 0.034
2.868, -0.357, -0.195, 0.034
2.885, -0.357, -0.195, 0.034
2.901, -0.357, -0.195, 0.034
2.918, -0.357, -0.196, 0.034
2.935, -0.357, -0.195, 0.034
2.951, -0.357, -0.195, 0.034
2.968, -0.357, -0.195, 0.034
2.985, -0.357, -0.195, 0.034
3.001, -0.357, -0.195, 0.034
3.018, -0.357, -0.195, 0.034
3.035, -0.357, -0.195, 0.034
3.051, -0.357, -0.195, 0.034
3.068, -0.357, -0.195, 0.034
3.085, -0.357, -0.195, 0.034
3.101, -0.357, -0.195, 0.034
3.118, -0.357, -0.195, 0.034
3.135, -0.357, -0.195, 0.034
3.151, -0.357, -0.195, 0.034
3.168, -0.357, -0.195, 0.034
3.185, -0.357, -0.195, 0.034
3.201, -0.357, -0.195, 0.034
3.218, -0.357, -0.195, 0.034
3.235, -0.357, -0.195, 0.034
3.251, -0.357, -0.195, 0.034
3.268, -0.357, -0.195, 0.034
3.285, -0.357, -0.195, 0.034
3.301, -0.357, -0.195, 0.034
3.318, -0.357, -0.195, 0.034
3.335, -0.357, -0.195, 0.034
3.351, -0.357, -0.195, 0.034
3.368, -0.357, -0.195, 0.034
3.385, -0.357, -0.195, 0.034
3.401, -0.357, -0.195, 0.034
3.418, -0.357, -0.195, 0.034
3.435, -0.357, -0.195, 0.034
3.451, -0.357, -0.195, 0.034
3.468, -0.357, -0.195, 0.034
3.485, -0.357, -0.195, 0.034
3.501, -0.357, -0.195, 0.034
3.518, -0.357, -0.195, 0.034
3.535, -0.357, -0.195, 0.034
3.551, -0.357, -0.195, 0.034
3.568, -0.357, -0.195, 0.034
3.585, -0.357, -0.195, 0.034
3.601, -0.357, -0.195, 0.034
3.618, -0.357, -0.195, 0.034
3.635, -0.357, -0.195, 0.034
3.651, -0.357, -0.195, 0.034
3.668, -0.357, -0.195, 0.034
3.685, -0.357, -0.195, 0.034
3.701, -0.357, -0.195, 0.034
3.718, -0.357, -0.195, 0.034
3.735, -0.357, -0.195, 0.034
3.751, -0.357, -0.195, 0.034
3.768, -0.357, -0.195, 0.034
3.785, -0.357, -0.195, 0.034
3.801, -0.357, -0.195, 0.034
3.818, -0.357, -0.195, 0.034
3.835, -0.357, -0.195, 0.034
3.851, -0.357, -0.195, 0.034
3.868, -0.357, -0.195, 0.034
3.885, -0.357, -0.195, 0.034
3.901, -0.357, -0.195, 0.034
3.918, -0.357, -0.195, 0.034
3.935, -0.357, -0.195, 0.034
3.951, -0.357, -0.195, 0.034
3.968, -0.357, -0.196, 0.034
3.985, -0.357, -0.195, 0.034
4.001, -0.357, -0.195, 0.034
4.018, -0.357, -0.195, 0.034
4.035, -0.357, -0.195, 0.034
4.051, -0.357, -0.195, 0.034
4.068, -0.357, -0.195, 0.034
4.085, -0.357, -0.195, 0.034
4.101, -0.357, -0.195, 0.034
4.118, -0.357, -0.195, 0.034
4.135, -0.357, -0.195, 0.034
4.151, -0.357, -0.195, 0.034
4.169, -0.357, -0.195, 0.034
4.185, -0.357, -0.195, 0.034
4.201, -0.357, -0.195, 0.034
4.219, -0.357, -0.195, 0.034
4.236, -0.357, -0.195, 0.034
4.251, -0.357, -0.195, 0.034
4.268, -0.357, -0.195, 0.034
4.285, -0.357, -0.195, 0.034
4.301, -0.357, -0.195, 0.034
4.318, -0.357, -0.195, 0.034
4.335, -0.357, -0.195, 0.034
4.351, -0.357, -0.195, 0.034
4.369, -0.357, -0.195, 0.034
4.385, -0.357, -0.195, 0.034
4.401, -0.357, -0.195, 0.034
4.419, -0.357, -0.195, 0.034
4.435, -0.357, -0.195, 0.034
4.451, -0.357, -0.195, 0.034
4.468, -0.357, -0.195, 0.034
4.485, -0.357, -0.195, 0.034
4.501, -0.357, -0.195, 0.034
4.519, -0.357, -0.195, 0.034
4.535, -0.357, -0.195, 0.034
4.551, -0.357, -0.195, 0.034
4.568, -0.357, -0.195, 0.034
4.585, -0.357, -0.195, 0.034
4.602, -0.357, -0.195, 0.034
4.618, -0.357, -0.195, 0.034
4.635, -0.357, -0.195, 0.034
4.652, -0.357, -0.195, 0.034
4.668, -0.357, -0.195, 0.034
4.685, -0.357, -0.195, 0.034
4.702, -0.357, -0.195, 0.034
4.719, -0.357, -0.195, 0.034
4.735, -0.357, -0.195, 0.034
4.751, -0.357, -0.195, 0.034
4.768, -0.357, -0.195, 0.034
4.785, -0.357, -0.195, 0.034
4.801, -0.357, -0.195, 0.034
4.818, -0.357, -0.195, 0.034
4.835, -0.357, -0.195, 0.034
4.851, -0.357, -0.195, 0.034
4.868, -0.357, -0.195, 0.034
4.885, -0.357, -0.195, 0.034
4.901, -0.357, -0.195, 0.034
4.918, -0.357, -0.195, 0.034
4.935, -0.357, -0.195, 0.034
4.951, -0.357, -0.195, 0.034
4.968, -0.357, -0.195, 0.034
4.985, -0.357, -0.195, 0.034
5.001, -0.357, -0.195, 0.034
5.018, -0.357, -0.195, 0.034
5.035, -0.357, -0.195, 0.034
5.051, -0.357, -0.195, 0.034
5.068, -0.357, -0.195, 0.034
5.085, -0.357, -0.195, 0.034
5.101, -0.357, -0.195, 0.034
5.118, -0.357, -0.195, 0.034
5.135, -0.357, -0.195, 0.034
5.151, -0.357, -0.195, 0.034
5.168, -0.357, -0.195, 0.034
5.185, -0.357, -0.195, 0.034
5.201, -0.357, -0.195, 0.034
5.218, -0.357, -0.195, 0.034
5.235, -0.357, -0.195, 0.034
5.251, -0.357, -0.195, 0.034
5.268, -0.357, -0.195, 0.034
5.285, -0.357, -0.195, 0.034
5.302, -0.357, -0.195, 0.034
5.318, -0.357, -0.195, 0.034
5.335, -0.357, -0.195, 0.034
5.351, -0.357, -0.195, 0.034
5.368, -0.357, -0.195, 0.034
5.385, -0.357, -0.195, 0.034
5.401, -0.357, -0.195, 0.034
5.418, -0.357, -0.195, 0.034
5.435, -0.357, -0.195, 0.034
5.451, -0.357, -0.195, 0.034
5.468, -0.357, -0.195, 0.034
5.485, -0.357, -0.195, 0.034
5.501, -0.357, -0.195, 0.034
5.518, -0.357, -0.195, 0.034
5.535, -0.357, -0.195, 0.034
5.551, -0.357, -0.195, 0.034
5.568, -0.357, -0.195, 0.034
5.585, -0.357, -0.195, 0.034
5.601, -0.357, -0.195, 0.034
5.618, -0.357, -0.195, 0.034
5.635, -0.357, -0.195, 0.034
5.651, -0.357, -0.195, 0.034
5.668, -0.357, -0.195, 0.034
5.685, -0.357, -0.195, 0.034
5.701, -0.357, -0.195, 0.034
5.718, -0.357, -0.195, 0.034
5.735, -0.357, -0.195, 0.034
5.751, -0.357, -0.195, 0.034
5.768, -0.357, -0.195, 0.034
5.785, -0.357, -0.195, 0.034
5.801, -0.357, -0.196, 0.034
5.818, -0.357, -0.195, 0.034
5.835, -0.357, -0.195, 0.034
5.852, -0.357, -0.195, 0.034
5.868, -0.357, -0.195, 0.034
5.885, -0.357, -0.196, 0.034
5.902, -0.357, -0.195, 0.034
5.918, -0.357, -0.195, 0.034
5.935, -0.357, -0.196, 0.034
5.952, -0.357, -0.195, 0.034
5.968, -0.357, -0.195, 0.034
5.985, -0.357, -0.195, 0.034
6.001, -0.357, -0.195, 0.034
6.018, -0.357, -0.195, 0.034
6.035, -0.357, -0.195, 0.034
6.051, -0.357, -0.195, 0.034
6.068, -0.357, -0.196, 0.034
6.085, -0.357, -0.195, 0.034
6.101, -0.357, -0.195, 0.034
6.118, -0.357, -0.195, 0.034
6.135, -0.357, -0.195, 0.034
6.151, -0.357, -0.195, 0.034
6.168, -0.357, -0.195, 0.034
6.185, -0.357, -0.195, 0.034
6.201, -0.357, -0.195, 0.034
6.218, -0.357, -0.195, 0.034
6.235, -0.357, -0.195, 0.034
6.251, -0.357, -0.195, 0.034
6.268, -0.357, -0.195, 0.034
6.285, -0.357, -0.195, 0.034
6.301, -0.357, -0.195, 0.034
6.318, -0.357, -0.195, 0.034
6.335, -0.357, -0.195, 0.034
6.351, -0.357, -0.195, 0.034
6.368, -0.357, -0.195, 0.034
6.385, -0.357, -0.195, 0.034
6.401, -0.357, -0.195, 0.034
6.418, -0.357, -0.195, 0.034
6.435, -0.357, -0.195, 0.034
6.451, -0.357, -0.195, 0.034
6.468, -0.357, -0.195, 0.034
6.485, -0.357, -0.195, 0.034
6.501, -0.356, -0.195, 0.034
6.519, -0.357, -0.195, 0.034
6.535, -0.357, -0.195, 0.034
6.551, -0.356, -0.195, 0.034
6.568, -0.357, -0.195, 0.034
6.585, -0.356, -0.195, 0.034
6.601, -0.356, -0.195, 0.034
6.618, -0.357, -0.195, 0.034
6.635, -0.356, -0.195, 0.034
6.651, -0.356, -0.195, 0.034
6.668, -0.356, -0.195, 0.034
6.685, -0.356, -0.195, 0.034
6.701, -0.356, -0.195, 0.034
6.718, -0.356, -0.195, 0.034
6.735, -0.356, -0.195, 0.034
6.751, -0.356, -0.195, 0.034
6.768, -0.356, -0.195, 0.034
6.785, -0.356, -0.195, 0.034
6.801, -0.356, -0.195, 0.034
6.818, -0.356, -0.195, 0.034
6.835, -0.356, -0.195, 0.034
6.851, -0.356, -0.195, 0.034
6.868, -0.356, -0.195, 0.034
6.885, -0.357, -0.195, 0.034
6.901, -0.356, -0.195, 0.034
6.918, -0.357, -0.195, 0.034
6.935, -0.357, -0.195, 0.034
6.951, -0.356, -0.195, 0.034
6.968, -0.357, -0.195, 0.034
6.985, -0.357, -0.195, 0.034
7.001, -0.357, -0.195, 0.034
7.018, -0.357, -0.195, 0.034
7.035, -0.357, -0.195, 0.034
7.051, -0.357, -0.195, 0.034
7.068, -0.357, -0.195, 0.034
7.085, -0.357, -0.195, 0.034
7.101, -0.357, -0.195, 0.034
7.118, -0.357, -0.195, 0.034
7.135, -0.357, -0.195, 0.034
7.151, -0.357, -0.195, 0.034
7.168, -0.357, -0.196, 0.034
7.185, -0.357, -0.196, 0.034
7.201, -0.357, -0.196, 0.034
7.218, -0.357, -0.196, 0.034
7.235, -0.357, -0.196, 0.034
7.251, -0.357, -0.196, 0.034
7.268, -0.357, -0.196, 0.034
7.285, -0.357, -0.196, 0.034
7.301, -0.357, -0.196, 0.034
7.318, -0.357, -0.196, 0.034
7.335, -0.357, -0.196, 0.034
7.351, -0.357, -0.196, 0.034
7.368, -0.357, -0.196, 0.034
7.385, -0.357, -0.196, 0.034
7.401, -0.357, -0.196, 0.034
7.418, -0.357, -0.196, 0.034
7.435, -0.357, -0.196, 0.034
7.451, -0.357, -0.196, 0.034
7.468, -0.357, -0.196, 0.034
7.485, -0.357, -0.196, 0.034
7.501, -0.357, -0.196, 0.034
7.518, -0.357, -0.196, 0.034
7.535, -0.357, -0.196, 0.034
7.551, -0.357, -0.196, 0.034
7.568, -0.357, -0.196, 0.034
7.585, -0.357, -0.196, 0.034
7.601, -0.357, -0.196, 0.034
7.618, -0.357, -0.196, 0.034
7.635, -0.357, -0.196, 0.034
7.652, -0.357, -0.196, 0.034
7.668, -0.357, -0.196, 0.034
7.685, -0.357, -0.196, 0.034
7.701, -0.357, -0.196, 0.034
7.718, -0.357, -0.196, 0.034
7.735, -0.357, -0.196, 0.034
7.751, -0.357, -0.196, 0.034
7.768, -0.357, -0.196, 0.034
7.785, -0.357, -0.196, 0.035
7.801, -0.357, -0.196, 0.034
7.818, -0.357, -0.196, 0.034
7.835, -0.357, -0.196, 0.035
7.851, -0.357, -0.196, 0.034
7.868, -0.357, -0.196, 0.034
7.885, -0.357, -0.196, 0.034
7.901, -0.357, -0.196, 0.034
7.918, -0.357, -0.196, 0.035
7.935, -0.357, -0.196, 0.034
7.951, -0.357, -0.196, 0.035
7.968, -0.357, -0.196, 0.034
7.985, -0.357, -0.196, 0.034
8.001, -0.357, -0.196, 0.035
8.018, -0.357, -0.196, 0.034
8.035, -0.357, -0.196, 0.034
8.051, -0.357, -0.196, 0.035
8.068, -0.357, -0.196, 0.034
8.085, -0.357, -0.196, 0.035
8.101, -0.357, -0.196, 0.035
8.118, -0.357, -0.196, 0.035
8.135, -0.357, -0.196, 0.034
8.151, -0.357, -0.196, 0.034
8.168, -0.357, -0.196, 0.035
8.185, -0.357, -0.196, 0.035
8.201, -0.357, -0.196, 0.035
8.218, -0.357, -0.196, 0.035
8.235, -0.357, -0.196, 0.035
8.251, -0.357, -0.196, 0.035
8.268, -0.357, -0.196, 0.035
8.285, -0.357, -0.196, 0.035
8.302, -0.356, -0.196, 0.035
8.318, -0.356, -0.196, 0.036
8.335, -0.357, -0.196, 0.034
8.351, -0.356, -0.195, 0.036
8.368, -0.355, -0.195, 0.036
8.385, -0.355, -0.195, 0.036
8.401, -0.354, -0.195, 0.036
8.418, -0.354, -0.195, 0.036
8.435, -0.354, -0.195, 0.036
8.452, -0.353, -0.195, 0.036
8.468, -0.352, -0.194, 0.037
8.485, -0.352, -0.194, 0.037
8.501, -0.351, -0.194, 0.038
8.518, -0.350, -0.194, 0.038
8.535, -0.349, -0.194, 0.037
8.551, -0.347, -0.194, 0.038
8.568, -0.346, -0.193, 0.038
8.585, -0.345, -0.193, 0.039
8.601, -0.343, -0.192, 0.040
8.618, -0.341, -0.192, 0.040
8.635, -0.340, -0.192, 0.040
8.651, -0.338, -0.192, 0.041
8.668, -0.334, -0.191, 0.041
8.685, -0.333, -0.191, 0.041
8.701, -0.330, -0.191, 0.042
8.718, -0.325, -0.191, 0.042
8.735, -0.324, -0.191, 0.042
8.751, -0.320, -0.191, 0.043
8.768, -0.315, -0.191, 0.044
8.785, -0.313, -0.191, 0.045
8.801, -0.309, -0.191, 0.046
8.818, -0.303, -0.191, 0.048
8.835, -0.301, -0.191, 0.049
8.851, -0.296, -0.191, 0.050
8.868, -0.289, -0.192, 0.053
8.885, -0.287, -0.192, 0.053
8.901, -0.282, -0.192, 0.055
8.918, -0.274, -0.192, 0.058
8.935, -0.271, -0.193, 0.059
8.951, -0.265, -0.193, 0.061
8.968, -0.257, -0.193, 0.065
8.985, -0.254, -0.193, 0.066
9.001, -0.247, -0.194, 0.068
9.018, -0.238, -0.194, 0.072
9.035, -0.235, -0.195, 0.074
9.051, -0.228, -0.195, 0.077
9.068, -0.218, -0.196, 0.081
9.085, -0.214, -0.196, 0.083
9.101, -0.207, -0.196, 0.087
9.118, -0.196, -0.197, 0.092
9.135, -0.193, -0.197, 0.093
9.151, -0.186, -0.199, 0.095
9.168, -0.175, -0.199, 0.102
9.185, -0.172, -0.199, 0.104
9.201, -0.164, -0.199, 0.107
9.218, -0.154, -0.200, 0.112
9.235, -0.151, -0.201, 0.114
9.252, -0.144, -0.201, 0.117
9.268, -0.135, -0.202, 0.123
9.285, -0.132, -0.202, 0.125
9.301, -0.126, -0.202, 0.128
9.318, -0.118, -0.203, 0.133
9.335, -0.115, -0.203, 0.135
9.351, -0.111, -0.203, 0.138
9.368, -0.104, -0.203, 0.142
9.385, -0.101, -0.203, 0.145
9.401, -0.098, -0.203, 0.148
9.418, -0.092, -0.203, 0.152
9.435, -0.091, -0.203, 0.154
9.451, -0.088, -0.202, 0.157
9.468, -0.085, -0.202, 0.162
9.485, -0.084, -0.202, 0.163
9.501, -0.082, -0.201, 0.166
9.518, -0.081, -0.200, 0.171
9.535, -0.080, -0.200, 0.172
9.552, -0.080, -0.200, 0.174
9.568, -0.080, -0.198, 0.179
9.585, -0.081, -0.198, 0.181
9.601, -0.082, -0.197, 0.184
9.618, -0.084, -0.197, 0.188
9.635, -0.086, -0.196, 0.189
9.651, -0.088, -0.196, 0.191
9.668, -0.094, -0.195, 0.194
9.685, -0.096, -0.195, 0.195
9.701, -0.100, -0.194, 0.197
9.718, -0.108, -0.193, 0.199
9.735, -0.111, -0.193, 0.200
9.751, -0.119, -0.191, 0.201
9.768, -0.130, -0.189, 0.202
9.785, -0.134, -0.188, 0.202
9.801, -0.143, -0.186, 0.203
9.818, -0.156, -0.182, 0.206
9.835, -0.161, -0.180, 0.207
9.851, -0.171, -0.177, 0.208
9.868, -0.188, -0.171, 0.210
9.885, -0.194, -0.169, 0.211
9.901, -0.205, -0.165, 0.213
9.918, -0.224, -0.158, 0.216
9.935, -0.230, -0.156, 0.217
9.951, -0.243, -0.151, 0.220
9.968, -0.263, -0.144, 0.223
9.985, -0.270, -0.141, 0.225
10.001, -0.283, -0.136, 0.227
10.018, -0.304, -0.128, 0.232
10.035, -0.311, -0.125, 0.233
10.052, -0.326, -0.120, 0.236
10.068, -0.347, -0.113, 0.239
10.085, -0.355, -0.111, 0.239
10.101, -0.369, -0.105, 0.244
10.118, -0.390, -0.097, 0.247
10.135, -0.397, -0.095, 0.249
10.151, -0.411, -0.089, 0.252
10.168, -0.432, -0.082, 0.257
10.185, -0.439, -0.079, 0.257
10.201, -0.453, -0.074, 0.260
10.218, -0.473, -0.067, 0.265
10.235, -0.479, -0.065, 0.266
10.251, -0.493, -0.060, 0.268
10.268, -0.512, -0.052, 0.273
10.285, -0.518, -0.050, 0.276
10.301, -0.531, -0.046, 0.278
10.318, -0.548, -0.039, 0.282
10.335, -0.553, -0.037, 0.284
10.351, -0.565, -0.032, 0.287
10.368, -0.580, -0.025, 0.292
10.385, -0.586, -0.023, 0.294
10.401, -0.596, -0.019, 0.297
10.418, -0.610, -0.013, 0.301
10.435, -0.615, -0.010, 0.304
10.451, -0.624, -0.007, 0.306
10.468, -0.638, -0.001, 0.309
10.485, -0.641, 0.001, 0.311
10.501, -0.649, 0.005, 0.314
10.518, -0.660, 0.011, 0.318
10.535, -0.663, 0.012, 0.320
10.551, -0.670, 0.016, 0.322
10.568, -0.678, 0.020, 0.327
10.585, -0.681, 0.022, 0.329
10.602, -0.687, 0.025, 0.332
10.618, -0.694, 0.029, 0.336
10.635, -0.697, 0.031, 0.338
10.652, -0.701, 0.033, 0.341
10.668, -0.707, 0.036, 0.345
10.685, -0.709, 0.038, 0.347
10.701, -0.712, 0.040, 0.350
10.718, -0.717, 0.042, 0.354
10.735, -0.718, 0.043, 0.356
10.751, -0.721, 0.045, 0.359
10.768, -0.724, 0.047, 0.363
10.785, -0.725, 0.047, 0.364
10.802, -0.727, 0.049, 0.367
10.818, -0.729, 0.050, 0.371
10.835, -0.730, 0.050, 0.372
10.852, -0.731, 0.051, 0.375
10.868, -0.733, 0.051, 0.379
10.885, -0.733, 0.051, 0.380
10.902, -0.734, 0.051, 0.382
10.918, -0.735, 0.051, 0.385
10.935, -0.735, 0.051, 0.387
10.951, -0.736, 0.051, 0.389
10.969, -0.737, 0.050, 0.392
10.985, -0.737, 0.050, 0.393
11.001, -0.737, 0.049, 0.395
11.018, -0.738, 0.048, 0.398
11.035, -0.738, 0.047, 0.399
11.051, -0.738, 0.046, 0.401
11.068, -0.739, 0.044, 0.403
11.085, -0.739, 0.044, 0.404
11.101, -0.740, 0.042, 0.406
11.118, -0.740, 0.040, 0.408
11.135, -0.740, 0.039, 0.410
11.152, -0.740, 0.037, 0.411
11.168, -0.742, 0.035, 0.412
11.185, -0.741, 0.035, 0.415
11.202, -0.742, 0.032, 0.415
11.218, -0.743, 0.030, 0.418
11.235, -0.743, 0.029, 0.419
11.251, -0.744, 0.027, 0.419
11.268, -0.745, 0.024, 0.422
11.285, -0.745, 0.023, 0.423
11.301, -0.747, 0.021, 0.424
11.318, -0.748, 0.018, 0.426
11.335, -0.749, 0.018, 0.427
11.352, -0.749, 0.016, 0.429
11.368, -0.751, 0.013, 0.431
11.385, -0.752, 0.012, 0.431
11.401, -0.753, 0.011, 0.432
11.418, -0.756, 0.008, 0.434
11.435, -0.757, 0.007, 0.434
11.451, -0.758, 0.006, 0.436
11.468, -0.761, 0.004, 0.438
11.485, -0.762, 0.003, 0.438
11.501, -0.764, 0.002, 0.439
11.519, -0.766, -0.000, 0.441
11.535, -0.767, -0.000, 0.442
11.552, -0.769, -0.002, 0.443
11.569, -0.772, -0.003, 0.444
11.585, -0.774, -0.004, 0.445
11.602, -0.776, -0.005, 0.446
11.618, -0.779, -0.006, 0.448
11.635, -0.780, -0.006, 0.448
11.652, -0.782, -0.007, 0.449
11.668, -0.786, -0.008, 0.451
11.685, -0.787, -0.008, 0.451
11.702, -0.790, -0.008, 0.452
11.719, -0.793, -0.009, 0.454
11.735, -0.794, -0.010, 0.454
11.751, -0.796, -0.010, 0.455
11.768, -0.799, -0.010, 0.456
11.785, -0.800, -0.010, 0.457
11.802, -0.803, -0.011, 0.458
11.818, -0.806, -0.011, 0.459
11.835, -0.807, -0.011, 0.459
11.852, -0.809, -0.011, 0.460
11.868, -0.813, -0.011, 0.460
11.885, -0.813, -0.011, 0.461
11.901, -0.816, -0.011, 0.461
11.918, -0.819, -0.011, 0.462
11.935, -0.820, -0.011, 0.462
11.951, -0.821, -0.011, 0.463
11.968, -0.824, -0.010, 0.463
11.985, -0.825, -0.010, 0.463
12.001, -0.826, -0.010, 0.464
12.018, -0.829, -0.009, 0.464
12.035, -0.829, -0.009, 0.465
12.051, -0.831, -0.009, 0.465
12.068, -0.833, -0.009, 0.464
12.086, -0.834, -0.009, 0.465
12.102, -0.835, -0.008, 0.467
12.118, -0.837, -0.007, 0.466
12.135, -0.837, -0.007, 0.466
12.151, -0.839, -0.007, 0.466
12.168, -0.840, -0.006, 0.467
12.185, -0.840, -0.006, 0.467
12.201, -0.841, -0.006, 0.467
12.218, -0.842, -0.005, 0.467
12.235, -0.843, -0.005, 0.467
12.251, -0.843, -0.005, 0.467
12.268, -0.845, -0.004, 0.466
12.285, -0.844, -0.004, 0.467
12.301, -0.845, -0.003, 0.467
12.318, -0.845, -0.003, 0.467
12.335, -0.845, -0.003, 0.467
12.351, -0.846, -0.002, 0.468
12.368, -0.846, -0.001, 0.468
12.385, -0.846, -0.001, 0.468
12.401, -0.846, -0.001, 0.468
12.418, -0.846, 0.000, 0.468
12.435, -0.846, 0.000, 0.468
12.451, -0.846, 0.001, 0.468
12.468, -0.846, 0.002, 0.469
12.485, -0.846, 0.002, 0.469
12.501, -0.846, 0.003, 0.469
12.518, -0.845, 0.004, 0.469
12.535, -0.845, 0.004, 0.469
12.551, -0.844, 0.005, 0.470
12.568, -0.845, 0.006, 0.470
12.585, -0.844, 0.006, 0.470
12.601, -0.844, 0.008, 0.470
12.618, -0.843, 0.008, 0.471
12.635, -0.843, 0.009, 0.471
12.651, -0.843, 0.010, 0.472
12.668, -0.842, 0.011, 0.473
12.685, -0.842, 0.011, 0.473
12.701, -0.841, 0.012, 0.473
12.718, -0.840, 0.014, 0.474
12.735, -0.840, 0.013, 0.474
12.751, -0.839, 0.015, 0.475
12.768, -0.839, 0.016, 0.476
12.785, -0.839, 0.016, 0.475
12.801, -0.838, 0.017, 0.476
12.818, -0.837, 0.018, 0.478
12.835, -0.837, 0.018, 0.477
12.851, -0.836, 0.020, 0.478
12.868, -0.836, 0.021, 0.479
12.885, -0.835, 0.021, 0.479
12.901, -0.835, 0.022, 0.480
12.918, -0.834, 0.023, 0.481
12.935, -0.833, 0.023, 0.481
12.951, -0.833, 0.024, 0.482
12.968, -0.833, 0.025, 0.483
12.985, -0.832, 0.026, 0.483
13.001, -0.832, 0.026, 0.484
13.018, -0.831, 0.027, 0.485
13.035, -0.831, 0.028, 0.485
13.051, -0.831, 0.028, 0.485
13.068, -0.830, 0.029, 0.486
13.085, -0.831, 0.030, 0.486
13.102, -0.830, 0.030, 0.487
13.118, -0.830, 0.030, 0.487
13.135, -0.830, 0.031, 0.488
13.152, -0.830, 0.031, 0.488
13.169, -0.829, 0.031, 0.489
13.185, -0.829, 0.032, 0.489
13.201, -0.830, 0.032, 0.489
13.218, -0.830, 0.032, 0.489
13.235, -0.830, 0.032, 0.490
13.251, -0.830, 0.032, 0.490
13.268, -0.830, 0.032, 0.490
13.285, -0.830, 0.032, 0.491
13.301, -0.831, 0.032, 0.491
13.318, -0.832, 0.032, 0.491
13.335, -0.832, 0.032, 0.491
13.351, -0.832, 0.032, 0.491
13.368, -0.832, 0.031, 0.491
13.385, -0.832, 0.031, 0.491
13.401, -0.834, 0.030, 0.490
13.418, -0.835, 0.030, 0.490
13.435, -0.835, 0.030, 0.490
13.451, -0.835, 0.030, 0.490
13.468, -0.836, 0.029, 0.489
13.485, -0.837, 0.029, 0.488
13.501, -0.837, 0.029, 0.488
13.518, -0.839, 0.028, 0.487
13.535, -0.839, 0.028, 0.487
13.551, -0.840, 0.028, 0.486
13.568, -0.840, 0.027, 0.485
13.585, -0.840, 0.027, 0.484
13.601, -0.842, 0.027, 0.483
13.618, -0.842, 0.026, 0.482
13.635, -0.843, 0.025, 0.481
13.651, -0.843, 0.025, 0.481
13.668, -0.844, 0.025, 0.479
13.685, -0.844, 0.025, 0.479
13.701, -0.846, 0.024, 0.478
13.718, -0.846, 0.024, 0.477
13.735, -0.846, 0.024, 0.477
13.752, -0.846, 0.024, 0.476
13.768, -0.847, 0.023, 0.475
13.785, -0.848, 0.023, 0.475
13.801, -0.848, 0.023, 0.474
13.818, -0.849, 0.023, 0.473
13.835, -0.850, 0.023, 0.473
13.852, -0.850, 0.023, 0.472
13.868, -0.851, 0.023, 0.471
13.885, -0.851, 0.023, 0.471
13.901, -0.852, 0.023, 0.470
13.918, -0.853, 0.023, 0.469
13.935, -0.853, 0.022, 0.469
13.951, -0.853, 0.023, 0.468
13.968, -0.854, 0.022, 0.467
13.985, -0.854, 0.023, 0.467
14.001, -0.854, 0.023, 0.467
14.018, -0.855, 0.023, 0.466
14.035, -0.855, 0.023, 0.465
14.051, -0.856, 0.023, 0.465
14.068, -0.857, 0.024, 0.464
14.085, -0.856, 0.024, 0.464
14.101, -0.857, 0.024, 0.464
14.118, -0.857, 0.024, 0.463
14.135, -0.857, 0.024, 0.462
14.151, -0.858, 0.024, 0.462
14.168, -0.858, 0.025, 0.461
14.185, -0.859, 0.025, 0.461
14.201, -0.858, 0.025, 0.460
14.218, -0.859, 0.025, 0.460
14.235, -0.859, 0.026, 0.459
14.251, -0.859, 0.026, 0.459
14.268, -0.858, 0.027, 0.459
14.285, -0.858, 0.026, 0.458
14.301, -0.859, 0.027, 0.457
14.318, -0.859, 0.027, 0.456
14.335, -0.859, 0.028, 0.456
14.351, -0.859, 0.027, 0.455
14.368, -0.859, 0.028, 0.455
14.385, -0.859, 0.028, 0.455
14.401, -0.859, 0.028, 0.454
14.418, -0.859, 0.029, 0.454
14.435, -0.858, 0.029, 0.454
14.452, -0.858, 0.029, 0.453
14.468, -0.858, 0.029, 0.453
14.485, -0.858, 0.029, 0.453
14.501, -0.858, 0.029, 0.452
14.518, -0.857, 0.029, 0.451
14.535, -0.857, 0.029, 0.451
14.551, -0.857, 0.029, 0.451
14.568, -0.856, 0.030, 0.451
14.585, -0.855, 0.029, 0.451
14.601, -0.855, 0.030, 0.450
14.618, -0.854, 0.029, 0.450
14.635, -0.854, 0.029, 0.450
14.651, -0.854, 0.029, 0.449
14.668, -0.853, 0.029, 0.449
14.685, -0.853, 0.029, 0.449
14.701, -0.852, 0.029, 0.449
14.718, -0.851, 0.028, 0.449
14.735, -0.851, 0.028, 0.449
14.751, -0.851, 0.028, 0.448
14.768, -0.851, 0.028, 0.448
14.785, -0.850, 0.028, 0.448
14.801, -0.849, 0.028, 0.448
14.818, -0.849, 0.027, 0.448
14.835, -0.848, 0.027, 0.447
14.851, -0.848, 0.027, 0.447
14.868, -0.846, 0.027, 0.447
14.885, -0.847, 0.026, 0.447
14.901, -0.847, 0.026, 0.446
14.918, -0.845, 0.025, 0.446
14.935, -0.846, 0.025, 0.445
14.951, -0.845, 0.025, 0.445
14.968, -0.844, 0.024, 0.445
14.985, -0.844, 0.024, 0.445
15.001, -0.843, 0.024, 0.444
15.018, -0.843, 0.023, 0.444
15.035, -0.843, 0.023, 0.443
15.052, -0.843, 0.023, 0.443
15.068, -0.842, 0.022, 0.442
15.085, -0.842, 0.022, 0.442
15.101, -0.842, 0.022, 0.442
15.118, -0.841, 0.022, 0.440
15.135, -0.841, 0.022, 0.440
15.152, -0.840, 0.021, 0.440
15.169, -0.840, 0.021, 0.439
15.185, -0.840, 0.021, 0.439
15.201, -0.840, 0.020, 0.438
15.218, -0.839, 0.020, 0.437
15.235, -0.839, 0.019, 0.436
15.251, -0.839, 0.019, 0.436
15.268, -0.839, 0.019, 0.435
15.285, -0.839, 0.019, 0.434
15.301, -0.838, 0.019, 0.434
15.318, -0.837, 0.019, 0.435
15.335, -0.837, 0.018, 0.433
15.351, -0.837, 0.018, 0.433
15.368, -0.837, 0.017, 0.432
15.385, -0.836, 0.017, 0.432
15.401, -0.836, 0.017, 0.431
15.418, -0.836, 0.017, 0.431
15.435, -0.836, 0.017, 0.431
15.451, -0.836, 0.017, 0.430
15.468, -0.835, 0.016, 0.430
15.485, -0.836, 0.016, 0.429
15.501, -0.836, 0.015, 0.429
15.518, -0.836, 0.015, 0.428
15.535, -0.836, 0.015, 0.427
15.551, -0.836, 0.014, 0.427
15.568, -0.836, 0.014, 0.427
15.585, -0.835, 0.014, 0.428
15.601, -0.836, 0.014, 0.427
15.618, -0.836, 0.014, 0.426
15.635, -0.836, 0.014, 0.426
15.652, -0.836, 0.013, 0.426
15.668, -0.836, 0.013, 0.426
15.685, -0.836, 0.012, 0.425
15.701, -0.836, 0.013, 0.425
15.718, -0.836, 0.012, 0.425
15.735, -0.836, 0.012, 0.425
15.752, -0.836, 0.012, 0.425
15.768, -0.837, 0.012, 0.424
15.785, -0.837, 0.012, 0.425
15.802, -0.837, 0.012, 0.424
15.818, -0.838, 0.012, 0.424
15.835, -0.838, 0.012, 0.424
15.852, -0.838, 0.012, 0.424
15.868, -0.838, 0.012, 0.424
15.885, -0.838, 0.012, 0.424
15.902, -0.838, 0.012, 0.425
15.919, -0.839, 0.012, 0.425
15.935, -0.838, 0.012, 0.425
15.951, -0.839, 0.012, 0.425
15.968, -0.840, 0.013, 0.425
15.985, -0.840, 0.013, 0.425
16.001, -0.841, 0.013, 0.425
16.018, -0.841, 0.013, 0.426
16.035, -0.841, 0.013, 0.426
16.051, -0.841, 0.013, 0.426
16.068, -0.842, 0.013, 0.426
16.085, -0.842, 0.013, 0.426
16.101, -0.842, 0.013, 0.427
16.118, -0.842, 0.013, 0.427
16.135, -0.842, 0.013, 0.427
16.151, -0.843, 0.013, 0.427
16.168, -0.844, 0.013, 0.427
16.185, -0.844, 0.013, 0.428
16.201, -0.844, 0.013, 0.428
16.218, -0.845, 0.014, 0.428
16.235, -0.845, 0.014, 0.428
16.251, -0.845, 0.014, 0.428
16.268, -0.845, 0.013, 0.428
16.285, -0.846, 0.013, 0.428
16.301, -0.846, 0.013, 0.427
16.318, -0.846, 0.013, 0.428
16.335, -0.846, 0.013, 0.428
16.351, -0.847, 0.013, 0.428
16.368, -0.847, 0.013, 0.428
16.385, -0.847, 0.013, 0.428
16.401, -0.847, 0.013, 0.428
16.418, -0.847, 0.013, 0.428
16.435, -0.847, 0.013, 0.427
16.451, -0.847, 0.013, 0.427
16.468, -0.848, 0.012, 0.427
16.485, -0.848, 0.012, 0.427
16.501, -0.848, 0.012, 0.427
16.518, -0.848, 0.012, 0.427
16.535, -0.848, 0.012, 0.426
16.551, -0.848, 0.012, 0.426
16.568, -0.848, 0.012, 0.426
16.585, -0.848, 0.012, 0.427
16.601, -0.848, 0.012, 0.426
16.618, -0.849, 0.011, 0.426
16.635, -0.849, 0.011, 0.425
16.651, -0.849, 0.011, 0.426
16.669, -0.849, 0.011, 0.425
16.685, -0.849, 0.011, 0.425
16.701, -0.849, 0.011, 0.425
16.718, -0.849, 0.010, 0.425
16.735, -0.849, 0.010, 0.425
16.751, -0.850, 0.010, 0.425
16.768, -0.849, 0.009, 0.424
16.785, -0.849, 0.009, 0.425
16.801, -0.850, 0.009, 0.424
16.818, -0.851, 0.009, 0.423
16.835, -0.851, 0.008, 0.423
16.852, -0.850, 0.009, 0.423
16.869, -0.851, 0.008, 0.422
16.885, -0.851, 0.008, 0.423
16.901, -0.851, 0.008, 0.422
16.918, -0.852, 0.007, 0.422
16.935, -0.851, 0.007, 0.422
16.951, -0.852, 0.007, 0.422
16.968, -0.853, 0.006, 0.421
16.985, -0.853, 0.006, 0.420
17.001, -0.854, 0.006, 0.420
17.018, -0.854, 0.006, 0.421
17.035, -0.855, 0.006, 0.421
17.051, -0.855, 0.006, 0.420
17.068, -0.856, 0.005, 0.421
17.085, -0.855, 0.005, 0.421
17.101, -0.856, 0.004, 0.420
17.118, -0.857, 0.003, 0.421
17.135, -0.857, 0.003, 0.421
17.151, -0.858, 0.002, 0.420
17.168, -0.858, 0.002, 0.421
17.185, -0.859, 0.002, 0.421
17.201, -0.859, 0.002, 0.422
17.218, -0.860, 0.001, 0.421
17.235, -0.861, 0.001, 0.421
17.251, -0.861, -0.000, 0.421
17.268, -0.861, -0.001, 0.421
17.285, -0.861, -0.002, 0.421
17.301, -0.862, -0.002, 0.422
17.318, -0.862, -0.002, 0.422
17.335, -0.862, -0.003, 0.422
17.351, -0.862, -0.003, 0.422
17.368, -0.862, -0.004, 0.422
17.385, -0.863, -0.004, 0.422
17.401, -0.864, -0.004, 0.422
17.418, -0.864, -0.005, 0.422
17.435, -0.864, -0.005, 0.422
17.451, -0.864, -0.005, 0.422
17.468, -0.864, -0.005, 0.422
17.485, -0.865, -0.005, 0.422
17.501, -0.864, -0.005, 0.423
17.518, -0.864, -0.005, 0.422
17.535, -0.864, -0.006, 0.423
17.551, -0.864, -0.006, 0.423
17.568, -0.864, -0.006, 0.423
17.585, -0.864, -0.006, 0.423
17.601, -0.863, -0.006, 0.423
17.618, -0.863, -0.006, 0.423
17.635, -0.863, -0.005, 0.423
17.651, -0.863, -0.005, 0.423
17.668, -0.863, -0.005, 0.423
17.685, -0.863, -0.005, 0.423
17.701, -0.862, -0.005, 0.423
17.718, -0.862, -0.004, 0.423
17.735, -0.861, -0.004, 0.423
17.751, -0.861, -0.004, 0.424
17.768, -0.860, -0.003, 0.424
17.785, -0.860, -0.003, 0.424
17.801, -0.860, -0.002, 0.424
17.818, -0.859, -0.002, 0.424
17.835, -0.860, -0.002, 0.424
17.851, -0.859, -0.001, 0.424
17.868, -0.859, 0.000, 0.424
17.885, -0.859, 0.000, 0.424
17.901, -0.858, 0.001, 0.424
17.918, -0.857, 0.002, 0.424
17.935, -0.857, 0.002, 0.423
17.951, -0.857, 0.003, 0.423
17.968, -0.856, 0.003, 0.423
17.985, -0.856, 0.004, 0.423
18.001, -0.856, 0.005, 0.423
18.018, -0.856, 0.005, 0.423
18.035, -0.856, 0.006, 0.422
18.051, -0.856, 0.006, 0.422
18.068, -0.855, 0.007, 0.422
18.085, -0.855, 0.007, 0.422
18.101, -0.855, 0.008, 0.422
18.118, -0.855, 0.009, 0.422
18.135, -0.855, 0.009, 0.422
18.151, -0.855, 0.010, 0.422
18.168, -0.855, 0.011, 0.421
18.185, -0.855, 0.011, 0.421
18.201, -0.856, 0.012, 0.421
18.218, -0.855, 0.012, 0.421
18.235, -0.856, 0.013, 0.421
18.251, -0.856, 0.013, 0.420
18.268, -0.856, 0.014, 0.421
18.285, -0.856, 0.014, 0.421
18.301, -0.856, 0.015, 0.420
18.318, -0.856, 0.015, 0.420
18.335, -0.856, 0.015, 0.420
18.351, -0.856, 0.016, 0.420
18.368, -0.856, 0.017, 0.420
18.385, -0.856, 0.017, 0.420
18.401, -0.856, 0.017, 0.420
18.418, -0.856, 0.017, 0.419
18.435, -0.856, 0.018, 0.420
18.451, -0.856, 0.018, 0.420
18.468, -0.855, 0.018, 0.420
18.485, -0.856, 0.019, 0.420
18.501, -0.856, 0.019, 0.420
18.518, -0.856, 0.019, 0.420
18.535, -0.856, 0.020, 0.420
18.551, -0.856, 0.020, 0.420
18.568, -0.855, 0.020, 0.420
18.585, -0.855, 0.020, 0.420
18.601, -0.855, 0.020, 0.420
18.618, -0.855, 0.020, 0.420
18.635, -0.855, 0.020, 0.421
18.651, -0.855, 0.020, 0.421
18.668, -0.855, 0.020, 0.421
18.685, -0.855, 0.020, 0.421
18.701, -0.854, 0.019, 0.421
18.718, -0.854, 0.019, 0.421
18.735, -0.853, 0.019, 0.421
18.751, -0.854, 0.019, 0.421
18.768, -0.853, 0.018, 0.422
18.785, -0.853, 0.018, 0.422
18.801, -0.853, 0.018, 0.421
18.818, -0.853, 0.017, 0.422
18.835, -0.852, 0.017, 0.422
18.851, -0.852, 0.017, 0.422
18.868, -0.851, 0.016, 0.422
18.885, -0.850, 0.015, 0.422
18.901, -0.851, 0.015, 0.422
18.918, -0.850, 0.014, 0.422
18.935, -0.850, 0.014, 0.422
18.951, -0.850, 0.014, 0.422
18.968, -0.850, 0.013, 0.422
18.985, -0.850, 0.013, 0.422
19.001, -0.849, 0.012, 0.422
19.018, -0.849, 0.011, 0.422
19.035, -0.849, 0.011, 0.422
19.051, -0.848, 0.010, 0.422
19.068, -0.848, 0.009, 0.422
19.085, -0.848, 0.009, 0.422
19.101, -0.847, 0.008, 0.422
19.118, -0.847, 0.006, 0.422
19.135, -0.847, 0.006, 0.422
19.151, -0.846, 0.005, 0.422
19.168, -0.847, 0.004, 0.421
19.185, -0.847, 0.003, 0.421
19.201, -0.847, 0.002, 0.421
19.218, -0.846, 0.001, 0.421
19.235, -0.847, 0.000, 0.421
19.251, -0.847, -0.001, 0.420
19.268, -0.847, -0.003, 0.420
19.285, -0.847, -0.003, 0.420
19.301, -0.847, -0.005, 0.418
19.318, -0.847, -0.006, 0.418
19.335, -0.847, -0.007, 0.418
19.351, -0.847, -0.008, 0.418
19.368, -0.847, -0.010, 0.417
19.385, -0.847, -0.011, 0.416
19.401, -0.848, -0.012, 0.415
19.418, -0.847, -0.013, 0.415
19.435, -0.848, -0.014, 0.415
19.451, -0.848, -0.015, 0.414
19.468, -0.848, -0.017, 0.413
19.485, -0.848, -0.017, 0.412
19.501, -0.848, -0.018, 0.412
19.518, -0.849, -0.020, 0.410
19.535, -0.848, -0.020, 0.410
19.551, -0.849, -0.021, 0.409
19.568, -0.850, -0.022, 0.408
19.585, -0.850, -0.022, 0.408
19.601, -0.850, -0.023, 0.407
19.618, -0.851, -0.023, 0.406
19.635, -0.852, -0.023, 0.405
19.651, -0.852, -0.024, 0.405
19.668, -0.852, -0.024, 0.404
19.685, -0.853, -0.024, 0.403
19.702, -0.853, -0.025, 0.403
19.718, -0.854, -0.025, 0.402
19.735, -0.854, -0.025, 0.401
19.751, -0.855, -0.025, 0.400
19.768, -0.856, -0.024, 0.399
19.785, -0.857, -0.024, 0.399
19.801, -0.857, -0.024, 0.398
19.818, -0.858, -0.024, 0.397
19.835, -0.858, -0.024, 0.396
19.852, -0.859, -0.024, 0.396
19.868, -0.860, -0.023, 0.395
19.885, -0.860, -0.023, 0.394
19.901, -0.860, -0.022, 0.393
19.918, -0.861, -0.022, 0.392
19.935, -0.861, -0.022, 0.391
19.951, -0.862, -0.021, 0.391
19.968, -0.862, -0.021, 0.390
19.985, -0.862, -0.020, 0.390
20.001, -0.863, -0.020, 0.389
20.018, -0.864, -0.019, 0.389
20.035, -0.864, -0.019, 0.389
20.051, -0.863, -0.018, 0.388
20.068, -0.864, -0.017, 0.387
20.085, -0.864, -0.017, 0.387
20.102, -0.865, -0.016, 0.387
20.118, -0.865, -0.015, 0.387
20.135, -0.865, -0.014, 0.387
20.151, -0.865, -0.014, 0.387
20.168, -0.865, -0.012, 0.387
20.185, -0.865, -0.012, 0.387
20.201, -0.865, -0.011, 0.387
20.218, -0.865, -0.010, 0.388
20.235, -0.864, -0.009, 0.388
20.251, -0.864, -0.008, 0.389
20.268, -0.864, -0.006, 0.389
20.285, -0.864, -0.006, 0.390
20.301, -0.864, -0.005, 0.390
20.318, -0.864, -0.003, 0.391
20.335, -0.863, -0.003, 0.391
20.351, -0.863, -0.002, 0.393
20.368, -0.863, -0.000, 0.394
20.385, -0.862, 0.000, 0.394
20.401, -0.862, 0.001, 0.395
20.419, -0.862, 0.003, 0.396
20.435, -0.862, 0.004, 0.397
20.451, -0.861, 0.004, 0.397
20.468, -0.862, 0.005, 0.398
20.485, -0.861, 0.006, 0.398
20.501, -0.861, 0.007, 0.399
20.518, -0.860, 0.008, 0.400
20.535, -0.860, 0.008, 0.401
20.552, -0.859, 0.009, 0.402
20.568, -0.858, 0.010, 0.403
20.585, -0.859, 0.011, 0.403
20.602, -0.858, 0.011, 0.403
20.618, -0.858, 0.013, 0.405
20.635, -0.858, 0.013, 0.405
20.651, -0.856, 0.014, 0.405
20.668, -0.857, 0.015, 0.406
20.685, -0.857, 0.015, 0.406
20.702, -0.855, 0.016, 0.408
20.718, -0.856, 0.017, 0.407
20.735, -0.855, 0.017, 0.408
20.752, -0.855, 0.018, 0.408
20.768, -0.854, 0.019, 0.409
20.785, -0.855, 0.019, 0.408
20.801, -0.855, 0.019, 0.407
20.818, -0.854, 0.020, 0.408
20.835, -0.854, 0.020, 0.408
20.851, -0.853, 0.021, 0.408
20.868, -0.852, 0.020, 0.407
20.885, -0.853, 0.021, 0.408
20.902, -0.852, 0.021, 0.407
20.918, -0.852, 0.021, 0.407
20.935, -0.852, 0.020, 0.407
20.952, -0.851, 0.020, 0.407
20.968, -0.851, 0.019, 0.407
20.985, -0.851, 0.019, 0.407
21.001, -0.851, 0.018, 0.407
21.018, -0.850, 0.016, 0.408
21.035, -0.850, 0.016, 0.407
21.051, -0.850, 0.015, 0.407
21.068, -0.850, 0.013, 0.408
21.085, -0.850, 0.012, 0.408
21.102, -0.850, 0.011, 0.409
21.118, -0.851, 0.009, 0.409
21.135, -0.851, 0.007, 0.409
21.151, -0.851, 0.006, 0.409
21.168, -0.852, 0.004, 0.410
21.185, -0.851, 0.003, 0.411
21.201, -0.852, 0.001, 0.411
21.218, -0.853, -0.002, 0.412
21.235, -0.853, -0.003, 0.412
21.251, -0.854, -0.005, 0.412
21.268, -0.855, -0.007, 0.414
21.285, -0.855, -0.008, 0.415
21.301, -0.856, -0.010, 0.416
21.318, -0.857, -0.013, 0.417
21.335, -0.857, -0.014, 0.418
21.352, -0.859, -0.015, 0.418
21.368, -0.859, -0.018, 0.420
21.385, -0.860, -0.019, 0.420
21.401, -0.861, -0.020, 0.421
21.418, -0.863, -0.022, 0.422
21.435, -0.864, -0.023, 0.423
21.451, -0.865, -0.024, 0.424
21.468, -0.867, -0.026, 0.425
21.485, -0.867, -0.026, 0.426
21.501, -0.869, -0.027, 0.426
21.518, -0.871, -0.028, 0.428
21.535, -0.871, -0.029, 0.429
21.551, -0.873, -0.030, 0.429
21.568, -0.875, -0.030, 0.431
21.585, -0.875, -0.031, 0.431
21.601, -0.877, -0.031, 0.432
21.618, -0.878, -0.032, 0.434
21.635, -0.879, -0.032, 0.434
21.651, -0.880, -0.032, 0.435
21.668, -0.883, -0.032, 0.435
21.685, -0.883, -0.032, 0.436
21.701, -0.883, -0.032, 0.437
21.718, -0.885, -0.031, 0.438
21.735, -0.886, -0.031, 0.438
21.751, -0.887, -0.031, 0.438
21.768, -0.888, -0.030, 0.439
21.785, -0.888, -0.030, 0.440
21.801, -0.889, -0.030, 0.440
21.818, -0.890, -0.029, 0.442
21.835, -0.890, -0.028, 0.442
21.851, -0.891, -0.028, 0.442
21.868, -0.891, -0.027, 0.443
21.885, -0.891, -0.026, 0.444
21.901, -0.891, -0.026, 0.444
21.918, -0.892, -0.024, 0.445
21.935, -0.893, -0.024, 0.444
21.951, -0.892, -0.023, 0.446
21.968, -0.892, -0.022, 0.446
21.985, -0.892, -0.022, 0.446
22.001, -0.892, -0.021, 0.446
22.018, -0.891, -0.020, 0.446
22.035, -0.891, -0.019, 0.446
22.051, -0.890, -0.018, 0.446
22.068, -0.889, -0.017, 0.446
22.085, -0.889, -0.017, 0.446
22.101, -0.888, -0.016, 0.445
22.118, -0.887, -0.015, 0.445
22.135, -0.887, -0.014, 0.445
22.151, -0.886, -0.013, 0.444
22.168, -0.884, -0.012, 0.444
22.185, -0.884, -0.011, 0.444
22.201, -0.883, -0.011, 0.443
22.218, -0.881, -0.009, 0.443
22.235, -0.880, -0.009, 0.443
22.251, -0.878, -0.008, 0.442
22.268, -0.877, -0.006, 0.442
22.285, -0.876, -0.006, 0.442
22.301, -0.875, -0.005, 0.441
22.318, -0.873, -0.003, 0.441
22.335, -0.873, -0.002, 0.441
22.351, -0.871, -0.001, 0.440
22.368, -0.869, 0.001, 0.439
22.385, -0.869, 0.001, 0.439
22.402, -0.867, 0.002, 0.439
22.418, -0.866, 0.004, 0.439
22.435, -0.864, 0.005, 0.439
22.451, -0.864, 0.006, 0.438
22.468, -0.862, 0.008, 0.438
22.485, -0.861, 0.008, 0.437
22.502, -0.860, 0.010, 0.437
22.518, -0.859, 0.012, 0.437
22.535, -0.858, 0.012, 0.437
22.551, -0.857, 0.013, 0.437
22.568, -0.855, 0.014, 0.437
22.585, -0.855, 0.015, 0.437
22.601, -0.854, 0.016, 0.438
22.618, -0.853, 0.017, 0.438
22.635, -0.853, 0.017, 0.438
22.651, -0.852, 0.018, 0.439
22.668, -0.851, 0.019, 0.439
22.685, -0.851, 0.020, 0.439
22.701, -0.850, 0.020, 0.439
22.718, -0.850, 0.021, 0.440
22.735, -0.849, 0.021, 0.440
22.751, -0.849, 0.021, 0.441
22.768, -0.848, 0.022, 0.441
22.785, -0.848, 0.022, 0.441
22.801, -0.848, 0.022, 0.442
22.818, -0.847, 0.022, 0.442
22.835, -0.848, 0.023, 0.443
22.851, -0.847, 0.023, 0.443
22.868, -0.847, 0.023, 0.443
22.885, -0.847, 0.023, 0.444
22.901, -0.848, 0.023, 0.443
22.918, -0.847, 0.023, 0.444
22.935, -0.847, 0.023, 0.445
22.951, -0.848, 0.023, 0.444
22.968, -0.848, 0.023, 0.445
22.985, -0.848, 0.023, 0.445
23.001, -0.848, 0.023, 0.445
23.018, -0.848, 0.022, 0.445
23.035, -0.848, 0.022, 0.445
23.051, -0.848, 0.022, 0.445
23.068, -0.848, 0.022, 0.444
23.085, -0.848, 0.022, 0.444
23.101, -0.848, 0.022, 0.444
23.118, -0.848, 0.022, 0.443
23.135, -0.848, 0.022, 0.443
23.151, -0.848, 0.022, 0.442
23.168, -0.848, 0.022, 0.440
23.185, -0.849, 0.022, 0.440
23.201, -0.848, 0.022, 0.438
23.218, -0.848, 0.023, 0.437
23.235, -0.848, 0.022, 0.436
23.251, -0.847, 0.022, 0.435
23.268, -0.848, 0.023, 0.434
23.285, -0.848, 0.023, 0.433
23.301, -0.847, 0.023, 0.433
23.318, -0.848, 0.023, 0.430
23.335, -0.848, 0.023, 0.430
23.351, -0.848, 0.023, 0.429
23.368, -0.847, 0.023, 0.428
23.385, -0.848, 0.023, 0.427
23.401, -0.847, 0.023, 0.426
23.418, -0.847, 0.023, 0.426
23.435, -0.847, 0.023, 0.425
23.451, -0.847, 0.023, 0.425
23.468, -0.847, 0.022, 0.424
23.485, -0.846, 0.022, 0.423
23.501, -0.846, 0.022, 0.423
23.518, -0.846, 0.022, 0.422
23.535, -0.846, 0.021, 0.421
23.551, -0.846, 0.021, 0.421
23.568, -0.845, 0.021, 0.420
23.585, -0.845, 0.021, 0.419
23.601, -0.844, 0.020, 0.419
23.618, -0.845, 0.019, 0.417
23.635, -0.844, 0.019, 0.417
23.651, -0.843, 0.019, 0.417
23.668, -0.844, 0.018, 0.416
23.685, -0.843, 0.018, 0.415
23.702, -0.843, 0.018, 0.414
23.719, -0.843, 0.017, 0.414
23.735, -0.842, 0.017, 0.413
23.751, -0.842, 0.016, 0.413
23.769, -0.842, 0.016, 0.412
23.785, -0.842, 0.016, 0.412
23.801, -0.841, 0.015, 0.411
23.818, -0.841, 0.014, 0.410
23.835, -0.841, 0.014, 0.410
23.852, -0.841, 0.013, 0.410
23.868, -0.840, 0.012, 0.409
23.885, -0.840, 0.012, 0.409
23.902, -0.840, 0.012, 0.409
23.918, -0.840, 0.011, 0.408
23.935, -0.839, 0.011, 0.408
23.951, -0.839, 0.010, 0.408
23.968, -0.838, 0.009, 0.408
23.985, -0.839, 0.009, 0.407
24.003, -0.839, 0.009, 0.407
24.018, -0.838, 0.008, 0.407
24.035, -0.837, 0.008, 0.407
24.051, -0.838, 0.007, 0.406
24.069, -0.837, 0.007, 0.405
24.085, -0.837, 0.006, 0.405
24.102, -0.838, 0.007, 0.405
24.118, -0.837, 0.006, 0.405
24.135, -0.838, 0.006, 0.404
24.151, -0.837, 0.006, 0.405
24.168, -0.837, 0.005, 0.404
24.185, -0.838, 0.005, 0.404
24.202, -0.837, 0.005, 0.404
24.218, -0.837, 0.005, 0.405
24.235, -0.837, 0.005, 0.404
24.251, -0.837, 0.005, 0.404
24.268, -0.837, 0.005, 0.405
24.285, -0.837, 0.005, 0.404
24.302, -0.837, 0.005, 0.404
24.318, -0.837, 0.005, 0.404
24.335, -0.837, 0.006, 0.404
24.351, -0.837, 0.006, 0.404
24.368, -0.837, 0.007, 0.403
24.385, -0.837, 0.007, 0.403
24.401, -0.838, 0.007, 0.402
24.418, -0.838, 0.007, 0.401
24.435, -0.837, 0.008, 0.402
24.452, -0.838, 0.008, 0.401
24.468, -0.838, 0.009, 0.401
24.485, -0.838, 0.010, 0.401
24.501, -0.838, 0.010, 0.400
24.518, -0.838, 0.011, 0.400
24.535, -0.838, 0.011, 0.399
24.551, -0.838, 0.011, 0.398
24.568, -0.838, 0.013, 0.397
24.585, -0.838, 0.013, 0.397
24.601, -0.837, 0.013, 0.396
24.618, -0.837, 0.014, 0.396
24.635, -0.837, 0.015, 0.395
24.651, -0.837, 0.015, 0.394
24.668, -0.837, 0.016, 0.393
24.685, -0.837, 0.016, 0.393
24.701, -0.837, 0.017, 0.392
24.718, -0.837, 0.018, 0.391
24.735, -0.837, 0.017, 0.390
24.751, -0.836, 0.018, 0.390
24.768, -0.836, 0.018, 0.388
24.785, -0.836, 0.019, 0.389
24.801, -0.836, 0.019, 0.388
24.818, -0.836, 0.019, 0.386
24.835, -0.836, 0.019, 0.386
24.851, -0.835, 0.020, 0.386
24.868, -0.835, 0.020, 0.385
24.885, -0.836, 0.020, 0.384
24.901, -0.835, 0.020, 0.385
24.918, -0.835, 0.020, 0.384
24.935, -0.835, 0.020, 0.384
24.951, -0.836, 0.020, 0.383
24.968, -0.836, 0.020, 0.383
24.985, -0.836, 0.020, 0.383
25.001, -0.837, 0.019, 0.383
25.018, -0.837, 0.019, 0.383
25.035, -0.837, 0.019, 0.383
25.051, -0.837, 0.018, 0.382
25.068, -0.837, 0.018, 0.383
25.085, -0.838, 0.018, 0.383
25.102, -0.839, 0.017, 0.382
25.118, -0.839, 0.017, 0.382
25.135, -0.839, 0.016, 0.383
25.151, -0.840, 0.016, 0.383
25.168, -0.841, 0.015, 0.382
25.185, -0.841, 0.015, 0.382
25.201, -0.842, 0.015, 0.383
25.218, -0.844, 0.014, 0.382
25.235, -0.844, 0.014, 0.383
25.251, -0.844, 0.013, 0.383
25.268, -0.846, 0.012, 0.383
25.285, -0.846, 0.012, 0.383
25.301, -0.847, 0.011, 0.383
25.318, -0.847, 0.010, 0.384
25.335, -0.848, 0.010, 0.384
25.352, -0.849, 0.009, 0.384
25.369, -0.850, 0.008, 0.384
25.385, -0.850, 0.008, 0.384
25.401, -0.850, 0.007, 0.384
25.418, -0.852, 0.006, 0.385
25.435, -0.852, 0.006, 0.386
25.452, -0.852, 0.006, 0.386
25.468, -0.853, 0.005, 0.386
25.485, -0.853, 0.005, 0.387
25.502, -0.853, 0.004, 0.388
25.518, -0.853, 0.004, 0.389
25.535, -0.853, 0.004, 0.390
25.552, -0.853, 0.004, 0.390
25.568, -0.853, 0.004, 0.391
25.585, -0.853, 0.004, 0.392
25.602, -0.853, 0.004, 0.393
25.618, -0.852, 0.004, 0.394
25.635, -0.852, 0.004, 0.395
25.651, -0.852, 0.004, 0.396
25.669, -0.851, 0.005, 0.397
25.685, -0.851, 0.005, 0.397
25.702, -0.849, 0.005, 0.399
25.718, -0.848, 0.006, 0.401
25.735, -0.848, 0.006, 0.401
25.751, -0.847, 0.007, 0.402
25.768, -0.846, 0.007, 0.403
25.785, -0.845, 0.008, 0.404
25.801, -0.845, 0.008, 0.405
25.818, -0.843, 0.009, 0.407
25.835, -0.843, 0.009, 0.407
25.851, -0.842, 0.010, 0.408
25.868, -0.840, 0.011, 0.409
25.885, -0.839, 0.011, 0.409
25.901, -0.838, 0.012, 0.410
25.918, -0.837, 0.013, 0.410
25.935, -0.836, 0.013, 0.409
25.952, -0.835, 0.014, 0.411
25.968, -0.833, 0.015, 0.411
25.985, -0.833, 0.015, 0.410
26.001, -0.832, 0.016, 0.410
26.018, -0.829, 0.016, 0.410
26.035, -0.828, 0.016, 0.410
26.051, -0.828, 0.017, 0.410
26.068, -0.826, 0.017, 0.409
26.085, -0.825, 0.017, 0.409
26.101, -0.825, 0.017, 0.408
26.118, -0.823, 0.018, 0.407
26.135, -0.823, 0.017, 0.407
26.151, -0.822, 0.017, 0.406
26.168, -0.822, 0.018, 0.405
26.185, -0.821, 0.017, 0.405
26.201, -0.821, 0.017, 0.404
26.218, -0.821, 0.017, 0.403
26.235, -0.820, 0.017, 0.403
26.251, -0.821, 0.016, 0.402
26.268, -0.821, 0.016, 0.401
26.285, -0.821, 0.015, 0.401
26.301, -0.821, 0.015, 0.400
26.318, -0.822, 0.014, 0.399
26.335, -0.822, 0.014, 0.399
26.351, -0.823, 0.013, 0.398
26.368, -0.824, 0.012, 0.396
26.385, -0.825, 0.012, 0.396
26.401, -0.825, 0.011, 0.395
26.418, -0.827, 0.010, 0.393
26.435, -0.828, 0.010, 0.393
26.451, -0.829, 0.009, 0.392
26.468, -0.831, 0.008, 0.390
26.485, -0.832, 0.008, 0.389
26.501, -0.833, 0.007, 0.388
26.518, -0.836, 0.006, 0.386
26.535, -0.837, 0.005, 0.385
26.552, -0.839, 0.005, 0.384
26.568, -0.841, 0.004, 0.382
26.585, -0.842, 0.004, 0.382
26.601, -0.844, 0.003, 0.380
26.618, -0.847, 0.003, 0.379
26.635, -0.848, 0.002, 0.379
26.651, -0.850, 0.002, 0.378
26.668, -0.853, 0.002, 0.376
26.685, -0.854, 0.002, 0.376
26.701, -0.856, 0.002, 0.375
26.718, -0.859, 0.002, 0.374
26.735, -0.860, 0.002, 0.373
26.751, -0.862, 0.002, 0.372
26.768, -0.865, 0.002, 0.372
26.785, -0.865, 0.002, 0.371
26.801, -0.868, 0.002, 0.370
26.818, -0.870, 0.002, 0.369
26.835, -0.871, 0.003, 0.369
26.851, -0.873, 0.003, 0.368
26.868, -0.875, 0.003, 0.367
26.885, -0.875, 0.004, 0.369
26.902, -0.877, 0.004, 0.367
26.918, -0.878, 0.005, 0.367
26.935, -0.879, 0.005, 0.367
26.951, -0.879, 0.006, 0.367
26.968, -0.881, 0.007, 0.367
26.985, -0.882, 0.007, 0.367
27.001, -0.882, 0.008, 0.367
27.018, -0.883, 0.009, 0.367
27.035, -0.883, 0.010, 0.367
27.051, -0.884, 0.010, 0.367
27.068, -0.884, 0.012, 0.368
27.085, -0.884, 0.012, 0.368
27.101, -0.884, 0.013, 0.369
27.118, -0.884, 0.014, 0.369
27.135, -0.884, 0.015, 0.370
27.151, -0.884, 0.016, 0.370
27.168, -0.884, 0.018, 0.371
27.185, -0.884, 0.018, 0.371
27.201, -0.883, 0.019, 0.372
27.218, -0.883, 0.020, 0.373
27.235, -0.882, 0.021, 0.374
27.251, -0.882, 0.022, 0.374
27.270, -0.880, 0.023, 0.376
27.285, -0.881, 0.023, 0.376
27.302, -0.879, 0.024, 0.377
27.318, -0.878, 0.026, 0.378
27.335, -0.877, 0.026, 0.378
27.352, -0.876, 0.026, 0.379
27.368, -0.874, 0.027, 0.380
27.385, -0.874, 0.027, 0.381
27.402, -0.872, 0.027, 0.381
27.418, -0.871, 0.028, 0.382
27.435, -0.870, 0.028, 0.382
27.452, -0.869, 0.028, 0.382
27.468, -0.866, 0.028, 0.383
27.485, -0.865, 0.027, 0.383
27.502, -0.864, 0.028, 0.384
27.518, -0.863, 0.028, 0.385
27.535, -0.862, 0.027, 0.386
27.552, -0.861, 0.027, 0.386
27.568, -0.859, 0.027, 0.388
27.585, -0.858, 0.027, 0.388
27.602, -0.857, 0.026, 0.389
27.618, -0.856, 0.026, 0.390
27.635, -0.855, 0.025, 0.390
27.652, -0.854, 0.025, 0.391
27.668, -0.853, 0.024, 0.392
27.685, -0.853, 0.024, 0.392
27.702, -0.852, 0.023, 0.393
27.718, -0.851, 0.022, 0.393
27.735, -0.851, 0.022, 0.394
27.751, -0.850, 0.021, 0.394
27.768, -0.850, 0.021, 0.395
27.785, -0.849, 0.020, 0.395
27.801, -0.850, 0.020, 0.395
27.820, -0.849, 0.019, 0.396
27.835, -0.848, 0.019, 0.396
27.851, -0.849, 0.018, 0.396
27.868, -0.848, 0.018, 0.396
27.885, -0.848, 0.018, 0.396
27.901, -0.847, 0.017, 0.397
27.918, -0.846, 0.017, 0.397
27.935, -0.846, 0.017, 0.397
27.951, -0.845, 0.016, 0.397
27.968, -0.844, 0.015, 0.396
27.985, -0.844, 0.015, 0.396
28.003, -0.843, 0.015, 0.396
28.018, -0.842, 0.014, 0.395
28.035, -0.842, 0.014, 0.395
28.051, -0.841, 0.014, 0.395
28.068, -0.840, 0.014, 0.395
28.085, -0.839, 0.014, 0.395
28.101, -0.839, 0.013, 0.394
28.118, -0.836, 0.013, 0.394
28.135, -0.836, 0.013, 0.394
28.151, -0.835, 0.013, 0.393
28.168, -0.833, 0.013, 0.393
28.185, -0.832, 0.013, 0.393
28.202, -0.831, 0.013, 0.393
28.218, -0.829, 0.013, 0.392
28.235, -0.829, 0.013, 0.392
28.251, -0.827, 0.013, 0.392
28.270, -0.824, 0.013, 0.392
28.285, -0.823, 0.013, 0.392
28.301, -0.821, 0.013, 0.392
28.318, -0.819, 0.013, 0.392
28.335, -0.818, 0.012, 0.392
28.351, -0.816, 0.012, 0.392
28.368, -0.813, 0.012, 0.392
28.385, -0.812, 0.012, 0.392
28.404, -0.810, 0.012, 0.392
28.418, -0.807, 0.011, 0.392
28.435, -0.806, 0.011, 0.391
28.451, -0.804, 0.010, 0.391
28.468, -0.801, 0.009, 0.391
28.485, -0.800, 0.009, 0.391
28.501, -0.798, 0.009, 0.391
28.518, -0.795, 0.008, 0.391
28.535, -0.794, 0.007, 0.391
28.551, -0.792, 0.006, 0.390
28.568, -0.789, 0.005, 0.390
28.585, -0.788, 0.005, 0.390
28.601, -0.786, 0.004, 0.389
28.618, -0.783, 0.002, 0.389
28.635, -0.782, 0.002, 0.389
28.651, -0.780, 0.000, 0.388
28.670, -0.777, -0.001, 0.388
28.685, -0.776, -0.002, 0.388
28.701, -0.774, -0.004, 0.387
28.718, -0.772, -0.006, 0.387
28.735, -0.771, -0.007, 0.387
28.751, -0.769, -0.008, 0.386
28.768, -0.766, -0.011, 0.386
28.785, -0.766, -0.012, 0.385
28.801, -0.764, -0.013, 0.385
28.818, -0.761, -0.016, 0.384
28.835, -0.760, -0.017, 0.384
28.851, -0.759, -0.019, 0.383
28.868, -0.756, -0.022, 0.382
28.885, -0.755, -0.023, 0.382
28.901, -0.754, -0.025, 0.382
28.918, -0.752, -0.028, 0.380
28.935, -0.751, -0.029, 0.380
28.951, -0.750, -0.032, 0.380
28.968, -0.748, -0.035, 0.379
28.985, -0.747, -0.036, 0.378
29.001, -0.745, -0.038, 0.378
29.018, -0.744, -0.041, 0.377
29.035, -0.743, -0.043, 0.377
29.051, -0.742, -0.045, 0.376
29.068, -0.740, -0.049, 0.376
29.085, -0.740, -0.050, 0.375
29.101, -0.738, -0.052, 0.374
29.118, -0.738, -0.055, 0.373
29.135, -0.737, -0.056, 0.373
29.151, -0.736, -0.059, 0.372
29.168, -0.734, -0.062, 0.372
29.185, -0.735, -0.063, 0.371
29.201, -0.734, -0.065, 0.370
29.218, -0.732, -0.068, 0.369
29.235, -0.732, -0.069, 0.369
29.251, -0.731, -0.071, 0.368
29.268, -0.731, -0.074, 0.367
29.285, -0.731, -0.075, 0.366
29.301, -0.730, -0.077, 0.365
29.318, -0.729, -0.080, 0.364
29.335, -0.728, -0.081, 0.364
29.351, -0.728, -0.082, 0.362
29.368, -0.727, -0.085, 0.361
29.385, -0.727, -0.086, 0.360
29.401, -0.726, -0.088, 0.359
29.418, -0.725, -0.090, 0.358
29.435, -0.725, -0.091, 0.357
29.451, -0.724, -0.093, 0.356
29.468, -0.723, -0.095, 0.354
29.485, -0.723, -0.096, 0.354
29.501, -0.722, -0.098, 0.353
29.518, -0.721, -0.101, 0.351
29.535, -0.720, -0.101, 0.351
29.551, -0.720, -0.103, 0.350
29.568, -0.719, -0.106, 0.349
29.585, -0.718, -0.107, 0.349
29.601, -0.717, -0.109, 0.348
29.618, -0.716, -0.112, 0.347
29.635, -0.716, -0.112, 0.347
29.651, -0.714, -0.114, 0.347
29.670, -0.713, -0.117, 0.346
29.685, -0.713, -0.118, 0.347
29.701, -0.711, -0.120, 0.347
29.718, -0.710, -0.123, 0.346
29.735, -0.709, -0.124, 0.346
29.751, -0.708, -0.126, 0.346
29.768, -0.706, -0.129, 0.346
29.785, -0.705, -0.130, 0.346
29.802, -0.703, -0.132, 0.347
29.818, -0.701, -0.135, 0.346
29.835, -0.701, -0.136, 0.347
29.851, -0.699, -0.138, 0.346
29.868, -0.697, -0.141, 0.346
29.885, -0.696, -0.142, 0.347
29.901, -0.695, -0.144, 0.347
29.918, -0.693, -0.147, 0.347
29.935, -0.692, -0.148, 0.347
29.951, -0.690, -0.151, 0.347
29.968, -0.688, -0.154, 0.347
29.985, -0.687, -0.155, 0.347
30.002, -0.686, -0.157, 0.347
30.018, -0.684, -0.161, 0.347
30.035, -0.683, -0.162, 0.347
30.052, -0.681, -0.164, 0.347
30.068, -0.679, -0.167, 0.347
30.085, -0.678, -0.168, 0.347
30.102, -0.676, -0.170, 0.347
30.118, -0.674, -0.173, 0.347
30.135, -0.674, -0.174, 0.348
30.152, -0.672, -0.176, 0.348
30.168, -0.670, -0.179, 0.348
30.185, -0.669, -0.180, 0.349
30.202, -0.668, -0.182, 0.350
30.218, -0.666, -0.184, 0.350
30.235, -0.665, -0.184, 0.352
30.252, -0.664, -0.187, 0.352
30.268, -0.662, -0.189, 0.352
30.285, -0.662, -0.189, 0.353
30.302, -0.660, -0.191, 0.354
30.318, -0.658, -0.193, 0.356
30.335, -0.657, -0.193, 0.356
30.352, -0.655, -0.194, 0.357
30.368, -0.653, -0.197, 0.357
30.385, -0.652, -0.197, 0.359
30.402, -0.651, -0.198, 0.359
30.418, -0.648, -0.199, 0.362
30.435, -0.648, -0.200, 0.361
30.452, -0.646, -0.201, 0.363
30.468, -0.643, -0.202, 0.365
30.485, -0.642, -0.202, 0.366
30.502, -0.640, -0.203, 0.366
30.518, -0.637, -0.204, 0.369
30.535, -0.636, -0.204, 0.369
30.552, -0.635, -0.205, 0.370
30.568, -0.632, -0.205, 0.372
30.585, -0.631, -0.206, 0.373
30.602, -0.629, -0.206, 0.374
30.618, -0.627, -0.207, 0.376
30.635, -0.626, -0.208, 0.377
30.652, -0.624, -0.208, 0.378
30.668, -0.621, -0.209, 0.380
30.685, -0.621, -0.209, 0.381
30.702, -0.618, -0.210, 0.382
30.718, -0.616, -0.211, 0.384
30.737, -0.615, -0.212, 0.385
30.752, -0.614, -0.213, 0.386
30.768, -0.611, -0.214, 0.388
30.785, -0.611, -0.215, 0.388
30.804, -0.609, -0.216, 0.390
30.818, -0.606, -0.217, 0.391
30.835, -0.605, -0.218, 0.393
30.851, -0.604, -0.220, 0.392
30.868, -0.602, -0.222, 0.394
30.885, -0.601, -0.222, 0.394
30.901, -0.599, -0.224, 0.395
30.918, -0.597, -0.226, 0.396
30.935, -0.597, -0.227, 0.397
30.952, -0.595, -0.229, 0.397
30.968, -0.593, -0.231, 0.398
30.985, -0.592, -0.232, 0.398
31.002, -0.591, -0.234, 0.398
31.018, -0.588, -0.236, 0.400
31.035, -0.588, -0.237, 0.400
31.052, -0.586, -0.239, 0.401
31.068, -0.585, -0.242, 0.400
31.085, -0.584, -0.242, 0.401
31.102, -0.583, -0.244, 0.401
31.118, -0.581, -0.247, 0.401
31.135, -0.581, -0.248, 0.401
31.151, -0.579, -0.249, 0.401
31.168, -0.577, -0.250, 0.402
31.185, -0.575, -0.250, 0.404
31.202, -0.575, -0.253, 0.400
31.218, -0.572, -0.255, 0.401
31.235, -0.571, -0.255, 0.402
31.252, -0.568, -0.255, 0.404
31.268, -0.568, -0.258, 0.401
31.285, -0.566, -0.258, 0.402
31.302, -0.565, -0.259, 0.403
31.318, -0.563, -0.261, 0.402
31.335, -0.561, -0.262, 0.402
31.352, -0.561, -0.263, 0.402
31.368, -0.557, -0.264, 0.403
31.385, -0.557, -0.265, 0.403
31.402, -0.556, -0.266, 0.401
31.418, -0.554, -0.269, 0.402
31.435, -0.553, -0.269, 0.401
31.452, -0.551, -0.269, 0.402
31.468, -0.549, -0.272, 0.403
31.485, -0.548, -0.271, 0.404
31.501, -0.547, -0.273, 0.403
31.518, -0.545, -0.275, 0.405
31.535, -0.544, -0.275, 0.405
31.551, -0.542, -0.277, 0.405
31.568, -0.540, -0.279, 0.406
31.585, -0.540, -0.280, 0.406
31.602, -0.538, -0.281, 0.407
31.618, -0.536, -0.283, 0.407
31.635, -0.535, -0.284, 0.407
31.652, -0.534, -0.285, 0.407
31.668, -0.532, -0.287, 0.407
31.685, -0.531, -0.288, 0.407
31.702, -0.529, -0.289, 0.407
31.718, -0.527, -0.291, 0.408
31.735, -0.526, -0.291, 0.408
31.752, -0.525, -0.293, 0.408
31.768, -0.523, -0.295, 0.408
31.785, -0.522, -0.295, 0.407
31.804, -0.520, -0.296, 0.409
31.818, -0.519, -0.298, 0.408
31.835, -0.519, -0.299, 0.407
31.851, -0.517, -0.300, 0.408
31.868, -0.516, -0.301, 0.408
31.885, -0.515, -0.302, 0.408
31.901, -0.514, -0.303, 0.409
31.918, -0.512, -0.304, 0.410
31.935, -0.512, -0.304, 0.411
31.952, -0.511, -0.305, 0.412
31.968, -0.509, -0.306, 0.414
31.985, -0.508, -0.306, 0.415
32.002, -0.507, -0.307, 0.416
32.018, -0.504, -0.307, 0.418
32.035, -0.504, -0.308, 0.418
32.052, -0.503, -0.308, 0.420
32.068, -0.501, -0.308, 0.423
32.085, -0.501, -0.309, 0.422
32.102, -0.498, -0.309, 0.425
32.118, -0.497, -0.310, 0.425
32.135, -0.496, -0.310, 0.426
32.152, -0.494, -0.310, 0.428
32.168, -0.492, -0.311, 0.428
32.185, -0.492, -0.311, 0.428
32.202, -0.490, -0.311, 0.429
32.218, -0.488, -0.311, 0.431
32.235, -0.486, -0.310, 0.432
32.252, -0.485, -0.311, 0.432
32.268, -0.483, -0.310, 0.433
32.285, -0.482, -0.310, 0.433
32.301, -0.481, -0.310, 0.434
32.318, -0.479, -0.310, 0.435
32.335, -0.478, -0.310, 0.435
32.352, -0.476, -0.309, 0.438
32.368, -0.474, -0.308, 0.439
32.385, -0.474, -0.308, 0.439
32.402, -0.472, -0.308, 0.440
32.418, -0.471, -0.307, 0.441
32.435, -0.470, -0.307, 0.442
32.452, -0.468, -0.306, 0.442
32.468, -0.467, -0.306, 0.443
32.485, -0.466, -0.306, 0.444
32.501, -0.465, -0.306, 0.445
32.518, -0.463, -0.305, 0.445
32.535, -0.463, -0.305, 0.446
32.551, -0.461, -0.305, 0.446
32.568, -0.460, -0.305, 0.446
32.585, -0.459, -0.305, 0.447
32.601, -0.458, -0.305, 0.447
32.618, -0.456, -0.305, 0.447
32.635, -0.456, -0.304, 0.447
32.651, -0.455, -0.304, 0.447
32.668, -0.453, -0.305, 0.448
32.685, -0.453, -0.305, 0.447
32.701, -0.451, -0.305, 0.447
32.718, -0.450, -0.305, 0.447
32.735, -0.449, -0.305, 0.447
32.751, -0.448, -0.305, 0.447
32.768, -0.446, -0.306, 0.447
32.785, -0.445, -0.306, 0.447
32.801, -0.444, -0.306, 0.446
32.818, -0.442, -0.307, 0.446
32.835, -0.442, -0.307, 0.446
32.851, -0.440, -0.307, 0.445
32.868, -0.438, -0.308, 0.444
32.885, -0.438, -0.308, 0.444
32.901, -0.436, -0.309, 0.443
32.918, -0.434, -0.310, 0.441
32.935, -0.434, -0.310, 0.441
32.951, -0.432, -0.310, 0.440
32.968, -0.430, -0.311, 0.437
32.985, -0.430, -0.311, 0.436
33.001, -0.428, -0.312, 0.434
33.018, -0.427, -0.312, 0.432
33.035, -0.426, -0.313, 0.431
33.051, -0.425, -0.313, 0.429
33.068, -0.423, -0.314, 0.426
33.085, -0.423, -0.314, 0.425
33.101, -0.421, -0.314, 0.421
33.118, -0.420, -0.314, 0.419
33.135, -0.420, -0.314, 0.417
33.151, -0.419, -0.314, 0.415
33.168, -0.417, -0.315, 0.411
33.185, -0.417, -0.315, 0.409
33.201, -0.416, -0.315, 0.406
33.218, -0.415, -0.315, 0.403
33.235, -0.415, -0.315, 0.401
33.251, -0.414, -0.315, 0.398
33.268, -0.413, -0.315, 0.394
33.285, -0.413, -0.315, 0.392
33.301, -0.412, -0.315, 0.389
33.318, -0.411, -0.315, 0.385
33.335, -0.411, -0.315, 0.383
33.351, -0.411, -0.315, 0.380
33.368, -0.410, -0.315, 0.375
33.385, -0.410, -0.315, 0.373
33.402, -0.410, -0.316, 0.370
33.418, -0.410, -0.316, 0.365
33.435, -0.410, -0.316, 0.363
33.451, -0.410, -0.317, 0.358
33.468, -0.410, -0.317, 0.355
33.485, -0.410, -0.318, 0.353
33.501, -0.410, -0.318, 0.348
33.519, -0.410, -0.319, 0.344
33.535, -0.410, -0.319, 0.342
33.551, -0.410, -0.320, 0.339
33.569, -0.411, -0.321, 0.333
33.585, -0.411, -0.321, 0.332
33.602, -0.411, -0.322, 0.328
33.618, -0.412, -0.323, 0.322
33.635, -0.412, -0.323, 0.321
33.652, -0.412, -0.324, 0.317
33.668, -0.413, -0.325, 0.312
33.685, -0.413, -0.325, 0.310
33.702, -0.414, -0.326, 0.306
33.718, -0.414, -0.327, 0.302
33.735, -0.415, -0.328, 0.300
33.752, -0.415, -0.329, 0.295
33.769, -0.416, -0.329, 0.292
33.785, -0.416, -0.330, 0.291
33.801, -0.417, -0.330, 0.288
33.818, -0.418, -0.332, 0.282
33.835, -0.418, -0.331, 0.282
33.851, -0.418, -0.332, 0.278
33.868, -0.419, -0.333, 0.274
33.885, -0.418, -0.333, 0.274
33.901, -0.419, -0.334, 0.270
33.918, -0.419, -0.334, 0.267
33.935, -0.419, -0.335, 0.264
33.951, -0.419, -0.334, 0.263
33.968, -0.419, -0.335, 0.258
33.985, -0.419, -0.336, 0.255
34.001, -0.419, -0.335, 0.254
34.019, -0.419, -0.337, 0.249
34.036, -0.420, -0.337, 0.248
34.052, -0.420, -0.336, 0.246
34.068, -0.421, -0.337, 0.241
34.086, -0.421, -0.336, 0.241
34.102, -0.421, -0.336, 0.239
34.119, -0.422, -0.336, 0.236
34.135, -0.422, -0.336, 0.235
34.152, -0.423, -0.337, 0.231
34.169, -0.423, -0.336, 0.229
34.186, -0.423, -0.337, 0.225
34.202, -0.424, -0.335, 0.225
34.219, -0.424, -0.335, 0.222
34.237, -0.425, -0.334, 0.220
34.251, -0.425, -0.334, 0.218
34.268, -0.426, -0.334, 0.214
34.286, -0.426, -0.332, 0.214
34.302, -0.427, -0.332, 0.213
34.319, -0.428, -0.331, 0.209
34.335, -0.428, -0.330, 0.208
34.351, -0.428, -0.329, 0.207
34.368, -0.430, -0.328, 0.203
34.386, -0.430, -0.327, 0.202
34.402, -0.432, -0.326, 0.199
34.419, -0.433, -0.324, 0.197
34.435, -0.433, -0.324, 0.195
34.452, -0.435, -0.323, 0.192
34.468, -0.436, -0.320, 0.190
34.486, -0.436, -0.320, 0.188
34.502, -0.438, -0.318, 0.185
34.519, -0.439, -0.317, 0.182
34.535, -0.440, -0.318, 0.179
34.552, -0.442, -0.318, 0.175
34.568, -0.442, -0.314, 0.174
34.585, -0.443, -0.313, 0.173
34.601, -0.444, -0.313, 0.169
34.619, -0.446, -0.311, 0.166
34.635, -0.446, -0.310, 0.166
34.652, -0.446, -0.308, 0.164
34.669, -0.447, -0.306, 0.162
34.685, -0.448, -0.306, 0.161
34.702, -0.449, -0.305, 0.157
34.718, -0.450, -0.302, 0.156
34.735, -0.450, -0.302, 0.155
34.751, -0.450, -0.301, 0.153
34.768, -0.451, -0.299, 0.151
34.785, -0.451, -0.298, 0.150
34.801, -0.451, -0.297, 0.147
34.818, -0.451, -0.296, 0.145
34.836, -0.451, -0.296, 0.143
34.851, -0.452, -0.296, 0.139
34.868, -0.451, -0.295, 0.138
34.885, -0.452, -0.295, 0.136
34.902, -0.451, -0.295, 0.133
34.918, -0.451, -0.295, 0.131
34.935, -0.451, -0.295, 0.130
34.951, -0.450, -0.295, 0.128
34.968, -0.450, -0.296, 0.123
34.985, -0.450, -0.296, 0.123
35.002, -0.450, -0.297, 0.121
35.018, -0.449, -0.298, 0.115
35.035, -0.449, -0.298, 0.113
35.052, -0.449, -0.299, 0.108
35.068, -0.450, -0.300, 0.097
35.085, -0.450, -0.300, 0.093
35.102, -0.451, -0.300, 0.083
35.118, -0.453, -0.300, 0.064
35.135, -0.454, -0.300, 0.056
35.151, -0.453, -0.304, 0.047
35.168, -0.441, -0.311, 0.048
35.185, -0.438, -0.314, 0.046
35.201, -0.435, -0.317, 0.043
35.218, -0.437, -0.317, 0.039
35.235, -0.437, -0.319, 0.037
35.251, -0.436, -0.320, 0.038
35.268, -0.435, -0.320, 0.037
35.285, -0.436, -0.319, 0.036
35.301, -0.435, -0.318, 0.034
35.318, -0.435, -0.318, 0.034
35.335, -0.435, -0.318, 0.034
35.351, -0.435, -0.319, 0.032
35.368, -0.435, -0.318, 0.033
35.385, -0.435, -0.318, 0.032
35.401, -0.435, -0.318, 0.033
35.418, -0.435, -0.318, 0.033
35.435, -0.436, -0.319, 0.032
35.451, -0.435, -0.318, 0.033
35.468, -0.435, -0.318, 0.032
35.485, -0.436, -0.319, 0.032
35.501, -0.435, -0.318, 0.033
35.519, -0.436, -0.319, 0.032
35.535, -0.436, -0.319, 0.032
35.552, -0.435, -0.318, 0.033
35.568, -0.435, -0.318, 0.032
35.586, -0.435, -0.318, 0.033
35.601, -0.435, -0.318, 0.033
35.618, -0.435, -0.318, 0.033
35.635, -0.435, -0.318, 0.033
35.652, -0.435, -0.318, 0.032
35.668, -0.435, -0.319, 0.031
35.685, -0.435, -0.318, 0.032
35.701, -0.436, -0.319, 0.032
35.718, -0.435, -0.318, 0.034
35.735, -0.435, -0.318, 0.033
35.751, -0.435, -0.319, 0.032
35.768, -0.435, -0.318, 0.033
35.785, -0.435, -0.318, 0.033
35.802, -0.435, -0.319, 0.032
35.818, -0.435, -0.318, 0.033
35.835, -0.435, -0.318, 0.033
35.851, -0.435, -0.319, 0.032
35.868, -0.435, -0.318, 0.033
35.886, -0.435, -0.318, 0.033
35.902, -0.435, -0.319, 0.032
35.918, -0.435, -0.318, 0.033
35.935, -0.435, -0.319, 0.032
35.951, -0.435, -0.318, 0.032
35.969, -0.435, -0.318, 0.033
35.985, -0.435, -0.318, 0.032
36.001, -0.435, -0.319, 0.032
36.018, -0.436, -0.319, 0.032
36.035, -0.435, -0.319, 0.032
36.051, -0.435, -0.318, 0.033
36.069, -0.435, -0.319, 0.032
36.086, -0.436, -0.319, 0.032
36.101, -0.435, -0.319, 0.032
36.118, -0.435, -0.319, 0.032
36.135, -0.435, -0.318, 0.033
36.152, -0.435, -0.318, 0.032
36.169, -0.435, -0.318, 0.032
36.185, -0.435, -0.319, 0.031
36.202, -0.435, -0.318, 0.034
36.218, -0.435, -0.319, 0.031
36.235, -0.435, -0.318, 0.033
36.252, -0.435, -0.318, 0.033
36.268, -0.435, -0.318, 0.033
36.285, -0.435, -0.318, 0.033
36.301, -0.435, -0.318, 0.033
36.318, -0.435, -0.318, 0.033
36.335, -0.435, -0.318, 0.033
36.351, -0.435, -0.319, 0.032
36.369, -0.435, -0.318, 0.033
36.385, -0.435, -0.318, 0.033
36.401, -0.435, -0.318, 0.034
36.419, -0.435, -0.318, 0.033
36.435, -0.435, -0.318, 0.033
36.451, -0.435, -0.318, 0.033
36.468, -0.435, -0.319, 0.032
36.485, -0.435, -0.319, 0.032
36.501, -0.435, -0.318, 0.033
36.518, -0.435, -0.319, 0.032
36.535, -0.435, -0.318, 0.033
36.551, -0.435, -0.318, 0.033
36.568, -0.435, -0.319, 0.032
36.585, -0.435, -0.318, 0.034
36.601, -0.435, -0.318, 0.033
36.619, -0.435, -0.318, 0.033
36.635, -0.435, -0.318, 0.033
36.652, -0.435, -0.318, 0.033
36.669, -0.435, -0.318, 0.033
36.685, -0.435, -0.318, 0.033
36.701, -0.435, -0.319, 0.032
36.718, -0.435, -0.318, 0.033
36.736, -0.435, -0.318, 0.033
36.751, -0.435, -0.319, 0.032
36.768, -0.435, -0.318, 0.033
36.785, -0.435, -0.318, 0.033
36.801, -0.435, -0.318, 0.033
36.818, -0.435, -0.318, 0.033
36.835, -0.435, -0.318, 0.033
36.851, -0.435, -0.318, 0.033
36.868, -0.435, -0.318, 0.033
36.885, -0.435, -0.318, 0.033
36.901, -0.435, -0.318, 0.032
36.918, -0.435, -0.319, 0.032
36.935, -0.435, -0.318, 0.033
36.951, -0.435, -0.318, 0.033
36.968, -0.435, -0.318, 0.033
36.985, -0.435, -0.318, 0.033
37.001, -0.435, -0.319, 0.031
37.018, -0.435, -0.318, 0.033
37.035, -0.435, -0.318, 0.033
37.051, -0.435, -0.318, 0.033
37.068, -0.435, -0.318, 0.033
37.085, -0.435, -0.318, 0.033
37.101, -0.435, -0.318, 0.033
37.118, -0.435, -0.319, 0.032
37.135, -0.435, -0.318, 0.032
37.151, -0.435, -0.318, 0.033
37.168, -0.435, -0.318, 0.034
37.185, -0.435, -0.318, 0.033
37.201, -0.435, -0.318, 0.033
37.218, -0.435, -0.318, 0.033
37.235, -0.435, -0.318, 0.033
37.251, -0.435, -0.318, 0.032
37.268, -0.435, -0.318, 0.033
37.285, -0.435, -0.318, 0.033
37.301, -0.435, -0.318, 0.033
37.318, -0.435, -0.318, 0.033
37.335, -0.435, -0.318, 0.033
37.352, -0.435, -0.318, 0.033
37.368, -0.435, -0.318, 0.033
37.385, -0.435, -0.318, 0.032
37.401, -0.435, -0.318, 0.033
37.418, -0.435, -0.318, 0.033
37.435, -0.435, -0.318, 0.033
37.451, -0.435, -0.318, 0.033
37.468, -0.435, -0.318, 0.033
37.485, -0.435, -0.318, 0.034
37.501, -0.435, -0.318, 0.034
37.518, -0.435, -0.318, 0.034
37.535, -0.435, -0.318, 0.034
37.551, -0.435, -0.318, 0.034
37.568, -0.435, -0.318, 0.034
37.585, -0.435, -0.318, 0.034
37.601, -0.435, -0.318, 0.034
37.618, -0.435, -0.318, 0.034
37.635, -0.435, -0.318, 0.033
37.651, -0.435, -0.318, 0.034
37.668, -0.435, -0.318, 0.034
37.685, -0.435, -0.318, 0.034
37.701, -0.435, -0.318, 0.033
37.718, -0.435, -0.318, 0.034
37.735, -0.435, -0.318, 0.034
37.751, -0.435, -0.318, 0.034
37.768, -0.435, -0.318, 0.034
37.785, -0.435, -0.318, 0.034
37.801, -0.435, -0.318, 0.033
37.818, -0.435, -0.318, 0.034
37.835, -0.435, -0.318, 0.034
37.851, -0.435, -0.318, 0.033
37.868, -0.435, -0.318, 0.034
37.885, -0.435, -0.318, 0.033
37.901, -0.435, -0.318, 0.034
37.918, -0.435, -0.319, 0.032
37.935, -0.435, -0.318, 0.033
37.951, -0.435, -0.318, 0.033
37.968, -0.435, -0.318, 0.034
37.985, -0.435, -0.318, 0.033
38.001, -0.435, -0.318, 0.034
38.018, -0.435, -0.318, 0.034
38.035, -0.435, -0.318, 0.034
38.051, -0.435, -0.318, 0.034
38.068, -0.435, -0.318, 0.034
38.085, -0.435, -0.318, 0.033
38.102, -0.435, -0.318, 0.034
38.118, -0.435, -0.318, 0.034
38.135, -0.435, -0.318, 0.034
38.151, -0.435, -0.318, 0.034
38.168, -0.435, -0.318, 0.033
38.185, -0.435, -0.318, 0.033
38.201, -0.435, -0.318, 0.034
38.218, -0.435, -0.318, 0.033
38.235, -0.435, -0.319, 0.032
38.251, -0.435, -0.318, 0.034
38.268, -0.435, -0.318, 0.032
38.285, -0.435, -0.318, 0.034
38.301, -0.435, -0.318, 0.034
38.318, -0.435, -0.318, 0.032
38.335, -0.435, -0.318, 0.033
38.351, -0.435, -0.318, 0.033
38.368, -0.435, -0.318, 0.033
38.385, -0.435, -0.318, 0.033
38.401, -0.436, -0.319, 0.032
38.418, -0.435, -0.318, 0.033
38.435, -0.435, -0.318, 0.033
38.451, -0.435, -0.319, 0.032
38.468, -0.435, -0.318, 0.033
38.485, -0.435, -0.319, 0.032
38.501, -0.435, -0.318, 0.033
38.518, -0.435, -0.318, 0.032
38.535, -0.436, -0.319, 0.032
38.552, -0.435, -0.318, 0.033
38.568, -0.436, -0.319, 0.032
38.585, -0.436, -0.319, 0.032
38.601, -0.435, -0.318, 0.033
38.618, -0.436, -0.319, 0.032
38.635, -0.435, -0.318, 0.033
38.651, -0.435, -0.318, 0.032
38.668, -0.435, -0.319, 0.032
38.685, -0.435, -0.318, 0.033
38.701, -0.435, -0.318, 0.032
38.718, -0.435, -0.318, 0.032
38.735, -0.435, -0.318, 0.033
38.751, -0.435, -0.318, 0.033
38.768, -0.436, -0.319, 0.032
38.785, -0.435, -0.318, 0.034
38.801, -0.435, -0.318, 0.032
38.818, -0.435, -0.318, 0.034
38.835, -0.435, -0.318, 0.033
38.851, -0.435, -0.318, 0.033
38.868, -0.435, -0.318, 0.032
38.885, -0.435, -0.318, 0.033
38.901, -0.435, -0.318, 0.032
38.918, -0.435, -0.318, 0.033
38.935, -0.435, -0.318, 0.033
38.951, -0.435, -0.318, 0.033
38.968, -0.435, -0.318, 0.033
38.985, -0.435, -0.318, 0.032
39.001, -0.435, -0.318, 0.032
39.018, -0.435, -0.318, 0.033
39.035, -0.435, -0.319, 0.032
39.052, -0.435, -0.318, 0.032
39.068, -0.435, -0.319, 0.032
39.085, -0.435, -0.319, 0.032
39.101, -0.435, -0.318, 0.033
39.118, -0.435, -0.319, 0.032
39.135, -0.435, -0.319, 0.032
39.152, -0.435, -0.318, 0.033
39.168, -0.435, -0.319, 0.032
39.185, -0.435, -0.318, 0.033
39.201, -0.435, -0.318, 0.034
39.218, -0.435, -0.318, 0.033
39.235, -0.435, -0.319, 0.032
39.252, -0.435, -0.318, 0.033
39.268, -0.435, -0.318, 0.033
39.285, -0.435, -0.318, 0.032
39.302, -0.435, -0.318, 0.034
39.318, -0.435, -0.318, 0.032
39.335, -0.435, -0.318, 0.033
39.351, -0.436, -0.319, 0.032
39.368, -0.435, -0.318, 0.033
39.385, -0.435, -0.318, 0.033
39.401, -0.435, -0.318, 0.033
39.418, -0.435, -0.318, 0.033
39.435, -0.435, -0.318, 0.033
39.452, -0.435, -0.319, 0.032
39.468, -0.435, -0.318, 0.033
39.485, -0.435, -0.318, 0.033
39.502, -0.435, -0.318, 0.033
39.518, -0.435, -0.318, 0.033
39.535, -0.435, -0.318, 0.033
39.552, -0.435, -0.318, 0.033
39.568, -0.435, -0.319, 0.031
39.585, -0.435, -0.318, 0.032
39.602, -0.435, -0.318, 0.033
39.618, -0.435, -0.318, 0.033
39.635, -0.435, -0.319, 0.032
39.652, -0.435, -0.319, 0.031
39.669, -0.435, -0.318, 0.033
39.685, -0.435, -0.318, 0.033
39.702, -0.435, -0.318, 0.033
39.718, -0.435, -0.318, 0.033
39.735, -0.435, -0.319, 0.033
39.752, -0.436, -0.319, 0.032
39.768, -0.435, -0.318, 0.033
39.785, -0.435, -0.318, 0.033
39.802, -0.435, -0.318, 0.033
39.818, -0.436, -0.319, 0.032
39.835, -0.435, -0.318, 0.032
39.852, -0.435, -0.318, 0.033
39.868, -0.435, -0.318, 0.032
39.885, -0.435, -0.318, 0.032
39.902, -0.435, -0.318, 0.033
39.918, -0.435, -0.318, 0.032
39.935, -0.435, -0.318, 0.033
39.951, -0.436, -0.319, 0.032
39.968, -0.435, -0.318, 0.033
39.985, -0.435, -0.318, 0.033
40.002, -0.435, -0.318, 0.034
40.018, -0.435, -0.318, 0.033
40.035, -0.435, -0.318, 0.033
40.052, -0.435, -0.318, 0.033
40.068, -0.435, -0.319, 0.031
40.085, -0.435, -0.318, 0.033
40.102, -0.435, -0.318, 0.033
40.119, -0.435, -0.318, 0.033
40.135, -0.435, -0.319, 0.032
40.151, -0.435, -0.318, 0.033
40.168, -0.435, -0.318, 0.033
40.186, -0.435, -0.319, 0.032
40.202, -0.435, -0.319, 0.031
40.218, -0.435, -0.318, 0.033
40.235, -0.436, -0.319, 0.032
40.251, -0.435, -0.319, 0.031
40.268, -0.436, -0.319, 0.032
40.285, -0.436, -0.320, 0.030
40.302, -0.435, -0.318, 0.032
40.318, -0.435, -0.318, 0.033
40.335, -0.435, -0.318, 0.033
40.351, -0.435, -0.318, 0.033
40.368, -0.435, -0.318, 0.032
40.385, -0.435, -0.318, 0.033
40.401, -0.435, -0.319, 0.032
40.418, -0.435, -0.319, 0.032
40.435, -0.435, -0.318, 0.033
40.451, -0.435, -0.318, 0.033
40.468, -0.435, -0.318, 0.033
40.485, -0.435, -0.318, 0.033
40.502, -0.435, -0.318, 0.032
40.518, -0.435, -0.318, 0.033
40.535, -0.435, -0.318, 0.033
40.551, -0.435, -0.318, 0.033
40.568, -0.435, -0.318, 0.033
40.585, -0.435, -0.318, 0.033
40.602, -0.435, -0.318, 0.033
40.618, -0.435, -0.318, 0.033
40.635, -0.435, -0.319, 0.032
40.652, -0.435, -0.318, 0.033
40.668, -0.435, -0.319, 0.031
40.685, -0.435, -0.319, 0.032
40.702, -0.435, -0.318, 0.033
40.718, -0.435, -0.318, 0.033
40.735, -0.435, -0.319, 0.032
40.751, -0.435, -0.319, 0.031
40.768, -0.435, -0.318, 0.033
40.785, -0.435, -0.319, 0.032
40.802, -0.435, -0.318, 0.033
40.818, -0.435, -0.318, 0.033
40.835, -0.435, -0.318, 0.033
40.851, -0.435, -0.318, 0.033
40.868, -0.435, -0.318, 0.033
40.885, -0.435, -0.318, 0.033
40.902, -0.435, -0.318, 0.033
40.918, -0.435, -0.318, 0.033
40.935, -0.435, -0.318, 0.033
40.951, -0.435, -0.318, 0.033
40.968, -0.435, -0.318, 0.033
40.985, -0.435, -0.318, 0.033
41.001, -0.435, -0.319, 0.032
41.018, -0.435, -0.318, 0.033
41.035, -0.435, -0.318, 0.033
41.052, -0.436, -0.319, 0.032
41.068, -0.435, -0.318, 0.033
41.085, -0.435, -0.318, 0.033
41.101, -0.435, -0.318, 0.032
41.118, -0.435, -0.318, 0.033
41.135, -0.435, -0.318, 0.033
41.151, -0.436, -0.319, 0.032
41.168, -0.435, -0.318, 0.033
41.185, -0.436, -0.319, 0.032
41.201, -0.435, -0.318, 0.033
41.218, -0.435, -0.318, 0.032
41.235, -0.435, -0.318, 0.032
41.251, -0.435, -0.319, 0.031
41.268, -0.435, -0.319, 0.032
41.285, -0.435, -0.318, 0.033
41.301, -0.435, -0.318, 0.033
41.318, -0.436, -0.319, 0.032
41.335, -0.435, -0.318, 0.033
41.351, -0.435, -0.318, 0.032
41.368, -0.435, -0.318, 0.034
41.385, -0.435, -0.318, 0.033
41.402, -0.435, -0.319, 0.032
41.418, -0.435, -0.318, 0.032
41.435, -0.435, -0.319, 0.031
41.452, -0.435, -0.319, 0.032
41.468, -0.435, -0.318, 0.033
41.485, -0.435, -0.319, 0.031
41.502, -0.436, -0.319, 0.032
41.518, -0.435, -0.319, 0.031
41.535, -0.435, -0.318, 0.033
41.551, -0.435, -0.318, 0.032
41.568, -0.435, -0.318, 0.033
41.585, -0.435, -0.318, 0.033
41.601, -0.435, -0.318, 0.032
41.618, -0.435, -0.318, 0.033
41.635, -0.435, -0.318, 0.033
41.651, -0.435, -0.318, 0.033
41.668, -0.435, -0.318, 0.033
41.685, -0.435, -0.319, 0.032
41.701, -0.436, -0.319, 0.032
41.719, -0.435, -0.318, 0.033
41.735, -0.436, -0.319, 0.032
41.752, -0.435, -0.319, 0.032
41.768, -0.435, -0.318, 0.033
41.785, -0.435, -0.319, 0.032
41.802, -0.435, -0.319, 0.031
41.819, -0.435, -0.319, 0.032
41.835, -0.435, -0.319, 0.032
41.851, -0.435, -0.318, 0.033
41.868, -0.436, -0.319, 0.032
41.885, -0.435, -0.318, 0.033
41.901, -0.435, -0.318, 0.034
41.918, -0.436, -0.319, 0.032
41.935, -0.435, -0.318, 0.033
41.951, -0.435, -0.318, 0.033
41.968, -0.435, -0.318, 0.032
41.985, -0.435, -0.318, 0.032
42.001, -0.435, -0.318, 0.032
42.018, -0.435, -0.318, 0.033
42.035, -0.435, -0.318, 0.033
42.051, -0.435, -0.318, 0.033
42.068, -0.435, -0.318, 0.032
42.085, -0.435, -0.318, 0.033
42.102, -0.435, -0.319, 0.032
42.119, -0.435, -0.319, 0.032
42.135, -0.435, -0.318, 0.033
42.152, -0.435, -0.318, 0.033
42.169, -0.435, -0.319, 0.031
42.185, -0.435, -0.318, 0.033
42.202, -0.435, -0.319, 0.032
42.218, -0.435, -0.318, 0.033
42.236, -0.435, -0.318, 0.034
42.252, -0.435, -0.318, 0.033
42.268, -0.435, -0.318, 0.034
42.286, -0.435, -0.318, 0.033
42.302, -0.435, -0.319, 0.032
42.319, -0.435, -0.319, 0.032
42.335, -0.435, -0.319, 0.032
42.352, -0.435, -0.318, 0.033
42.368, -0.435, -0.319, 0.032
42.386, -0.435, -0.318, 0.033
42.402, -0.436, -0.319, 0.032
42.419, -0.435, -0.319, 0.032
42.435, -0.435, -0.318, 0.033
42.452, -0.436, -0.319, 0.032
42.468, -0.435, -0.318, 0.034
42.485, -0.435, -0.318, 0.033
42.503, -0.435, -0.319, 0.032
42.518, -0.435, -0.318, 0.033
42.535, -0.435, -0.319, 0.031
42.553, -0.435, -0.319, 0.032
42.569, -0.435, -0.319, 0.031
42.585, -0.435, -0.318, 0.032
42.602, -0.435, -0.318, 0.033
42.618, -0.435, -0.319, 0.031
42.635, -0.435, -0.319, 0.032
42.651, -0.435, -0.319, 0.032
42.669, -0.435, -0.318, 0.033
42.685, -0.436, -0.319, 0.032
42.702, -0.435, -0.318, 0.033
42.718, -0.435, -0.319, 0.032
42.735, -0.435, -0.319, 0.032
42.751, -0.435, -0.318, 0.033
42.768, -0.435, -0.319, 0.032
42.785, -0.436, -0.319, 0.032
42.801, -0.435, -0.318, 0.033
42.818, -0.435, -0.318, 0.033
42.835, -0.436, -0.319, 0.032
42.851, -0.435, -0.319, 0.032
42.869, -0.435, -0.319, 0.032
42.885, -0.435, -0.318, 0.034
42.901, -0.435, -0.318, 0.033
42.918, -0.435, -0.319, 0.032
42.935, -0.435, -0.318, 0.033
42.952, -0.435, -0.318, 0.033
42.968, -0.435, -0.319, 0.032
42.985, -0.435, -0.318, 0.033
43.001, -0.435, -0.318, 0.033
43.018, -0.435, -0.318, 0.033
43.035, -0.435, -0.318, 0.033
43.052, -0.435, -0.319, 0.032
43.068, -0.435, -0.318, 0.033
43.085, -0.435, -0.318, 0.033
43.102, -0.435, -0.318, 0.033
43.119, -0.435, -0.318, 0.033
43.135, -0.435, -0.318, 0.033
43.152, -0.435, -0.318, 0.033
43.169, -0.435, -0.318, 0.033
