0.053, 0.000, 0.000, 0.000
0.076, 0.000, 0.000, 0.000
0.086, 0.000, 0.000, 0.000
0.103, 0.000, 0.000, 0.000
0.120, 0.000, 0.000, 0.000
0.136, 0.000, 0.000, 0.000
0.153, 0.000, 0.000, 0.000
0.170, 0.000, 0.000, 0.000
0.187, 0.000, 0.000, 0.000
0.203, 0.000, 0.000, 0.000
0.219, 0.000, 0.000, 0.000
0.236, 0.000, 0.000, 0.000
0.253, 0.000, 0.000, 0.000
0.270, 0.000, 0.000, 0.000
0.286, 0.000, 0.000, 0.000
0.303, 0.000, 0.000, 0.000
0.320, 0.000, 0.000, 0.000
0.336, 0.000, 0.000, 0.000
0.353, 0.000, 0.000, 0.000
0.370, 0.000, 0.000, 0.000
0.386, 0.000, 0.000, 0.000
0.403, 0.000, 0.000, 0.000
0.420, 0.000, 0.000, 0.000
0.436, 0.000, 0.000, 0.000
0.453, 0.000, 0.000, 0.000
0.470, 0.000, 0.000, 0.000
0.486, 0.001, -0.009, -0.010
0.503, -0.001, 0.005, 0.004
0.520, -0.001, 0.007, 0.010
0.536, -0.001, 0.008, 0.007
0.553, -0.000, 0.003, 0.008
0.570, 0.000, -0.000, 0.000
0.586, 0.000, 0.001, 0.002
0.603, 0.000, 0.000, -0.002
0.620, -0.001, -0.004, -0.005
0.636, -0.000, -0.004, -0.005
0.653, -0.000, 0.005, 0.008
0.670, 0.000, 0.003, 0.005
0.686, -0.001, 0.015, 0.023
0.703, -0.000, -0.001, -0.001
0.720, 0.001, -0.007, -0.014
0.737, 0.001, -0.013, -0.017
0.753, -0.000, 0.004, 0.001
0.770, -0.001, 0.006, 0.008
0.786, -0.001, 0.015, 0.018
0.803, 0.001, -0.008, -0.011
0.820, 0.000, -0.002, -0.006
0.837, -0.000, -0.004, -0.006
0.853, 0.000, -0.003, -0.007
0.870, -0.000, -0.002, 0.002
0.886, 0.001, -0.000, -0.002
0.903, -0.001, -0.000, 0.004
0.919, -0.001, 0.005, 0.004
0.936, -0.000, 0.001, 0.001
0.953, -0.000, -0.002, -0.005
0.970, -0.000, -0.001, -0.002
0.986, -0.001, -0.006, -0.009
1.003, -0.000, 0.002, 0.002
1.020, 0.000, 0.002, 0.002
1.036, 0.001, 0.003, 0.004
1.053, 0.002, -0.010, -0.015
1.070, 0.000, -0.005, -0.007
1.086, -0.000, -0.011, -0.017
1.103, -0.000, 0.007, 0.010
1.120, 0.000, 0.002, 0.002
1.136, 0.001, 0.000, 0.002
1.153, -0.000, 0.002, 0.002
1.170, -0.000, -0.002, 0.002
1.186, 0.000, -0.001, -0.001
1.203, -0.001, 0.001, 0.008
1.220, -0.001, 0.004, 0.006
1.236, -0.001, 0.003, 0.007
1.253, -0.000, 0.002, 0.002
1.269, 0.000, -0.002, -0.003
1.286, -0.001, 0.004, 0.006
1.303, 0.000, -0.003, -0.002
1.320, 0.001, -0.008, -0.011
1.336, 0.000, -0.004, -0.007
1.353, 0.000, -0.002, -0.002
1.370, 0.000, 0.000, 0.000
1.386, 0.000, 0.002, 0.005
1.403, 0.000, -0.002, -0.005
1.419, 0.000, -0.005, -0.002
1.436, 0.001, -0.004, -0.004
1.453, 0.001, -0.007, -0.007
1.470, -0.001, 0.009, 0.008
1.487, -0.001, 0.003, 0.004
1.503, -0.001, 0.004, 0.003
1.520, -0.001, 0.003, 0.009
1.536, -0.001, 0.006, 0.008
1.553, -0.001, 0.004, 0.011
1.569, -0.000, 0.005, 0.003
1.586, -0.000, 0.000, 0.001
1.603, 0.000, -0.000, -0.007
1.620, 0.001, -0.003, -0.005
1.636, 0.000, -0.002, -0.006
1.653, -0.000, 0.004, 0.007
1.670, -0.000, 0.002, 0.004
1.686, 0.001, -0.005, -0.005
1.704, 0.001, -0.001, -0.003
1.720, -0.000, 0.002, 0.001
1.736, 0.000, 0.004, 0.002
1.753, -0.001, 0.006, 0.010
1.769, -0.000, -0.000, 0.000
1.786, 0.000, 0.001, -0.000
1.803, 0.000, 0.001, 0.000
1.820, -0.000, -0.003, -0.005
1.836, -0.000, -0.003, -0.005
1.853, -0.000, -0.001, -0.002
1.869, 0.000, -0.002, -0.004
1.886, -0.001, 0.003, 0.007
1.903, -0.000, -0.003, -0.006
1.920, 0.002, -0.009, -0.013
1.936, 0.001, -0.006, -0.009
1.953, 0.001, -0.007, -0.009
1.970, 0.000, -0.006, -0.009
1.986, 0.001, -0.002, -0.004
2.003, 0.001, -0.008, -0.014
2.020, -0.001, 0.002, 0.003
2.036, -0.001, -0.000, 0.001
2.053, -0.000, -0.001, 0.001
2.070, -0.001, 0.002, 0.007
2.086, -0.001, 0.001, 0.001
2.103, -0.001, 0.003, 0.007
2.120, 0.000, 0.007, 0.005
2.136, -0.000, 0.005, 0.006
2.153, 0.000, 0.004, 0.003
2.170, -0.000, 0.004, 0.008
2.186, -0.000, -0.000, -0.001
2.203, -0.000, 0.003, 0.004
2.220, 0.000, 0.001, -0.001
2.236, 0.000, 0.002, 0.003
2.253, 0.000, 0.005, 0.005
2.270, -0.001, 0.002, 0.004
2.286, 0.000, -0.004, -0.005
2.303, -0.000, 0.002, 0.005
2.320, 0.000, 0.001, 0.003
2.336, 0.000, 0.000, 0.003
2.353, 0.000, 0.001, 0.003
2.370, 0.000, -0.002, -0.001
2.386, 0.000, 0.000, -0.001
2.403, -0.000, -0.001, 0.001
2.419, -0.000, -0.001, -0.003
2.436, -0.000, -0.001, -0.003
2.453, 0.000, -0.000, -0.004
2.469, 0.000, -0.004, -0.007
2.486, -0.001, 0.004, 0.008
2.503, 0.000, -0.005, -0.005
2.520, 0.001, -0.009, -0.015
2.536, 0.001, -0.007, -0.011
2.553, 0.001, -0.005, -0.012
2.569, 0.001, -0.005, -0.009
2.586, 0.001, -0.002, -0.004
2.603, 0.001, -0.009, -0.011
2.620, -0.000, -0.001, 0.001
2.636, -0.000, 0.000, 0.000
2.653, 0.000, -0.003, -0.003
2.669, -0.002, 0.005, 0.008
2.686, -0.001, 0.002, 0.003
2.703, -0.001, 0.003, 0.005
2.719, -0.000, 0.004, 0.005
2.736, -0.001, 0.002, 0.003
2.753, -0.000, 0.004, 0.004
2.769, -0.000, 0.009, 0.011
2.786, -0.000, 0.003, 0.004
2.803, -0.000, 0.008, 0.010
2.819, -0.000, 0.007, 0.011
2.836, -0.001, 0.010, 0.014
2.853, -0.001, 0.006, 0.011
2.870, -0.001, 0.008, 0.011
2.886, -0.000, -0.000, 0.000
2.903, -0.001, 0.012, 0.015
2.920, -0.000, 0.001, 0.004
2.936, -0.001, 0.006, 0.010
2.953, -0.000, 0.002, 0.007
2.970, 0.000, 0.002, 0.002
2.987, 0.001, -0.004, -0.006
3.003, 0.000, 0.003, 0.002
3.020, 0.000, -0.001, -0.004
3.036, 0.000, -0.002, -0.003
3.053, -0.000, -0.002, -0.002
3.070, -0.000, -0.004, -0.005
3.087, -0.001, 0.004, 0.007
3.103, 0.000, -0.003, -0.004
3.120, 0.001, -0.010, -0.014
3.136, 0.000, -0.008, -0.013
3.153, 0.001, -0.007, -0.011
3.170, 0.001, -0.007, -0.013
3.186, 0.001, 0.000, -0.002
3.203, 0.001, -0.006, -0.012
3.220, 0.000, -0.008, -0.007
3.236, 0.000, -0.008, -0.010
3.253, 0.001, -0.011, -0.010
3.269, -0.001, 0.002, 0.003
3.286, -0.001, -0.001, 0.000
3.303, -0.000, -0.001, -0.002
3.319, 0.000, 0.001, 0.001
3.336, 0.000, 0.002, 0.002
3.353, 0.000, -0.000, -0.001
3.370, -0.001, 0.008, 0.010
3.387, -0.001, 0.002, 0.003
3.403, -0.000, 0.005, 0.007
3.420, -0.000, 0.009, 0.011
3.436, -0.001, 0.008, 0.012
3.453, -0.001, 0.008, 0.011
3.469, -0.001, 0.006, 0.012
3.486, 0.000, -0.003, -0.003
3.503, -0.001, 0.008, 0.015
3.520, 0.000, 0.003, 0.004
3.536, 0.000, 0.004, 0.006
3.553, 0.000, 0.003, 0.004
3.570, -0.000, 0.002, 0.004
3.586, 0.000, -0.001, -0.003
3.603, -0.000, 0.003, 0.004
3.620, -0.000, -0.001, -0.001
3.636, -0.000, 0.000, 0.002
3.653, -0.000, 0.000, 0.001
3.670, 0.001, -0.004, -0.005
3.686, -0.001, 0.003, 0.006
3.704, 0.001, -0.000, 0.000
3.720, 0.000, 0.002, 0.001
3.736, 0.001, 0.004, 0.004
3.753, 0.000, -0.001, -0.003
3.770, 0.000, -0.009, -0.012
3.786, 0.000, -0.003, -0.005
3.803, 0.000, -0.007, -0.007
3.820, 0.001, -0.004, -0.007
3.836, 0.001, -0.004, -0.006
3.853, 0.001, -0.007, -0.011
3.870, -0.001, 0.001, 0.004
3.886, -0.000, 0.002, 0.002
3.903, -0.001, 0.001, 0.001
3.920, 0.001, 0.001, -0.002
3.936, 0.000, 0.000, -0.002
3.953, 0.001, -0.001, -0.003
3.970, -0.000, 0.008, 0.010
3.986, -0.000, 0.003, 0.004
4.003, -0.000, 0.005, 0.005
4.020, -0.001, 0.006, 0.010
4.036, -0.001, 0.008, 0.011
4.053, -0.000, 0.007, 0.009
4.070, -0.001, 0.006, 0.010
4.087, -0.000, -0.002, -0.003
4.103, -0.002, 0.010, 0.015
4.120, -0.000, 0.003, 0.005
4.136, 0.000, 0.004, 0.006
4.153, 0.001, -0.002, -0.005
4.170, 0.000, -0.000, -0.002
4.186, 0.000, -0.003, -0.008
4.203, -0.001, 0.005, 0.009
4.219, 0.000, 0.000, 0.000
4.236, -0.000, 0.001, 0.001
4.253, -0.000, 0.001, 0.001
4.270, 0.000, -0.003, -0.007
4.286, -0.000, 0.003, 0.004
4.303, 0.000, -0.002, -0.004
4.320, -0.000, -0.006, -0.008
4.336, 0.000, -0.007, -0.010
4.353, 0.000, -0.004, -0.008
4.370, 0.002, -0.010, -0.014
4.386, 0.001, -0.000, -0.001
4.403, 0.001, -0.008, -0.009
4.420, 0.000, -0.005, -0.006
4.436, 0.001, -0.007, -0.009
4.453, 0.001, -0.006, -0.008
4.470, 0.000, -0.005, -0.007
4.486, 0.001, -0.003, -0.003
4.504, 0.001, -0.007, -0.010
4.520, 0.001, -0.003, -0.004
4.536, 0.001, -0.002, -0.004
4.553, 0.001, -0.004, -0.006
4.570, 0.000, 0.002, -0.000
4.586, -0.000, -0.001, 0.001
4.603, 0.000, 0.001, -0.001
4.619, -0.000, 0.007, 0.012
4.636, -0.000, 0.004, 0.006
4.653, -0.000, 0.002, 0.006
4.670, -0.001, 0.007, 0.011
4.686, -0.000, 0.001, 0.001
4.703, -0.001, 0.007, 0.010
4.720, -0.000, 0.005, 0.009
4.736, -0.001, 0.009, 0.013
4.753, -0.001, 0.008, 0.015
4.770, -0.000, 0.002, 0.004
4.786, 0.001, -0.003, -0.005
4.803, -0.001, 0.005, 0.006
4.820, -0.001, 0.004, 0.004
4.836, -0.001, 0.003, 0.005
4.853, 0.000, 0.003, 0.004
4.870, 0.000, -0.001, -0.003
4.886, -0.001, 0.003, 0.006
4.903, 0.000, -0.001, -0.004
4.920, 0.000, -0.003, -0.004
4.936, 0.000, -0.004, -0.006
4.953, -0.000, -0.002, -0.003
4.970, 0.001, -0.009, -0.012
4.986, 0.000, 0.000, -0.001
5.003, 0.001, -0.005, -0.009
5.020, -0.000, -0.002, -0.004
5.036, 0.000, -0.004, -0.006
5.053, 0.000, -0.004, -0.005
5.070, 0.001, -0.005, -0.008
5.086, 0.001, -0.002, -0.005
5.103, 0.001, -0.008, -0.011
5.119, 0.001, 0.001, -0.003
5.136, 0.000, -0.001, -0.001
5.153, 0.000, 0.001, -0.004
5.169, -0.000, 0.001, 0.003
5.186, -0.000, 0.001, -0.000
5.204, 0.001, -0.003, -0.003
5.220, 0.000, -0.001, -0.001
5.236, 0.001, -0.004, -0.004
5.253, 0.000, 0.002, -0.001
5.270, -0.001, 0.006, 0.009
5.287, 0.000, -0.002, -0.005
5.303, -0.001, 0.007, 0.013
5.320, -0.000, 0.002, 0.006
5.336, -0.001, 0.006, 0.010
5.353, 0.001, -0.007, -0.008
5.370, 0.001, -0.004, -0.005
5.386, 0.001, -0.009, -0.012
5.403, -0.001, 0.007, 0.011
5.420, 0.000, 0.000, -0.000
5.437, 0.000, -0.000, -0.001
5.453, 0.001, 0.001, -0.001
5.470, 0.001, -0.003, -0.005
5.486, -0.000, 0.002, 0.004
5.503, -0.001, 0.001, 0.000
5.520, -0.001, 0.003, 0.003
5.536, 0.001, -0.003, -0.006
5.553, 0.001, -0.006, -0.009
5.569, 0.002, -0.015, -0.022
5.586, -0.000, -0.000, 0.000
5.603, -0.000, -0.007, -0.009
5.620, -0.000, -0.005, -0.003
5.636, 0.000, -0.005, -0.008
5.653, 0.001, -0.005, -0.005
5.669, 0.001, -0.005, -0.012
5.686, 0.000, -0.002, -0.002
5.703, 0.000, -0.002, -0.007
5.719, -0.001, -0.001, -0.002
5.736, -0.000, -0.002, -0.006
5.753, 0.000, -0.004, -0.000
5.770, 0.001, 0.001, 0.001
5.787, 0.000, -0.003, 0.001
5.803, 0.001, -0.006, -0.012
5.819, -0.002, 0.007, 0.013
5.836, 0.000, 0.006, 0.008
5.853, -0.001, 0.005, 0.010
5.870, 0.000, 0.006, 0.008
5.887, 0.000, -0.000, -0.001
5.903, -0.000, 0.008, 0.009
5.919, -0.001, 0.006, 0.012
5.937, -0.001, 0.008, 0.014
5.953, -0.001, 0.008, 0.016
5.970, -0.000, 0.005, 0.005
5.986, 0.000, -0.003, -0.004
6.003, 0.000, 0.006, 0.006
6.019, 0.000, 0.003, 0.003
6.036, -0.000, 0.003, 0.005
6.053, -0.000, 0.001, 0.003
6.069, 0.000, -0.002, -0.003
6.086, 0.000, 0.002, 0.003
6.103, 0.001, 0.001, -0.001
6.119, 0.000, -0.004, -0.007
6.136, 0.000, -0.003, -0.005
6.153, 0.000, -0.004, -0.004
6.169, -0.001, -0.004, -0.003
6.186, -0.000, 0.003, 0.001
6.203, -0.000, -0.002, -0.003
6.220, -0.000, -0.002, -0.005
6.236, -0.000, -0.002, -0.003
6.253, -0.001, -0.002, -0.004
6.269, 0.001, -0.008, -0.010
6.286, 0.000, -0.002, -0.003
6.303, 0.001, -0.009, -0.013
6.319, 0.000, -0.000, -0.004
6.336, 0.001, 0.000, -0.001
6.353, 0.001, 0.000, -0.003
6.369, -0.000, 0.001, 0.004
6.386, -0.001, 0.000, 0.000
6.403, -0.000, 0.001, 0.001
6.419, -0.000, 0.004, 0.004
6.436, -0.000, 0.005, 0.007
6.453, -0.000, 0.003, 0.005
6.469, -0.002, 0.010, 0.020
6.487, -0.000, -0.002, -0.003
6.503, -0.001, 0.006, 0.014
6.519, -0.001, 0.010, 0.012
6.536, -0.002, 0.013, 0.018
6.553, -0.002, 0.014, 0.015
6.570, -0.000, 0.001, 0.002
6.586, 0.001, -0.005, -0.008
6.604, -0.000, 0.000, 0.004
6.619, -0.001, 0.001, 0.001
6.637, 0.000, -0.006, -0.009
6.653, 0.001, -0.006, -0.013
6.670, 0.001, -0.010, -0.016
6.686, -0.001, -0.001, 0.000
6.703, -0.000, -0.001, 0.000
6.719, 0.001, -0.002, -0.001
6.736, 0.000, -0.002, -0.003
6.753, 0.000, -0.002, -0.002
6.770, -0.001, -0.004, -0.006
6.786, 0.000, 0.005, 0.005
6.803, -0.000, 0.001, 0.002
6.820, 0.001, -0.001, -0.000
6.836, 0.000, -0.004, -0.004
6.853, -0.000, -0.004, -0.004
6.870, -0.000, -0.009, -0.012
6.886, -0.000, 0.000, 0.001
6.903, 0.001, -0.008, -0.011
6.920, 0.003, 0.000, -0.004
6.936, 0.001, -0.001, -0.005
6.953, 0.001, -0.005, -0.009
6.970, -0.001, -0.001, -0.002
6.987, -0.000, 0.001, 0.001
7.003, 0.000, 0.001, -0.001
7.019, 0.000, 0.000, 0.003
7.036, 0.000, 0.001, 0.001
7.053, 0.000, 0.002, 0.002
7.069, 0.001, 0.009, 0.010
7.086, 0.001, 0.003, 0.002
7.103, 0.001, 0.008, 0.008
7.120, 0.020, -0.004, 0.017
7.136, 0.012, -0.006, 0.002
7.153, 0.021, -0.006, 0.017
7.169, 0.005, 0.006, 0.002
7.187, 0.004, 0.015, 0.016
7.203, -0.003, 0.026, 0.007
7.220, -0.002, 0.027, 0.001
7.236, 0.009, 0.021, -0.003
7.253, 0.008, 0.020, -0.006
7.269, 0.004, 0.016, -0.004
7.287, -0.005, 0.021, 0.007
7.303, -0.001, 0.011, 0.008
7.320, -0.005, 0.009, 0.006
7.336, -0.002, 0.002, 0.001
7.353, -0.006, 0.008, 0.001
7.370, -0.006, 0.006, 0.005
7.387, -0.002, 0.002, -0.001
7.404, 0.000, 0.001, 0.003
7.420, 0.002, 0.000, -0.003
7.437, 0.003, 0.001, -0.003
7.453, -0.000, -0.000, -0.008
7.470, -0.013, 0.016, -0.010
7.486, -0.012, 0.021, -0.003
7.503, -0.011, 0.020, -0.007
7.519, 0.007, 0.009, -0.000
7.536, 0.007, 0.006, 0.001
7.553, 0.008, 0.006, 0.000
7.569, 0.010, -0.003, -0.005
7.586, 0.007, -0.002, 0.001
7.603, 0.002, -0.003, -0.004
7.619, -0.005, 0.009, 0.011
7.636, -0.005, 0.006, 0.004
7.653, -0.002, 0.002, 0.007
7.669, 0.005, -0.009, 0.001
7.686, 0.005, -0.010, -0.008
7.703, 0.004, -0.003, 0.004
7.719, 0.000, 0.007, 0.007
7.736, 0.002, 0.002, 0.005
7.753, 0.001, 0.005, 0.007
7.770, 0.001, -0.002, 0.001
7.786, -0.001, 0.002, 0.004
7.803, 0.004, -0.003, -0.001
7.819, 0.001, 0.006, -0.002
7.836, -0.001, 0.005, -0.001
7.853, -0.002, 0.009, -0.000
7.869, 0.002, -0.012, -0.009
7.886, 0.001, -0.006, -0.005
7.903, 0.001, -0.009, -0.003
7.919, 0.001, -0.004, 0.001
7.936, 0.005, -0.011, -0.005
7.953, 0.001, -0.005, -0.001
7.970, 0.001, -0.006, -0.000
7.986, 0.000, 0.002, 0.005
8.003, 0.001, -0.006, -0.003
8.020, -0.002, 0.002, 0.001
8.036, -0.001, -0.003, -0.001
8.053, -0.003, 0.002, 0.003
8.071, -0.002, -0.001, -0.009
8.086, -0.005, 0.004, 0.001
8.103, -0.002, -0.002, -0.007
8.119, -0.002, 0.006, 0.005
8.137, 0.000, 0.000, -0.001
8.153, -0.004, 0.005, 0.001
8.170, -0.001, -0.010, 0.001
8.187, -0.008, 0.002, 0.014
8.204, -0.007, 0.001, 0.013
8.220, -0.009, -0.001, -0.003
8.237, -0.009, 0.006, 0.005
8.254, -0.019, -0.003, -0.008
8.270, -0.024, 0.017, 0.013
8.287, -0.032, 0.010, -0.003
8.303, -0.031, 0.023, 0.016
8.320, -0.039, 0.019, 0.020
8.337, -0.041, 0.019, 0.019
8.353, -0.059, 0.014, 0.006
8.370, -0.065, 0.027, 0.015
8.387, -0.079, 0.024, 0.018
8.403, -0.073, 0.044, 0.053
8.420, -0.078, 0.041, 0.048
8.437, -0.077, 0.039, 0.048
8.453, -0.110, 0.059, 0.075
8.469, -0.118, 0.059, 0.082
8.486, -0.140, 0.061, 0.093
8.503, -0.117, 0.041, 0.070
8.520, -0.128, 0.046, 0.085
8.536, -0.116, 0.047, 0.086
8.553, -0.161, 0.066, 0.120
8.570, -0.165, 0.068, 0.124
8.586, -0.165, 0.062, 0.130
8.603, -0.165, 0.062, 0.130
8.620, -0.165, 0.062, 0.130
8.636, -0.165, 0.062, 0.130
8.653, -0.150, 0.052, 0.123
8.670, -0.152, 0.042, 0.113
8.686, -0.199, 0.085, 0.180
8.703, -0.196, 0.078, 0.174
8.720, -0.208, 0.086, 0.188
8.736, -0.184, 0.072, 0.168
8.753, -0.221, 0.099, 0.221
8.770, -0.221, 0.086, 0.209
8.786, -0.254, 0.107, 0.254
8.803, -0.225, 0.080, 0.207
8.820, -0.229, 0.110, 0.261
8.836, -0.202, 0.096, 0.231
8.853, -0.239, 0.125, 0.295
8.870, -0.242, 0.134, 0.306
8.886, -0.274, 0.140, 0.340
8.903, -0.242, 0.125, 0.307
8.920, -0.238, 0.133, 0.315
8.936, -0.242, 0.138, 0.331
8.953, -0.241, 0.147, 0.349
8.970, -0.234, 0.129, 0.328
8.986, -0.230, 0.133, 0.329
9.003, -0.229, 0.137, 0.331
9.020, -0.235, 0.152, 0.348
9.036, -0.203, 0.133, 0.304
9.053, -0.224, 0.155, 0.348
9.070, -0.216, 0.145, 0.331
9.086, -0.240, 0.178, 0.396
9.103, -0.206, 0.151, 0.330
9.120, -0.207, 0.149, 0.337
9.136, -0.168, 0.128, 0.288
9.153, -0.192, 0.153, 0.326
9.170, -0.180, 0.147, 0.305
9.186, -0.203, 0.173, 0.340
9.203, -0.165, 0.153, 0.302
9.220, -0.169, 0.161, 0.317
9.236, -0.152, 0.150, 0.293
9.253, -0.147, 0.152, 0.294
9.270, -0.134, 0.143, 0.271
9.286, -0.129, 0.157, 0.286
9.303, -0.120, 0.149, 0.270
9.320, -0.111, 0.161, 0.285
9.336, -0.085, 0.134, 0.236
9.353, -0.095, 0.168, 0.290
9.370, -0.083, 0.142, 0.261
9.386, -0.087, 0.153, 0.290
9.403, -0.062, 0.115, 0.229
9.420, -0.063, 0.150, 0.270
9.436, -0.051, 0.146, 0.265
9.453, -0.045, 0.143, 0.264
9.470, -0.039, 0.139, 0.264
9.486, -0.030, 0.138, 0.260
9.503, -0.025, 0.136, 0.266
9.520, -0.018, 0.135, 0.270
9.536, -0.008, 0.111, 0.227
9.553, -0.006, 0.132, 0.264
9.570, 0.001, 0.117, 0.244
9.586, 0.004, 0.124, 0.273
9.603, 0.009, 0.109, 0.240
9.620, 0.014, 0.112, 0.254
9.636, 0.017, 0.092, 0.216
9.653, 0.026, 0.109, 0.267
9.669, 0.026, 0.109, 0.258
9.686, 0.035, 0.114, 0.280
9.703, 0.030, 0.100, 0.236
9.719, 0.033, 0.080, 0.217
9.736, 0.029, 0.071, 0.197
9.753, 0.037, 0.068, 0.210
9.770, 0.043, 0.063, 0.201
9.786, 0.048, 0.073, 0.225
9.803, 0.044, 0.060, 0.195
9.820, 0.042, 0.057, 0.189
9.836, 0.039, 0.044, 0.164
9.853, 0.045, 0.041, 0.177
9.870, 0.043, 0.036, 0.179
9.886, 0.052, 0.038, 0.199
9.903, 0.043, 0.026, 0.178
9.920, 0.043, 0.023, 0.165
9.936, 0.036, 0.015, 0.140
9.953, 0.041, 0.013, 0.152
9.970, 0.039, 0.016, 0.165
9.986, 0.041, 0.020, 0.190
10.003, 0.037, 0.010, 0.157
10.020, 0.034, 0.007, 0.152
10.036, 0.028, -0.002, 0.118
10.053, 0.028, -0.001, 0.144
10.069, 0.031, 0.003, 0.137
10.086, 0.030, -0.001, 0.152
10.103, 0.026, -0.007, 0.114
10.120, 0.021, -0.006, 0.125
10.136, 0.018, -0.005, 0.105
10.153, 0.016, 0.001, 0.130
10.169, 0.019, -0.013, 0.109
10.186, 0.020, -0.026, 0.109
10.203, 0.018, -0.030, 0.085
10.220, 0.009, -0.015, 0.109
10.236, 0.006, -0.016, 0.105
10.253, 0.005, -0.014, 0.108
10.270, 0.000, -0.020, 0.097
10.286, -0.002, -0.024, 0.090
10.303, -0.005, -0.022, 0.094
10.320, 0.001, -0.031, 0.075
10.336, -0.001, -0.033, 0.054
10.353, -0.005, -0.048, 0.072
10.370, -0.007, -0.048, 0.073
10.386, -0.010, -0.049, 0.090
10.403, -0.013, -0.039, 0.068
10.419, -0.012, -0.047, 0.058
10.436, -0.012, -0.047, 0.042
10.453, -0.016, -0.054, 0.048
10.469, -0.017, -0.053, 0.045
10.486, -0.022, -0.056, 0.059
10.504, -0.020, -0.049, 0.051
10.520, -0.025, -0.049, 0.052
10.536, -0.023, -0.039, 0.050
10.553, -0.027, -0.055, 0.049
10.570, -0.029, -0.056, 0.046
10.587, -0.033, -0.063, 0.054
10.603, -0.030, -0.060, 0.039
10.619, -0.030, -0.059, 0.042
10.637, -0.032, -0.056, 0.038
10.653, -0.035, -0.058, 0.038
10.670, -0.030, -0.054, 0.039
10.686, -0.033, -0.060, 0.031
10.703, -0.033, -0.053, 0.036
10.719, -0.037, -0.052, 0.041
10.736, -0.032, -0.047, 0.034
10.753, -0.038, -0.053, 0.039
10.770, -0.038, -0.048, 0.038
10.787, -0.044, -0.058, 0.037
10.803, -0.040, -0.044, 0.040
10.819, -0.042, -0.049, 0.029
10.836, -0.040, -0.047, 0.029
10.853, -0.040, -0.049, 0.022
10.870, -0.042, -0.045, 0.032
10.887, -0.044, -0.043, 0.030
10.903, -0.043, -0.042, 0.033
10.919, -0.039, -0.041, 0.031
10.936, -0.046, -0.042, 0.037
10.953, -0.046, -0.044, 0.029
10.970, -0.045, -0.056, 0.013
10.986, -0.038, -0.044, 0.012
11.003, -0.039, -0.039, 0.020
11.020, -0.040, -0.029, 0.032
11.036, -0.041, -0.027, 0.031
11.053, -0.038, -0.031, 0.020
11.070, -0.038, -0.022, 0.026
11.087, -0.037, -0.023, 0.025
11.103, -0.038, -0.021, 0.025
11.119, -0.038, -0.021, 0.021
11.136, -0.032, -0.015, 0.017
11.153, -0.034, -0.017, 0.015
11.169, -0.035, -0.016, 0.012
11.186, -0.040, -0.010, 0.019
11.203, -0.036, -0.005, 0.016
11.219, -0.035, -0.002, 0.020
11.236, -0.034, -0.005, 0.008
11.253, -0.032, -0.007, 0.002
11.269, -0.031, 0.000, 0.009
11.287, -0.031, -0.000, 0.001
11.303, -0.031, 0.010, 0.012
11.319, -0.029, 0.004, 0.001
11.336, -0.025, 0.005, 0.002
11.353, -0.027, 0.004, -0.007
11.370, -0.027, 0.007, -0.008
11.386, -0.031, 0.010, -0.009
11.403, -0.028, 0.010, -0.007
11.420, -0.031, 0.011, -0.007
11.436, -0.027, 0.008, -0.009
11.453, -0.028, 0.006, -0.013
11.470, -0.024, 0.003, -0.022
11.486, -0.027, -0.002, -0.029
11.503, -0.024, 0.005, -0.018
11.519, -0.025, 0.000, -0.016
11.536, -0.026, 0.002, -0.019
11.553, -0.026, -0.003, -0.024
11.569, -0.025, -0.005, -0.027
11.586, -0.022, -0.003, -0.019
11.603, -0.021, -0.006, -0.020
11.620, -0.022, -0.002, -0.017
11.636, -0.019, 0.000, -0.009
11.653, -0.021, -0.002, -0.009
11.670, -0.020, -0.012, -0.021
11.686, -0.023, -0.012, -0.016
11.703, -0.018, -0.020, -0.027
11.719, -0.019, -0.018, -0.023
11.736, -0.017, -0.016, -0.021
11.753, -0.017, -0.011, -0.012
11.769, -0.016, -0.012, -0.009
11.786, -0.016, -0.010, -0.008
11.803, -0.017, -0.014, -0.009
11.820, -0.015, -0.008, -0.003
11.836, -0.014, -0.012, -0.006
11.853, -0.016, -0.014, -0.006
11.869, -0.018, -0.014, -0.003
11.886, -0.019, -0.021, -0.013
11.903, -0.017, -0.017, -0.011
11.920, -0.012, -0.016, -0.013
11.936, -0.011, -0.013, -0.007
11.953, -0.013, -0.017, -0.014
11.970, -0.017, -0.012, -0.004
11.987, -0.018, -0.015, -0.011
12.003, -0.013, -0.013, -0.007
12.020, -0.013, -0.014, -0.021
12.036, -0.011, -0.015, -0.019
12.054, -0.012, -0.014, -0.015
12.069, -0.013, -0.018, -0.018
12.087, -0.012, -0.029, -0.030
12.103, -0.010, -0.019, -0.018
12.120, -0.006, -0.021, -0.009
12.136, -0.004, -0.019, -0.009
12.153, -0.004, -0.027, -0.017
12.169, -0.005, -0.028, -0.024
12.187, -0.004, -0.016, -0.006
12.203, -0.001, -0.018, -0.006
12.220, -0.000, -0.019, -0.010
12.236, 0.002, -0.024, -0.016
12.253, 0.003, -0.022, -0.014
12.269, 0.006, -0.025, -0.012
12.286, 0.007, -0.020, -0.002
12.303, 0.007, -0.022, -0.007
12.320, 0.006, -0.014, 0.003
12.336, 0.009, -0.016, -0.001
12.353, 0.013, -0.018, 0.001
12.370, 0.015, -0.018, 0.001
12.386, 0.013, -0.013, 0.012
12.403, 0.011, -0.007, 0.016
12.420, 0.013, -0.010, 0.018
12.438, 0.015, -0.011, 0.010
12.453, 0.016, -0.011, 0.012
12.469, 0.016, -0.006, 0.008
12.486, 0.016, -0.006, 0.013
12.503, 0.017, -0.010, 0.006
12.519, 0.015, -0.002, 0.010
12.536, 0.016, -0.004, 0.005
12.553, 0.015, 0.001, 0.010
12.569, 0.015, 0.005, 0.016
12.586, 0.014, 0.003, 0.012
12.603, 0.014, 0.006, 0.013
12.619, 0.016, 0.005, 0.017
12.636, 0.013, 0.010, 0.019
12.653, 0.014, 0.011, 0.024
12.670, 0.013, 0.005, 0.017
12.686, 0.012, 0.001, 0.012
12.703, 0.009, 0.008, 0.019
12.720, 0.008, 0.004, 0.019
12.736, 0.007, 0.008, 0.023
12.753, 0.008, 0.003, 0.018
12.769, 0.006, 0.006, 0.019
12.786, 0.005, 0.005, 0.019
12.803, 0.002, 0.011, 0.024
12.820, -0.002, 0.005, 0.017
12.836, -0.003, 0.011, 0.025
12.853, -0.004, 0.007, 0.020
12.871, -0.001, 0.002, 0.010
12.886, -0.004, 0.003, 0.008
12.903, -0.003, -0.002, -0.000
12.920, -0.004, -0.000, 0.009
12.936, -0.003, -0.004, 0.003
12.953, -0.004, -0.005, 0.003
12.970, -0.006, 0.002, 0.002
12.987, -0.007, 0.002, 0.004
13.003, -0.009, 0.002, 0.004
13.020, -0.006, -0.005, 0.002
13.036, -0.007, -0.005, -0.000
13.053, -0.006, -0.007, -0.002
13.070, -0.008, -0.003, 0.002
13.086, -0.008, -0.005, -0.001
13.103, -0.007, -0.008, -0.010
13.120, -0.005, -0.009, -0.022
13.136, -0.006, -0.007, -0.016
13.153, -0.008, -0.014, -0.024
13.170, -0.011, -0.000, 0.003
13.188, -0.010, -0.012, -0.013
13.203, -0.009, -0.003, -0.006
13.220, -0.010, -0.010, -0.011
13.236, -0.010, -0.009, -0.009
13.253, -0.011, -0.016, -0.016
13.270, -0.007, -0.027, -0.033
13.286, -0.009, -0.031, -0.039
13.303, -0.007, -0.023, -0.027
13.319, -0.008, -0.013, -0.015
13.337, -0.011, -0.023, -0.023
13.353, -0.012, -0.019, -0.019
13.370, -0.012, -0.026, -0.027
13.386, -0.009, -0.012, -0.010
13.403, -0.008, -0.021, -0.020
13.419, -0.010, -0.016, -0.017
13.436, -0.010, -0.013, -0.011
13.453, -0.010, -0.008, -0.007
13.470, -0.007, -0.022, -0.017
13.486, -0.007, -0.021, -0.018
13.503, -0.006, -0.024, -0.019
13.519, -0.005, -0.020, -0.013
13.536, -0.005, -0.017, -0.012
13.553, -0.006, -0.015, -0.011
13.569, -0.006, -0.007, -0.004
13.586, -0.005, -0.007, -0.007
13.603, -0.006, -0.006, -0.006
13.619, -0.005, -0.006, -0.007
13.636, -0.002, -0.006, -0.008
13.653, -0.002, -0.008, -0.011
13.669, -0.003, -0.007, -0.013
13.686, -0.004, -0.016, -0.028
13.703, -0.002, -0.015, -0.030
13.719, -0.001, -0.013, -0.024
13.736, -0.002, -0.003, -0.011
13.753, -0.001, -0.001, -0.010
13.769, -0.002, 0.004, -0.007
13.786, -0.001, 0.002, -0.011
13.803, -0.002, 0.005, -0.011
13.819, -0.001, 0.003, -0.014
13.836, -0.003, 0.009, -0.012
13.853, 0.001, 0.006, -0.014
13.869, 0.004, 0.001, -0.020
13.886, 0.006, -0.007, -0.032
13.903, 0.004, 0.003, -0.022
13.920, 0.004, 0.004, -0.020
13.936, 0.006, 0.000, -0.028
13.953, 0.006, 0.003, -0.024
13.969, 0.004, 0.005, -0.027
13.986, 0.006, 0.016, -0.013
14.003, 0.007, 0.011, -0.022
14.020, 0.009, 0.007, -0.027
14.036, 0.010, 0.005, -0.025
14.053, 0.011, 0.002, -0.028
14.070, 0.010, 0.001, -0.030
14.086, 0.012, 0.003, -0.026
14.103, 0.013, 0.002, -0.029
14.119, 0.013, 0.011, -0.011
14.136, 0.016, 0.011, -0.015
14.153, 0.016, 0.009, -0.015
14.169, 0.018, 0.002, -0.028
14.186, 0.018, 0.003, -0.028
14.203, 0.018, 0.005, -0.027
14.219, 0.019, 0.007, -0.030
14.236, 0.013, 0.013, -0.016
14.253, 0.016, 0.012, -0.025
14.270, 0.016, 0.012, -0.026
14.286, 0.020, 0.009, -0.036
14.303, 0.016, 0.009, -0.032
14.320, 0.016, 0.021, -0.011
14.336, 0.014, 0.018, -0.014
14.353, 0.014, 0.026, -0.005
14.370, 0.013, 0.017, -0.019
14.386, 0.015, 0.009, -0.028
14.403, 0.014, 0.011, -0.021
14.420, 0.012, 0.017, -0.019
14.436, 0.010, 0.026, -0.001
14.453, 0.010, 0.019, -0.008
14.469, 0.010, 0.013, -0.008
14.487, 0.011, 0.002, -0.022
14.503, 0.010, 0.013, -0.007
14.519, 0.010, 0.014, -0.008
14.536, 0.010, 0.016, -0.005
14.553, 0.010, 0.017, -0.006
14.569, 0.011, 0.012, -0.007
14.586, 0.011, 0.018, -0.005
14.603, 0.011, 0.013, -0.011
14.619, 0.010, 0.012, -0.022
14.636, 0.009, 0.021, -0.015
14.653, 0.010, 0.017, -0.023
14.670, 0.008, 0.016, -0.022
14.686, 0.008, 0.016, -0.026
14.703, 0.007, 0.013, -0.035
14.719, 0.005, 0.021, -0.023
14.736, 0.007, 0.023, -0.029
14.753, 0.006, 0.027, -0.022
14.769, 0.006, 0.027, -0.033
14.786, 0.001, 0.030, -0.026
14.803, 0.001, 0.025, -0.034
14.819, 0.002, 0.025, -0.030
14.836, 0.001, 0.021, -0.028
14.853, 0.001, 0.034, -0.027
14.869, -0.000, 0.035, -0.028
14.886, -0.001, 0.033, -0.037
14.903, -0.004, 0.023, -0.036
14.919, -0.003, 0.019, -0.035
14.936, -0.003, 0.026, -0.038
14.953, -0.003, 0.021, -0.040
14.970, -0.007, 0.024, -0.043
14.986, -0.010, 0.019, -0.038
15.003, -0.010, 0.018, -0.042
15.020, -0.010, 0.021, -0.031
15.036, -0.009, 0.007, -0.051
15.053, -0.012, 0.015, -0.037
15.069, -0.010, 0.018, -0.042
15.086, -0.012, 0.012, -0.048
15.103, -0.011, 0.016, -0.045
15.119, -0.016, 0.005, -0.048
15.136, -0.016, 0.008, -0.044
15.153, -0.013, -0.001, -0.059
15.169, -0.014, 0.011, -0.050
15.186, -0.017, 0.013, -0.044
15.203, -0.019, 0.013, -0.039
15.219, -0.015, -0.005, -0.062
15.236, -0.012, -0.009, -0.068
15.253, -0.012, -0.004, -0.059
15.270, -0.015, 0.002, -0.052
15.286, -0.015, 0.007, -0.039
15.303, -0.015, 0.007, -0.041
15.319, -0.013, 0.002, -0.043
15.336, -0.012, -0.002, -0.046
15.353, -0.015, -0.009, -0.052
15.369, -0.013, -0.014, -0.058
15.386, -0.013, -0.007, -0.045
15.403, -0.011, -0.018, -0.057
15.420, -0.009, -0.019, -0.059
15.436, -0.010, -0.018, -0.060
15.453, -0.008, -0.014, -0.053
15.470, -0.007, -0.000, -0.032
15.486, -0.005, -0.007, -0.034
15.503, -0.003, -0.014, -0.041
15.520, -0.005, -0.011, -0.038
15.536, -0.001, -0.016, -0.041
15.553, 0.001, -0.011, -0.033
15.570, 0.001, -0.003, -0.024
15.586, 0.005, -0.006, -0.026
15.603, 0.009, -0.008, -0.028
15.620, 0.014, -0.027, -0.047
15.636, 0.015, -0.024, -0.043
15.653, 0.014, -0.012, -0.024
15.670, 0.017, -0.011, -0.027
15.686, 0.020, -0.017, -0.032
15.703, 0.023, -0.013, -0.031
15.720, 0.024, -0.007, -0.021
15.737, 0.028, -0.020, -0.038
15.753, 0.028, -0.024, -0.040
15.770, 0.029, -0.024, -0.041
15.786, 0.029, -0.005, -0.012
15.804, 0.029, -0.007, -0.019
15.820, 0.030, -0.008, -0.015
15.836, 0.030, -0.008, -0.013
15.853, 0.029, -0.001, -0.002
15.870, 0.028, 0.000, 0.001
15.886, 0.027, 0.003, 0.005
15.903, 0.028, -0.006, -0.003
15.920, 0.026, -0.007, -0.005
15.936, 0.024, -0.000, 0.008
15.953, 0.023, 0.007, 0.021
15.970, 0.021, 0.005, 0.019
15.986, 0.019, 0.004, 0.013
16.003, 0.018, -0.000, 0.007
16.020, 0.018, 0.004, 0.007
16.036, 0.016, 0.012, 0.021
16.053, 0.015, 0.016, 0.020
16.070, 0.016, 0.020, 0.027
16.086, 0.016, 0.013, 0.016
16.103, 0.018, 0.007, 0.007
16.120, 0.018, 0.005, 0.006
16.136, 0.016, 0.029, 0.035
16.153, 0.014, 0.030, 0.034
16.170, 0.013, 0.039, 0.051
16.186, 0.011, 0.026, 0.033
16.203, 0.011, 0.028, 0.031
16.220, 0.012, 0.027, 0.029
16.236, 0.012, 0.025, 0.022
16.253, 0.012, 0.029, 0.033
16.270, 0.009, 0.031, 0.031
16.286, 0.009, 0.020, 0.018
16.303, 0.008, 0.024, 0.022
16.320, 0.010, 0.016, 0.009
16.336, 0.008, 0.018, 0.012
16.353, 0.008, 0.016, 0.006
16.370, 0.008, 0.015, 0.008
16.386, 0.006, 0.012, 0.005
16.403, 0.005, 0.012, 0.005
16.420, 0.003, 0.008, -0.001
16.436, 0.001, 0.005, -0.003
16.453, -0.000, 0.003, -0.006
16.470, -0.001, -0.003, -0.010
16.486, -0.003, 0.003, -0.002
16.503, -0.004, -0.004, -0.007
16.520, -0.006, -0.005, -0.011
16.536, -0.006, -0.012, -0.026
16.553, -0.007, -0.013, -0.027
16.570, -0.011, -0.010, -0.024
16.586, -0.011, -0.009, -0.019
16.603, -0.012, -0.012, -0.022
16.620, -0.009, -0.018, -0.020
16.636, -0.012, -0.020, -0.024
16.653, -0.012, -0.023, -0.025
16.669, -0.011, -0.031, -0.041
16.686, -0.011, -0.030, -0.029
16.703, -0.011, -0.037, -0.035
16.719, -0.011, -0.023, -0.013
16.736, -0.013, -0.031, -0.020
16.753, -0.014, -0.028, -0.014
16.769, -0.017, -0.029, -0.008
16.786, -0.016, -0.028, -0.001
16.803, -0.017, -0.022, 0.008
16.820, -0.016, -0.028, 0.003
16.836, -0.017, -0.041, -0.013
16.853, -0.017, -0.036, -0.005
16.870, -0.021, -0.032, -0.002
16.886, -0.021, -0.028, 0.005
16.903, -0.021, -0.028, 0.006
16.919, -0.019, -0.031, 0.002
16.936, -0.020, -0.032, 0.000
16.953, -0.019, -0.032, -0.008
16.970, -0.019, -0.028, -0.003
16.986, -0.020, -0.020, 0.001
17.003, -0.020, -0.014, 0.008
17.020, -0.023, -0.016, -0.002
17.036, -0.023, -0.010, 0.001
17.053, -0.024, -0.011, -0.003
17.070, -0.022, -0.012, -0.008
17.086, -0.022, -0.009, -0.013
17.103, -0.021, -0.007, -0.018
17.120, -0.022, -0.003, -0.017
17.136, -0.021, 0.004, -0.018
17.153, -0.020, 0.000, -0.025
17.169, -0.019, 0.004, -0.029
17.186, -0.018, 0.011, -0.023
17.203, -0.019, 0.019, -0.023
17.219, -0.018, 0.019, -0.024
17.236, -0.015, 0.024, -0.027
17.253, -0.015, 0.018, -0.037
17.269, -0.016, 0.033, -0.020
17.286, -0.014, 0.028, -0.033
17.303, -0.011, 0.033, -0.028
17.319, -0.013, 0.032, -0.032
17.336, -0.012, 0.035, -0.033
17.353, -0.010, 0.032, -0.039
17.370, -0.006, 0.029, -0.045
17.386, -0.005, 0.030, -0.045
17.403, -0.006, 0.031, -0.044
17.420, -0.004, 0.033, -0.041
17.436, -0.005, 0.030, -0.044
17.453, -0.003, 0.041, -0.033
17.470, -0.002, 0.038, -0.031
17.486, -0.001, 0.037, -0.039
17.503, 0.001, 0.038, -0.037
17.520, 0.000, 0.038, -0.040
17.536, -0.000, 0.038, -0.037
17.553, -0.000, 0.034, -0.039
17.570, -0.000, 0.031, -0.044
17.586, 0.002, 0.029, -0.047
17.603, 0.003, 0.030, -0.044
17.620, 0.001, 0.034, -0.035
17.636, 0.000, 0.036, -0.030
17.653, 0.001, 0.032, -0.037
17.670, 0.005, 0.012, -0.058
17.687, 0.005, 0.015, -0.050
17.703, 0.003, 0.015, -0.044
17.720, 0.002, 0.018, -0.037
17.736, 0.002, 0.015, -0.036
17.753, 0.004, 0.006, -0.048
17.769, 0.005, 0.002, -0.053
17.786, 0.006, -0.001, -0.048
17.803, 0.006, -0.004, -0.045
17.819, 0.006, -0.005, -0.040
17.836, 0.007, 0.003, -0.030
17.853, 0.008, -0.001, -0.031
17.869, 0.011, -0.005, -0.034
17.886, 0.013, -0.017, -0.038
17.903, 0.014, -0.024, -0.039
17.920, 0.014, -0.021, -0.030
17.936, 0.015, -0.025, -0.029
17.953, 0.015, -0.023, -0.020
17.970, 0.014, -0.023, -0.015
17.986, 0.017, -0.034, -0.021
18.003, 0.017, -0.032, -0.017
18.019, 0.018, -0.035, -0.014
18.036, 0.018, -0.038, -0.007
18.053, 0.020, -0.043, -0.009
18.070, 0.019, -0.039, 0.007
18.086, 0.017, -0.042, 0.005
18.103, 0.017, -0.043, 0.007
18.120, 0.019, -0.048, 0.000
18.136, 0.020, -0.056, -0.005
18.153, 0.019, -0.049, 0.004
18.170, 0.017, -0.048, 0.003
18.186, 0.018, -0.051, -0.001
18.203, 0.020, -0.051, -0.002
18.220, 0.020, -0.060, -0.015
18.236, 0.015, -0.054, -0.006
18.253, 0.014, -0.055, -0.006
18.270, 0.014, -0.048, 0.002
18.286, 0.015, -0.046, 0.002
18.303, 0.015, -0.050, -0.005
18.320, 0.012, -0.055, -0.006
18.336, 0.014, -0.049, -0.003
18.353, 0.011, -0.050, -0.001
18.370, 0.013, -0.055, -0.011
18.386, 0.013, -0.052, -0.011
18.403, 0.013, -0.046, -0.009
18.420, 0.011, -0.035, 0.003
18.437, 0.008, -0.031, 0.017
18.453, 0.009, -0.030, 0.019
18.470, 0.009, -0.028, 0.015
18.487, 0.012, -0.022, 0.011
18.503, 0.013, -0.025, 0.004
18.520, 0.012, -0.013, 0.023
18.537, 0.014, -0.005, 0.028
18.553, 0.011, -0.001, 0.030
18.570, 0.014, -0.003, 0.025
18.587, 0.014, 0.000, 0.025
18.603, 0.018, 0.007, 0.033
18.620, 0.018, 0.013, 0.037
18.636, 0.021, 0.013, 0.032
18.653, 0.021, 0.018, 0.037
18.670, 0.020, 0.024, 0.038
18.686, 0.020, 0.030, 0.043
18.703, 0.021, 0.034, 0.043
18.720, 0.024, 0.044, 0.052
18.736, 0.025, 0.048, 0.051
18.753, 0.027, 0.048, 0.046
18.770, 0.026, 0.037, 0.034
18.786, 0.028, 0.038, 0.030
18.803, 0.028, 0.037, 0.027
18.820, 0.027, 0.042, 0.026
18.836, 0.024, 0.049, 0.030
18.853, 0.023, 0.054, 0.035
18.870, 0.024, 0.042, 0.024
18.887, 0.025, 0.033, 0.007
18.903, 0.022, 0.040, 0.015
18.920, 0.021, 0.042, 0.004
18.937, 0.020, 0.044, 0.009
18.953, 0.020, 0.038, -0.004
18.970, 0.021, 0.034, -0.005
18.987, 0.018, 0.039, -0.006
19.003, 0.017, 0.037, -0.007
19.020, 0.013, 0.043, 0.000
19.036, 0.012, 0.035, -0.005
19.053, 0.010, 0.029, -0.018
19.069, 0.010, 0.033, -0.012
19.086, 0.005, 0.034, -0.012
19.103, 0.006, 0.034, -0.010
19.120, 0.003, 0.025, -0.015
19.136, 0.001, 0.030, -0.010
19.153, -0.002, 0.026, -0.013
19.170, -0.002, 0.037, -0.003
19.186, -0.003, 0.023, -0.017
19.203, -0.006, 0.030, -0.009
19.220, -0.008, 0.023, -0.013
19.237, -0.009, 0.027, -0.008
19.253, -0.009, 0.028, -0.004
19.269, -0.008, 0.029, -0.010
19.286, -0.008, 0.027, -0.012
19.303, -0.009, 0.024, -0.015
19.319, -0.012, 0.024, -0.014
19.336, -0.016, 0.024, -0.018
19.353, -0.016, 0.026, -0.014
19.370, -0.016, 0.022, -0.022
19.386, -0.016, 0.023, -0.014
19.403, -0.017, 0.025, -0.012
19.420, -0.020, 0.027, -0.006
19.436, -0.020, 0.028, -0.005
19.453, -0.019, 0.021, -0.019
19.469, -0.015, 0.018, -0.015
19.486, -0.014, 0.017, -0.016
19.503, -0.016, 0.018, -0.009
19.519, -0.017, 0.010, -0.017
19.536, -0.018, 0.010, -0.016
19.553, -0.018, 0.006, -0.019
19.569, -0.015, 0.003, -0.021
19.586, -0.016, 0.002, -0.019
19.605, -0.015, 0.001, -0.014
19.621, -0.018, 0.006, -0.005
19.636, -0.016, 0.005, -0.005
19.653, -0.017, 0.008, -0.006
19.670, -0.016, 0.003, -0.005
19.686, -0.017, -0.003, -0.011
19.703, -0.016, -0.017, -0.027
19.720, -0.017, -0.006, -0.011
19.736, -0.016, -0.005, -0.006
19.753, -0.016, 0.000, 0.002
19.770, -0.017, 0.000, 0.006
19.786, -0.017, -0.005, -0.004
19.803, -0.017, -0.005, -0.003
19.820, -0.014, -0.003, -0.005
19.836, -0.016, -0.005, -0.004
19.853, -0.017, 0.001, 0.005
19.870, -0.019, 0.002, -0.003
19.887, -0.017, 0.002, -0.006
19.903, -0.017, 0.008, -0.006
19.919, -0.018, 0.007, -0.000
19.936, -0.020, 0.017, 0.008
19.953, -0.019, 0.013, 0.003
19.970, -0.021, 0.009, -0.009
19.986, -0.018, -0.001, -0.022
20.003, -0.020, 0.009, -0.006
20.020, -0.016, 0.009, 0.001
20.036, -0.012, 0.023, 0.019
20.053, -0.006, 0.012, 0.004
20.070, -0.006, 0.007, -0.007
20.086, 0.000, 0.002, -0.005
20.103, 0.005, 0.001, -0.003
20.120, 0.012, 0.001, 0.001
20.136, 0.017, 0.000, 0.005
20.153, 0.024, -0.006, 0.001
20.170, 0.026, 0.008, 0.028
20.187, 0.041, -0.010, 0.011
20.203, 0.047, -0.013, 0.013
20.220, 0.059, -0.035, -0.013
20.236, 0.068, -0.031, 0.004
20.253, 0.076, -0.037, 0.001
20.269, 0.086, -0.046, -0.003
20.286, 0.094, -0.052, -0.002
20.303, 0.101, -0.059, -0.001
20.319, 0.100, -0.051, 0.017
20.336, 0.113, -0.057, 0.016
20.353, 0.117, -0.065, 0.010
20.370, 0.126, -0.068, 0.015
20.386, 0.136, -0.079, 0.006
20.403, 0.141, -0.067, 0.027
20.420, 0.147, -0.075, 0.013
20.436, 0.173, -0.083, 0.027
20.453, 0.179, -0.095, 0.013
20.470, 0.184, -0.089, 0.021
20.486, 0.171, -0.084, 0.013
20.503, 0.172, -0.078, 0.018
20.520, 0.183, -0.083, 0.017
20.536, 0.184, -0.088, 0.011
20.553, 0.189, -0.085, 0.011
20.570, 0.187, -0.071, 0.029
20.586, 0.188, -0.072, 0.017
20.603, 0.194, -0.077, 0.016
20.620, 0.186, -0.082, -0.004
20.636, 0.193, -0.077, 0.001
20.653, 0.188, -0.073, -0.000
20.669, 0.197, -0.088, -0.015
20.686, 0.201, -0.079, -0.009
20.703, 0.196, -0.073, -0.005
20.720, 0.199, -0.067, -0.005
20.736, 0.192, -0.065, -0.007
20.753, 0.202, -0.070, -0.015
20.769, 0.196, -0.063, -0.014
20.786, 0.203, -0.066, -0.015
20.803, 0.200, -0.063, -0.014
20.820, 0.205, -0.065, -0.019
20.836, 0.201, -0.056, -0.014
20.853, 0.199, -0.066, -0.024
20.870, 0.196, -0.065, -0.016
20.886, 0.200, -0.067, -0.015
20.903, 0.198, -0.066, -0.012
20.920, 0.208, -0.062, -0.002
20.936, 0.200, -0.061, -0.000
20.953, 0.202, -0.063, 0.003
20.969, 0.193, -0.062, 0.005
20.986, 0.195, -0.072, -0.002
21.003, 0.196, -0.072, -0.005
21.020, 0.190, -0.070, 0.011
21.036, 0.210, -0.084, 0.015
21.053, 0.207, -0.084, 0.026
21.069, 0.213, -0.093, 0.006
21.086, 0.190, -0.085, 0.014
21.103, 0.185, -0.082, 0.018
21.119, 0.188, -0.090, 0.024
21.136, 0.177, -0.087, 0.032
21.153, 0.185, -0.095, 0.023
21.169, 0.162, -0.088, 0.038
21.186, 0.165, -0.099, 0.028
21.203, 0.161, -0.096, 0.040
21.220, 0.166, -0.101, 0.035
21.236, 0.170, -0.110, 0.032
21.253, 0.168, -0.105, 0.033
21.270, 0.182, -0.125, 0.023
21.286, 0.180, -0.119, 0.025
21.303, 0.177, -0.129, 0.035
21.320, 0.154, -0.105, 0.022
21.336, 0.176, -0.123, 0.033
21.353, 0.185, -0.125, 0.014
21.369, 0.194, -0.140, 0.029
21.386, 0.175, -0.125, 0.022
21.404, 0.166, -0.119, 0.029
21.420, 0.172, -0.130, 0.019
21.436, 0.168, -0.125, 0.021
21.453, 0.169, -0.128, 0.019
21.470, 0.174, -0.123, 0.027
21.487, 0.176, -0.119, 0.030
21.503, 0.178, -0.122, 0.024
21.520, 0.178, -0.118, 0.013
21.537, 0.177, -0.119, 0.012
21.553, 0.179, -0.111, 0.018
21.570, 0.179, -0.111, 0.022
21.587, 0.175, -0.106, 0.013
21.603, 0.183, -0.111, 0.022
21.620, 0.185, -0.106, 0.023
21.637, 0.197, -0.114, 0.023
21.653, 0.191, -0.106, 0.027
21.670, 0.190, -0.104, 0.029
21.687, 0.191, -0.098, 0.030
21.703, 0.196, -0.105, 0.011
21.721, 0.194, -0.093, 0.020
21.736, 0.219, -0.106, 0.023
21.753, 0.219, -0.098, 0.027
21.770, 0.222, -0.103, 0.014
21.787, 0.202, -0.093, 0.004
21.803, 0.203, -0.090, 0.001
21.820, 0.206, -0.082, 0.012
21.837, 0.203, -0.075, 0.009
21.854, 0.202, -0.065, 0.017
21.869, 0.198, -0.073, 0.002
21.887, 0.197, -0.066, 0.003
21.903, 0.196, -0.070, -0.003
21.920, 0.195, -0.067, -0.006
21.936, 0.195, -0.063, -0.003
21.953, 0.195, -0.067, -0.011
21.970, 0.197, -0.067, -0.004
21.986, 0.193, -0.063, 0.003
22.003, 0.195, -0.064, 0.002
22.021, 0.193, -0.061, 0.000
22.036, 0.191, -0.066, -0.001
22.053, 0.189, -0.068, 0.003
22.069, 0.185, -0.070, 0.013
22.087, 0.189, -0.076, 0.017
22.103, 0.187, -0.080, 0.020
22.120, 0.189, -0.085, 0.018
22.136, 0.188, -0.094, 0.017
22.153, 0.187, -0.098, 0.023
22.170, 0.184, -0.111, 0.016
22.186, 0.176, -0.113, 0.023
22.203, 0.174, -0.122, 0.029
22.220, 0.171, -0.116, 0.040
22.236, 0.171, -0.131, 0.043
22.253, 0.165, -0.134, 0.042
22.269, 0.168, -0.147, 0.038
22.286, 0.160, -0.151, 0.035
22.303, 0.161, -0.152, 0.036
22.320, 0.155, -0.151, 0.027
22.336, 0.157, -0.162, 0.023
22.353, 0.154, -0.164, 0.019
22.370, 0.155, -0.169, 0.027
22.386, 0.151, -0.170, 0.021
22.403, 0.151, -0.170, 0.021
22.420, 0.145, -0.168, 0.017
22.438, 0.145, -0.166, 0.013
22.453, 0.146, -0.171, 0.006
22.469, 0.148, -0.173, 0.000
22.486, 0.148, -0.177, -0.002
22.503, 0.144, -0.173, -0.001
22.520, 0.153, -0.188, -0.020
22.536, 0.149, -0.183, -0.022
22.553, 0.149, -0.185, -0.030
22.570, 0.149, -0.184, -0.025
22.587, 0.141, -0.172, -0.026
22.603, 0.153, -0.190, -0.034
22.620, 0.145, -0.182, -0.032
22.636, 0.160, -0.199, -0.038
22.653, 0.149, -0.188, -0.035
22.669, 0.150, -0.187, -0.037
22.686, 0.149, -0.188, -0.037
22.703, 0.148, -0.188, -0.040
22.719, 0.151, -0.196, -0.041
22.736, 0.149, -0.200, -0.048
22.753, 0.152, -0.206, -0.049
22.769, 0.147, -0.201, -0.044
22.786, 0.144, -0.202, -0.047
22.803, 0.144, -0.204, -0.049
22.819, 0.143, -0.206, -0.050
22.836, 0.145, -0.211, -0.054
22.853, 0.143, -0.209, -0.054
22.869, 0.146, -0.213, -0.061
22.887, 0.142, -0.211, -0.059
22.904, 0.143, -0.209, -0.053
22.920, 0.142, -0.206, -0.050
22.936, 0.143, -0.209, -0.050
22.953, 0.138, -0.210, -0.051
22.970, 0.139, -0.212, -0.040
22.987, 0.141, -0.217, -0.038
23.003, 0.141, -0.216, -0.034
23.020, 0.137, -0.219, -0.042
23.037, 0.137, -0.224, -0.042
23.053, 0.134, -0.221, -0.037
23.070, 0.137, -0.223, -0.032
23.086, 0.134, -0.221, -0.025
23.103, 0.136, -0.227, -0.026
23.120, 0.134, -0.225, -0.023
23.136, 0.134, -0.228, -0.019
23.153, 0.136, -0.224, -0.015
23.170, 0.140, -0.233, -0.023
23.186, 0.137, -0.223, -0.015
23.203, 0.139, -0.232, -0.022
23.220, 0.135, -0.227, -0.017
23.236, 0.140, -0.235, -0.020
23.253, 0.138, -0.233, -0.015
23.270, 0.142, -0.235, -0.008
23.286, 0.142, -0.233, -0.007
23.303, 0.143, -0.237, -0.006
23.320, 0.140, -0.233, -0.018
23.336, 0.142, -0.229, -0.018
23.353, 0.144, -0.229, -0.019
23.370, 0.156, -0.224, -0.012
23.386, 0.157, -0.226, -0.013
23.403, 0.161, -0.224, -0.011
23.420, 0.156, -0.234, -0.023
23.436, 0.163, -0.228, -0.018
23.453, 0.168, -0.228, -0.022
23.471, 0.169, -0.220, -0.015
23.486, 0.177, -0.228, -0.015
23.504, 0.170, -0.222, -0.019
23.520, 0.175, -0.220, -0.011
23.536, 0.177, -0.221, -0.019
23.553, 0.185, -0.220, -0.014
23.570, 0.184, -0.215, -0.016
23.586, 0.188, -0.216, -0.018
23.603, 0.192, -0.215, -0.014
23.619, 0.193, -0.222, -0.019
23.636, 0.193, -0.214, -0.022
23.653, 0.192, -0.213, -0.022
23.669, 0.201, -0.208, -0.023
23.686, 0.206, -0.213, -0.024
23.703, 0.207, -0.210, -0.025
23.719, 0.208, -0.211, -0.031
23.736, 0.213, -0.206, -0.025
23.753, 0.212, -0.208, -0.031
23.770, 0.212, -0.205, -0.019
23.786, 0.212, -0.205, -0.021
23.803, 0.216, -0.207, -0.024
23.819, 0.214, -0.214, -0.031
23.836, 0.216, -0.210, -0.032
23.853, 0.218, -0.210, -0.031
23.869, 0.216, -0.209, -0.034
23.886, 0.218, -0.208, -0.036
23.903, 0.215, -0.208, -0.043
23.920, 0.220, -0.204, -0.032
23.936, 0.217, -0.206, -0.041
23.953, 0.218, -0.204, -0.032
23.970, 0.215, -0.206, -0.046
23.986, 0.200, -0.193, -0.044
24.003, 0.209, -0.207, -0.060
24.020, 0.207, -0.207, -0.063
24.036, 0.215, -0.222, -0.069
24.053, 0.202, -0.207, -0.066
24.070, 0.192, -0.197, -0.068
24.086, 0.196, -0.201, -0.071
24.103, 0.195, -0.202, -0.073
24.119, 0.197, -0.205, -0.075
24.136, 0.187, -0.195, -0.069
24.153, 0.184, -0.190, -0.065
24.169, 0.183, -0.191, -0.063
24.186, 0.172, -0.180, -0.054
24.203, 0.169, -0.175, -0.047
24.219, 0.166, -0.168, -0.035
24.236, 0.163, -0.164, -0.028
24.253, 0.156, -0.155, -0.020
24.269, 0.151, -0.150, -0.019
24.286, 0.138, -0.137, -0.013
24.303, 0.129, -0.132, -0.012
24.319, 0.125, -0.123, -0.013
24.336, 0.111, -0.114, -0.012
24.353, 0.103, -0.105, -0.012
24.369, 0.091, -0.100, -0.013
24.386, 0.080, -0.090, -0.011
24.403, 0.074, -0.086, -0.010
24.419, 0.063, -0.080, -0.003
24.436, 0.052, -0.069, -0.005
24.453, 0.041, -0.062, -0.010
24.469, 0.033, -0.055, -0.012
24.486, 0.018, -0.045, -0.016
24.504, 0.013, -0.041, -0.012
24.519, 0.007, -0.034, -0.012
24.536, -0.001, -0.027, -0.017
24.553, -0.010, -0.020, -0.028
24.569, -0.015, -0.016, -0.030
24.586, -0.024, -0.004, -0.030
24.603, -0.027, 0.001, -0.031
24.620, -0.032, 0.007, -0.038
24.636, -0.040, 0.013, -0.038
24.653, -0.045, 0.021, -0.038
24.669, -0.050, 0.029, -0.039
24.686, -0.053, 0.037, -0.039
24.703, -0.052, 0.042, -0.030
24.719, -0.054, 0.046, -0.027
24.736, -0.059, 0.053, -0.030
24.753, -0.065, 0.060, -0.032
24.769, -0.067, 0.066, -0.027
24.786, -0.065, 0.075, -0.022
24.803, -0.065, 0.077, -0.019
24.819, -0.060, 0.075, -0.014
24.836, -0.062, 0.082, -0.011
24.853, -0.061, 0.084, -0.005
24.869, -0.057, 0.089, -0.008
24.886, -0.055, 0.091, 0.001
24.903, -0.051, 0.091, 0.001
24.919, -0.055, 0.097, 0.005
24.936, -0.049, 0.096, 0.008
24.953, -0.048, 0.099, 0.008
24.969, -0.045, 0.097, 0.009
24.986, -0.042, 0.102, 0.008
25.003, -0.041, 0.104, 0.007
25.019, -0.041, 0.104, 0.006
25.036, -0.041, 0.107, 0.001
25.053, -0.041, 0.104, -0.001
25.069, -0.038, 0.105, 0.006
25.086, -0.035, 0.100, 0.009
25.103, -0.034, 0.106, 0.016
25.119, -0.031, 0.104, 0.013
25.136, -0.034, 0.109, 0.016
25.153, -0.030, 0.105, 0.019
25.169, -0.029, 0.103, 0.017
25.186, -0.023, 0.099, 0.026
25.203, -0.022, 0.099, 0.024
25.219, -0.021, 0.098, 0.032
25.236, -0.020, 0.099, 0.036
25.253, -0.019, 0.094, 0.030
25.270, -0.018, 0.096, 0.033
25.286, -0.015, 0.089, 0.032
25.303, -0.017, 0.093, 0.041
25.319, -0.020, 0.090, 0.047
25.336, -0.022, 0.087, 0.046
25.353, -0.023, 0.082, 0.044
25.370, -0.022, 0.082, 0.040
25.386, -0.025, 0.082, 0.041
25.403, -0.028, 0.081, 0.039
25.420, -0.032, 0.080, 0.031
25.436, -0.034, 0.076, 0.026
25.453, -0.038, 0.075, 0.022
25.469, -0.038, 0.070, 0.019
25.486, -0.041, 0.069, 0.019
25.503, -0.040, 0.067, 0.018
25.519, -0.042, 0.068, 0.015
25.536, -0.048, 0.065, 0.015
25.553, -0.046, 0.065, 0.016
25.569, -0.050, 0.062, 0.022
25.586, -0.051, 0.060, 0.024
25.603, -0.054, 0.057, 0.024
25.619, -0.067, 0.071, 0.036
25.637, -0.059, 0.062, 0.032
25.653, -0.059, 0.060, 0.035
25.669, -0.046, 0.046, 0.028
25.686, -0.051, 0.052, 0.036
25.703, -0.052, 0.051, 0.040
25.719, -0.048, 0.048, 0.034
25.736, -0.049, 0.045, 0.037
25.753, -0.049, 0.044, 0.036
25.770, -0.048, 0.043, 0.038
25.786, -0.049, 0.042, 0.044
25.803, -0.043, 0.037, 0.044
25.819, -0.044, 0.037, 0.048
25.836, -0.043, 0.031, 0.046
25.853, -0.045, 0.030, 0.048
25.869, -0.046, 0.029, 0.051
25.886, -0.044, 0.022, 0.049
25.903, -0.044, 0.022, 0.050
25.919, -0.040, 0.015, 0.052
25.936, -0.040, 0.014, 0.051
25.953, -0.037, 0.010, 0.052
25.969, -0.039, 0.012, 0.058
25.986, -0.035, 0.005, 0.053
26.003, -0.038, 0.006, 0.061
26.019, -0.036, 0.002, 0.050
26.036, -0.035, -0.002, 0.056
26.053, -0.030, -0.007, 0.047
26.069, -0.027, -0.009, 0.039
26.086, -0.025, -0.012, 0.040
26.103, -0.022, -0.015, 0.036
26.119, -0.023, -0.021, 0.042
26.136, -0.019, -0.024, 0.035
26.153, -0.015, -0.027, 0.034
26.169, -0.014, -0.030, 0.035
26.186, -0.012, -0.033, 0.032
26.203, -0.014, -0.035, 0.031
26.220, -0.011, -0.039, 0.030
26.236, -0.009, -0.042, 0.028
26.253, -0.008, -0.047, 0.028
26.270, -0.006, -0.051, 0.021
26.287, -0.005, -0.052, 0.024
26.303, -0.005, -0.054, 0.024
26.319, -0.007, -0.056, 0.020
26.336, -0.006, -0.059, 0.024
26.353, -0.004, -0.059, 0.023
26.370, -0.005, -0.061, 0.021
26.387, -0.007, -0.064, 0.022
26.403, -0.006, -0.064, 0.024
26.419, -0.005, -0.058, 0.031
26.437, -0.008, -0.061, 0.030
26.454, -0.009, -0.065, 0.028
26.470, -0.011, -0.061, 0.034
26.487, -0.009, -0.061, 0.038
26.503, -0.012, -0.055, 0.044
26.520, -0.014, -0.063, 0.045
26.536, -0.016, -0.060, 0.043
26.553, -0.016, -0.060, 0.046
26.570, -0.014, -0.058, 0.043
26.587, -0.018, -0.056, 0.042
26.603, -0.018, -0.053, 0.045
26.620, -0.019, -0.053, 0.043
26.637, -0.018, -0.049, 0.045
26.653, -0.020, -0.046, 0.040
26.670, -0.019, -0.043, 0.045
26.687, -0.021, -0.040, 0.044
26.703, -0.020, -0.037, 0.041
26.720, -0.020, -0.034, 0.049
26.736, -0.020, -0.027, 0.046
26.753, -0.019, -0.024, 0.045
26.770, -0.021, -0.019, 0.039
26.787, -0.020, -0.014, 0.039
26.803, -0.020, -0.010, 0.037
26.820, -0.017, -0.010, 0.031
26.837, -0.017, -0.001, 0.027
26.853, -0.015, 0.003, 0.026
26.870, -0.015, 0.008, 0.020
26.887, -0.011, 0.013, 0.019
26.903, -0.010, 0.017, 0.018
26.919, -0.008, 0.031, 0.021
26.936, -0.005, 0.031, 0.017
26.953, -0.003, 0.033, 0.012
26.970, -0.002, 0.032, 0.009
26.987, -0.002, 0.039, 0.009
27.003, -0.000, 0.045, 0.009
27.020, 0.001, 0.040, 0.007
27.037, 0.005, 0.047, 0.007
27.053, 0.005, 0.048, 0.007
27.070, 0.005, 0.056, 0.009
27.088, 0.008, 0.055, 0.006
27.104, 0.008, 0.056, 0.005
27.120, 0.012, 0.057, 0.010
27.137, 0.014, 0.055, 0.007
27.154, 0.012, 0.063, 0.017
27.170, 0.014, 0.062, 0.013
27.188, 0.014, 0.061, 0.013
27.204, 0.018, 0.059, 0.007
27.220, 0.017, 0.060, 0.007
27.236, 0.018, 0.061, 0.008
27.253, 0.022, 0.058, 0.009
27.270, 0.022, 0.055, 0.006
27.287, 0.022, 0.054, 0.005
27.303, 0.025, 0.055, 0.005
27.320, 0.025, 0.055, 0.003
27.337, 0.027, 0.055, 0.003
27.353, 0.025, 0.050, -0.002
27.370, 0.023, 0.045, -0.003
27.387, 0.025, 0.041, -0.006
27.403, 0.027, 0.041, -0.006
27.420, 0.029, 0.040, -0.007
27.437, 0.028, 0.038, -0.006
27.453, 0.027, 0.032, -0.006
27.470, 0.028, 0.026, -0.008
27.486, 0.028, 0.022, -0.007
27.503, 0.027, 0.019, -0.008
27.520, 0.028, 0.012, -0.014
27.536, 0.027, 0.012, -0.013
27.553, 0.026, 0.007, -0.014
27.569, 0.024, 0.012, -0.010
27.586, 0.019, 0.004, -0.010
27.603, 0.019, 0.001, -0.012
27.619, 0.016, -0.002, -0.010
27.636, 0.013, -0.007, -0.014
27.653, 0.009, -0.009, -0.010
27.670, 0.008, -0.013, -0.005
27.686, 0.005, -0.020, -0.005
27.703, 0.003, -0.025, -0.005
27.719, -0.001, -0.027, -0.006
27.736, -0.006, -0.032, -0.002
27.753, -0.013, -0.034, 0.002
27.769, -0.015, -0.039, 0.005
27.786, -0.023, -0.047, 0.004
27.803, -0.020, -0.045, 0.013
27.821, -0.024, -0.046, 0.012
27.836, -0.027, -0.049, 0.018
27.853, -0.034, -0.056, 0.012
27.870, -0.035, -0.059, 0.008
27.886, -0.038, -0.061, 0.013
27.903, -0.040, -0.064, 0.013
27.920, -0.055, -0.088, 0.024
27.936, -0.052, -0.082, 0.020
27.953, -0.053, -0.083, 0.021
27.970, -0.046, -0.067, 0.014
27.986, -0.053, -0.077, 0.020
28.003, -0.054, -0.081, 0.021
28.019, -0.049, -0.079, 0.021
28.036, -0.049, -0.080, 0.019
28.053, -0.050, -0.079, 0.022
28.069, -0.049, -0.080, 0.024
28.086, -0.048, -0.078, 0.024
28.103, -0.045, -0.078, 0.020
28.119, -0.043, -0.075, 0.019
28.136, -0.041, -0.074, 0.019
28.153, -0.038, -0.072, 0.018
28.170, -0.037, -0.071, 0.015
28.186, -0.033, -0.065, 0.013
28.203, -0.032, -0.064, 0.004
28.219, -0.030, -0.055, 0.007
28.236, -0.027, -0.052, -0.005
28.253, -0.024, -0.044, -0.005
28.269, -0.024, -0.043, -0.017
28.286, -0.022, -0.038, -0.029
28.303, -0.020, -0.032, -0.034
28.319, -0.017, -0.029, -0.034
28.336, -0.015, -0.022, -0.048
28.353, -0.015, -0.018, -0.054
28.369, -0.011, -0.014, -0.071
28.386, -0.010, -0.006, -0.078
28.403, -0.010, -0.004, -0.091
28.419, -0.010, 0.001, -0.098
28.436, -0.009, 0.006, -0.110
28.453, -0.007, 0.011, -0.115
28.469, -0.005, 0.011, -0.118
28.486, -0.004, 0.016, -0.124
28.503, -0.005, 0.018, -0.130
28.519, -0.006, 0.022, -0.137
28.536, -0.004, 0.026, -0.141
28.553, -0.003, 0.029, -0.146
28.569, -0.007, 0.028, -0.149
28.586, -0.005, 0.032, -0.162
28.603, -0.006, 0.032, -0.162
28.619, -0.001, 0.049, -0.202
28.636, -0.002, 0.044, -0.179
28.653, -0.004, 0.045, -0.184
28.670, -0.003, 0.031, -0.148
28.686, -0.004, 0.037, -0.166
28.703, 0.000, 0.035, -0.166
28.720, 0.001, 0.036, -0.167
28.742, -0.001, 0.033, -0.171
28.753, -0.000, 0.032, -0.174
28.770, -0.003, 0.030, -0.175
28.786, 0.000, 0.027, -0.176
28.803, -0.002, 0.025, -0.173
28.820, -0.005, 0.021, -0.165
28.836, -0.005, 0.018, -0.165
28.853, -0.006, 0.016, -0.163
28.870, -0.008, 0.013, -0.167
28.886, -0.010, 0.010, -0.163
28.903, -0.012, 0.006, -0.162
28.920, -0.012, 0.007, -0.163
28.936, -0.015, 0.004, -0.165
28.953, -0.018, 0.005, -0.159
28.970, -0.022, -0.001, -0.159
28.986, -0.026, 0.002, -0.147
29.003, -0.031, 0.003, -0.151
29.020, -0.029, 0.009, -0.133
29.037, -0.038, 0.007, -0.134
29.053, -0.039, 0.008, -0.128
29.070, -0.048, 0.007, -0.133
29.086, -0.052, 0.008, -0.124
29.103, -0.057, 0.005, -0.126
29.120, -0.055, 0.004, -0.117
29.136, -0.058, 0.001, -0.117
29.153, -0.059, 0.005, -0.111
29.169, -0.061, 0.001, -0.120
29.186, -0.064, 0.001, -0.124
29.203, -0.067, -0.003, -0.124
29.220, -0.070, -0.003, -0.125
29.236, -0.070, -0.006, -0.126
29.253, -0.070, -0.009, -0.126
29.270, -0.066, -0.008, -0.126
29.287, -0.066, -0.012, -0.124
29.304, -0.063, -0.014, -0.132
29.320, -0.060, -0.017, -0.128
29.336, -0.059, -0.021, -0.133
29.353, -0.056, -0.023, -0.132
29.370, -0.059, -0.028, -0.143
29.386, -0.055, -0.032, -0.146
29.404, -0.052, -0.034, -0.144
29.420, -0.059, -0.047, -0.174
29.436, -0.046, -0.044, -0.156
29.453, -0.044, -0.047, -0.158
29.470, -0.032, -0.038, -0.130
29.486, -0.031, -0.042, -0.146
29.503, -0.028, -0.042, -0.147
29.520, -0.024, -0.041, -0.147
29.537, -0.018, -0.043, -0.148
29.553, -0.014, -0.042, -0.147
29.569, -0.004, -0.041, -0.145
29.586, -0.002, -0.043, -0.147
29.603, 0.002, -0.041, -0.143
29.620, 0.003, -0.041, -0.143
29.636, 0.007, -0.039, -0.137
29.653, 0.011, -0.039, -0.141
29.669, 0.014, -0.039, -0.134
29.686, 0.019, -0.038, -0.138
29.703, 0.021, -0.037, -0.133
29.720, 0.020, -0.035, -0.142
29.736, 0.025, -0.033, -0.144
29.753, 0.023, -0.033, -0.145
29.770, 0.031, -0.034, -0.141
29.786, 0.032, -0.034, -0.139
29.803, 0.033, -0.037, -0.137
29.820, 0.030, -0.035, -0.130
29.836, 0.031, -0.036, -0.123
29.853, 0.030, -0.035, -0.120
29.870, 0.031, -0.041, -0.130
29.886, 0.028, -0.045, -0.132
29.904, 0.028, -0.047, -0.130
29.919, 0.031, -0.060, -0.157
29.937, 0.027, -0.055, -0.131
29.953, 0.024, -0.059, -0.133
29.970, 0.015, -0.049, -0.096
29.986, 0.015, -0.063, -0.115
30.003, 0.013, -0.065, -0.111
30.019, 0.012, -0.070, -0.105
30.036, 0.011, -0.068, -0.102
30.053, 0.009, -0.069, -0.098
30.070, 0.007, -0.062, -0.096
30.087, 0.006, -0.067, -0.093
30.103, 0.006, -0.067, -0.092
30.120, 0.006, -0.072, -0.095
30.136, 0.004, -0.069, -0.093
30.153, 0.004, -0.069, -0.092
30.170, 0.001, -0.070, -0.097
30.186, 0.003, -0.069, -0.092
30.203, 0.004, -0.069, -0.093
30.220, 0.007, -0.065, -0.082
30.237, 0.005, -0.064, -0.079
30.253, 0.005, -0.066, -0.080
30.270, 0.006, -0.061, -0.080
30.287, 0.010, -0.057, -0.076
30.303, 0.008, -0.052, -0.074
30.320, 0.008, -0.052, -0.064
30.337, 0.008, -0.049, -0.067
30.353, 0.012, -0.045, -0.062
30.370, 0.011, -0.043, -0.068
30.387, 0.012, -0.041, -0.063
30.403, 0.012, -0.039, -0.059
30.420, 0.013, -0.039, -0.059
30.437, 0.013, -0.030, -0.051
30.453, 0.012, -0.028, -0.051
30.470, 0.013, -0.024, -0.043
30.487, 0.005, -0.022, -0.042
30.503, 0.009, -0.013, -0.034
30.520, 0.006, -0.008, -0.026
30.536, 0.008, 0.001, -0.018
30.553, 0.002, 0.002, -0.019
30.569, 0.002, 0.006, -0.031
30.586, -0.001, 0.010, -0.048
30.603, -0.004, 0.014, -0.077
30.620, 0.001, 0.017, -0.108
30.636, -0.003, 0.020, -0.189
30.653, -0.002, 0.024, -0.252
30.669, -0.015, 0.022, -0.334
30.687, -0.012, 0.028, -0.458
30.703, -0.020, 0.028, -0.545
30.719, -0.011, 0.036, -0.623
30.736, -0.019, 0.039, -0.755
30.753, -0.011, 0.032, -0.854
30.770, 0.059, -0.024, -0.746
30.787, 0.103, -0.008, -0.289
30.803, 0.123, 0.003, 0.002
30.819, 0.071, 0.069, 0.084
30.836, 0.085, 0.057, -0.064
30.853, 0.072, 0.035, -0.092
30.870, 0.047, 0.007, -0.073
30.886, -0.006, -0.021, -0.021
30.903, -0.010, -0.010, 0.001
30.920, -0.001, -0.003, -0.001
30.936, 0.006, 0.004, -0.000
30.953, 0.005, 0.005, 0.002
30.969, -0.000, 0.002, -0.000
30.986, -0.004, -0.001, 0.001
31.004, -0.004, -0.007, -0.001
31.020, -0.002, -0.003, -0.003
31.037, 0.001, 0.002, 0.000
31.053, 0.001, 0.004, -0.001
31.070, 0.000, -0.000, -0.001
31.086, -0.001, -0.001, 0.000
31.103, 0.001, -0.002, -0.003
31.119, -0.001, 0.001, 0.002
31.137, -0.001, 0.001, 0.000
31.153, -0.001, 0.003, 0.003
31.170, -0.001, 0.000, 0.001
31.186, -0.000, -0.000, -0.000
31.203, 0.001, -0.002, -0.001
31.220, 0.000, -0.002, -0.001
31.236, 0.001, -0.002, -0.002
31.253, -0.001, 0.001, 0.003
31.270, 0.000, 0.005, 0.005
31.286, 0.000, 0.002, 0.002
31.303, 0.001, 0.001, 0.002
31.320, 0.000, -0.002, -0.003
31.336, -0.000, 0.001, 0.002
31.353, 0.002, 0.002, 0.002
31.370, -0.001, -0.002, -0.005
31.386, -0.001, -0.001, -0.001
31.403, -0.003, -0.003, -0.007
31.420, 0.000, -0.000, 0.001
31.436, 0.000, -0.002, -0.002
31.453, 0.001, 0.000, 0.000
31.470, -0.000, -0.000, 0.000
31.486, -0.000, -0.000, -0.000
31.503, -0.001, 0.000, 0.000
31.519, -0.001, -0.000, 0.001
31.536, 0.000, -0.001, -0.002
31.553, -0.001, -0.000, 0.002
31.569, -0.000, 0.001, 0.002
31.586, -0.001, 0.002, 0.004
31.603, -0.000, 0.001, 0.002
31.620, 0.001, -0.001, -0.002
31.636, 0.001, 0.000, 0.001
31.653, 0.001, -0.003, -0.005
31.670, 0.001, -0.001, -0.003
31.686, -0.000, -0.002, -0.004
31.703, 0.002, -0.001, -0.003
31.720, -0.002, 0.002, 0.006
31.736, 0.000, 0.001, 0.003
31.753, -0.001, 0.001, 0.003
31.770, -0.002, 0.001, 0.002
31.786, -0.001, -0.000, -0.000
31.803, -0.002, 0.003, 0.004
31.820, -0.001, -0.001, 0.001
31.837, -0.000, -0.000, 0.001
31.853, -0.001, -0.001, 0.001
31.870, 0.000, 0.001, -0.001
31.887, -0.001, 0.001, 0.002
31.903, 0.000, 0.002, 0.002
31.919, -0.000, -0.001, -0.004
31.936, -0.000, -0.001, -0.002
31.953, -0.000, -0.002, -0.005
31.970, 0.000, 0.001, -0.001
31.986, 0.000, -0.000, -0.000
32.003, 0.000, 0.000, -0.001
32.020, -0.000, -0.001, 0.002
32.036, -0.000, 0.001, 0.001
32.053, -0.000, -0.000, 0.001
32.070, -0.001, -0.000, -0.000
32.086, -0.000, -0.001, -0.002
32.103, -0.001, -0.000, 0.000
32.119, 0.003, 0.004, 0.005
32.136, 0.001, 0.002, 0.002
32.153, 0.001, 0.001, 0.004
32.170, -0.001, -0.003, -0.004
32.186, -0.000, -0.000, -0.001
32.203, -0.001, -0.001, 0.001
32.220, 0.001, 0.000, 0.002
32.236, -0.000, 0.001, 0.004
32.253, 0.000, -0.001, -0.003
32.270, 0.001, -0.002, -0.002
32.286, 0.001, -0.003, -0.003
32.303, 0.001, -0.001, -0.003
32.320, 0.000, 0.001, -0.001
32.336, 0.001, 0.001, -0.003
32.353, 0.000, 0.000, 0.000
32.369, -0.001, 0.000, 0.002
32.386, 0.000, -0.001, -0.000
32.403, -0.001, -0.001, 0.002
32.419, 0.000, 0.001, -0.000
32.436, 0.000, 0.000, -0.000
32.453, 0.001, 0.001, 0.001
32.469, -0.001, 0.000, -0.002
32.486, -0.001, 0.001, -0.000
32.503, -0.001, -0.000, -0.003
32.520, 0.001, 0.000, -0.002
32.536, 0.000, -0.000, 0.000
32.553, 0.001, 0.000, -0.002
32.570, 0.000, -0.002, -0.003
32.586, 0.000, -0.001, -0.001
32.603, 0.000, -0.001, -0.001
32.620, -0.001, 0.001, 0.003
32.636, -0.000, 0.000, -0.000
32.653, -0.000, -0.000, 0.001
32.670, -0.001, 0.000, -0.000
32.686, -0.000, -0.001, -0.002
32.703, -0.002, -0.000, 0.001
32.720, 0.001, -0.000, -0.000
32.736, -0.000, 0.001, 0.001
32.753, 0.000, 0.000, -0.000
32.770, 0.000, -0.000, -0.001
32.786, 0.000, -0.000, 0.000
32.803, 0.001, -0.000, -0.000
32.820, 0.002, -0.002, -0.004
32.836, 0.001, -0.002, -0.003
32.853, 0.002, -0.002, -0.004
32.870, 0.000, 0.000, -0.001
32.887, 0.001, 0.003, 0.002
32.903, 0.000, 0.001, -0.001
32.920, -0.002, 0.005, 0.011
32.936, -0.001, 0.001, 0.002
32.953, -0.002, 0.003, 0.007
32.970, -0.000, -0.001, -0.001
32.986, 0.000, -0.001, -0.000
33.003, -0.000, 0.000, 0.003
33.020, 0.000, 0.001, 0.002
33.036, -0.000, 0.002, 0.002
33.053, -0.000, 0.001, 0.003
33.069, -0.000, -0.002, -0.005
33.088, -0.000, -0.001, -0.002
33.103, 0.000, 0.000, -0.003
33.119, 0.000, -0.001, -0.004
33.136, 0.000, -0.003, -0.004
33.153, 0.000, -0.003, -0.005
33.169, 0.000, 0.001, 0.000
33.186, 0.001, 0.003, 0.002
33.204, 0.000, 0.000, -0.001
