0.092, 0.000, 0.000, 0.000
0.108, 0.000, 0.000, 0.000
0.124, 0.000, 0.000, 0.000
0.141, 0.000, 0.000, 0.000
0.158, 0.000, 0.000, 0.000
0.175, 0.000, 0.000, 0.000
0.191, 0.000, 0.000, 0.000
0.208, 0.000, 0.000, 0.000
0.224, 0.000, 0.000, 0.000
0.241, 0.000, 0.000, 0.000
0.258, 0.000, 0.000, 0.000
0.275, 0.000, 0.000, 0.000
0.291, 0.000, 0.000, 0.000
0.308, 0.000, 0.000, 0.000
0.325, 0.000, 0.000, 0.000
0.341, 0.000, 0.000, 0.000
0.358, 0.000, 0.000, 0.000
0.376, 0.000, 0.000, 0.000
0.392, 0.000, 0.000, 0.000
0.408, 0.000, 0.000, 0.000
0.425, 0.000, 0.000, 0.000
0.442, 0.000, 0.000, 0.000
0.459, 0.000, 0.000, 0.000
0.475, 0.000, 0.000, 0.000
0.492, 0.000, 0.000, 0.000
0.508, 0.000, 0.000, 0.000
0.525, 0.000, 0.000, 0.000
0.542, 0.000, 0.000, 0.000
0.559, 0.000, 0.000, 0.000
0.575, 0.000, 0.000, 0.000
0.593, 0.000, 0.000, 0.000
0.609, 0.001, -0.000, 0.001
0.625, -0.000, -0.000, -0.001
0.642, -0.001, -0.000, -0.000
0.658, -0.001, -0.000, -0.002
0.675, 0.000, -0.001, 0.002
0.691, 0.000, -0.000, 0.000
0.708, 0.001, -0.000, 0.002
0.725, -0.001, 0.001, -0.001
0.741, -0.000, 0.000, -0.001
0.758, -0.001, 0.001, -0.001
0.775, -0.001, -0.000, -0.004
0.791, -0.001, -0.000, -0.003
0.808, -0.001, -0.000, -0.004
0.825, 0.000, -0.000, -0.000
0.842, -0.000, -0.000, -0.000
0.858, 0.001, -0.000, 0.000
0.875, 0.000, 0.000, -0.001
0.891, -0.001, 0.001, -0.001
0.908, 0.000, 0.000, -0.003
0.925, -0.001, 0.001, 0.002
0.942, 0.000, -0.000, 0.002
0.958, -0.001, 0.001, 0.001
0.975, -0.000, -0.001, 0.006
0.992, -0.001, 0.000, 0.002
1.008, -0.001, -0.001, 0.007
1.025, -0.002, 0.001, -0.001
1.042, -0.000, -0.000, -0.001
1.058, -0.001, 0.000, -0.001
1.075, 0.001, -0.000, -0.001
1.092, 0.000, 0.000, 0.000
1.108, 0.000, 0.000, 0.000
1.125, -0.000, 0.000, -0.003
1.142, 0.000, 0.000, -0.001
1.158, -0.001, 0.001, -0.003
1.175, 0.001, 0.000, -0.002
1.191, 0.000, -0.000, -0.001
1.208, 0.001, -0.000, -0.003
1.225, 0.000, 0.000, 0.001
1.241, 0.000, -0.000, 0.001
1.258, 0.000, -0.000, 0.001
1.275, -0.000, -0.000, 0.001
1.291, 0.000, -0.000, -0.000
1.308, -0.001, -0.000, 0.002
1.325, 0.000, 0.000, -0.000
1.341, 0.000, -0.000, -0.001
1.358, 0.000, 0.000, -0.001
1.375, -0.001, -0.000, -0.003
1.391, -0.001, -0.000, -0.001
1.408, -0.001, -0.000, -0.004
1.425, 0.001, -0.001, -0.000
1.441, -0.000, -0.001, -0.000
1.458, 0.000, -0.001, 0.000
1.475, -0.000, -0.000, 0.002
1.491, 0.000, -0.000, 0.001
1.508, 0.001, -0.000, 0.002
1.525, 0.000, 0.000, 0.003
1.541, -0.000, 0.001, -0.000
1.558, -0.000, 0.001, 0.001
1.575, -0.000, 0.000, 0.002
1.591, -0.000, 0.000, 0.001
1.608, -0.001, -0.000, 0.005
1.625, -0.000, 0.001, -0.003
1.641, 0.000, 0.000, -0.001
1.658, -0.000, -0.000, -0.003
1.675, 0.000, -0.000, -0.005
1.691, 0.000, -0.001, -0.001
1.708, 0.000, 0.000, -0.004
1.725, 0.000, -0.000, -0.001
1.741, -0.000, 0.000, -0.000
1.758, 0.001, 0.000, 0.000
1.775, -0.000, 0.001, 0.001
1.791, -0.000, 0.001, -0.000
1.808, -0.000, 0.001, -0.000
1.825, -0.001, -0.001, 0.002
1.841, -0.000, -0.000, 0.000
1.858, -0.001, -0.001, 0.000
1.875, -0.001, 0.001, 0.000
1.891, -0.000, 0.000, 0.001
1.908, -0.001, 0.001, 0.001
1.925, 0.000, -0.000, -0.001
1.941, 0.000, -0.000, 0.000
1.958, 0.001, -0.000, 0.000
1.975, 0.001, -0.000, 0.000
1.991, 0.000, 0.000, 0.001
2.008, 0.001, -0.000, -0.000
2.025, -0.000, -0.001, 0.002
2.041, -0.001, -0.000, 0.001
2.058, -0.001, 0.000, -0.000
2.075, 0.000, -0.000, 0.002
2.091, 0.000, -0.001, 0.001
2.108, 0.001, -0.001, 0.004
2.125, 0.000, -0.000, 0.001
2.141, 0.000, -0.000, 0.000
2.158, 0.001, -0.001, 0.001
2.175, -0.002, 0.001, -0.002
2.192, -0.001, 0.000, -0.000
2.208, -0.002, 0.001, -0.002
2.225, -0.012, -0.001, -0.015
2.241, -0.006, -0.001, -0.008
2.258, -0.008, -0.002, -0.008
2.275, 0.009, 0.002, 0.005
2.291, 0.003, 0.002, -0.001
2.308, 0.005, 0.003, -0.002
2.325, -0.000, -0.000, 0.000
2.341, -0.000, -0.000, -0.000
2.358, -0.001, 0.000, -0.000
2.375, 0.000, -0.000, 0.000
2.392, 0.000, -0.000, 0.000
2.408, 0.001, -0.000, 0.001
2.425, 0.000, -0.000, 0.001
2.441, -0.000, 0.000, -0.000
2.458, -0.000, -0.001, 0.002
2.475, -0.000, 0.001, -0.002
2.491, -0.001, 0.001, -0.002
2.508, -0.000, 0.001, -0.003
2.525, -0.000, -0.000, 0.001
2.541, 0.000, -0.000, 0.001
2.558, 0.000, 0.000, 0.001
2.575, 0.001, -0.001, 0.003
2.591, 0.000, 0.000, 0.001
2.608, 0.000, -0.000, 0.003
2.625, 0.000, -0.000, 0.000
2.641, -0.000, -0.000, -0.001
2.658, 0.000, -0.000, -0.000
2.675, -0.001, 0.001, -0.001
2.691, -0.000, 0.000, -0.001
2.708, -0.000, 0.001, 0.000
2.725, 0.000, 0.001, -0.002
2.741, 0.000, 0.000, -0.001
2.758, 0.000, 0.000, -0.001
2.775, -0.000, 0.001, -0.002
2.791, 0.000, 0.000, -0.001
2.808, -0.000, 0.001, -0.004
2.825, -0.000, 0.000, -0.001
2.841, 0.000, 0.000, 0.000
2.858, -0.000, 0.000, -0.001
2.875, 0.000, 0.000, 0.002
2.891, -0.000, 0.000, -0.000
2.908, 0.000, -0.000, 0.001
2.925, 0.000, -0.000, -0.000
2.942, 0.000, -0.000, 0.001
2.958, -0.000, 0.001, -0.000
2.975, 0.001, -0.000, 0.001
2.992, 0.000, -0.000, -0.000
3.008, 0.001, -0.000, 0.000
3.025, -0.001, -0.000, -0.002
3.042, 0.000, -0.001, 0.000
3.058, -0.000, 0.000, -0.001
3.075, 0.001, 0.000, 0.001
3.091, 0.000, 0.000, 0.000
3.108, 0.001, -0.000, 0.001
3.125, -0.000, -0.000, 0.002
3.141, 0.000, 0.000, 0.001
3.158, -0.000, -0.000, 0.001
3.175, 0.000, 0.000, 0.002
3.191, -0.000, -0.000, -0.000
3.208, -0.000, -0.000, 0.004
3.225, -0.000, 0.000, -0.002
3.241, -0.002, 0.001, -0.004
3.258, -0.000, -0.000, -0.002
3.275, -0.001, 0.001, -0.004
3.291, 0.002, -0.000, 0.001
3.308, -0.000, 0.001, -0.005
3.325, 0.000, -0.000, -0.001
3.341, -0.000, -0.000, 0.000
3.358, 0.000, -0.000, 0.000
3.376, -0.001, 0.001, -0.001
3.391, -0.000, 0.000, -0.001
3.409, -0.001, 0.000, -0.003
3.425, 0.000, -0.001, 0.004
3.441, -0.001, 0.000, 0.000
3.458, 0.000, -0.000, 0.002
3.475, -0.001, -0.000, 0.001
3.491, -0.000, -0.000, 0.001
3.508, -0.001, -0.000, 0.003
3.525, 0.000, -0.001, 0.000
3.542, 0.000, -0.000, 0.001
3.558, 0.000, -0.000, -0.001
3.575, 0.000, 0.000, -0.001
3.591, 0.000, -0.000, 0.001
3.608, 0.000, 0.000, -0.001
3.625, -0.000, 0.000, 0.001
3.641, -0.000, 0.000, 0.001
3.658, 0.000, -0.000, 0.001
3.675, -0.001, -0.000, 0.002
3.691, -0.000, -0.000, 0.000
3.708, -0.001, -0.000, 0.002
3.725, -0.000, -0.001, 0.002
3.741, -0.000, -0.000, 0.000
3.758, 0.000, -0.000, 0.001
3.775, -0.000, 0.001, -0.000
3.791, 0.001, 0.000, 0.001
3.808, -0.001, 0.001, 0.001
3.825, 0.001, -0.000, -0.003
3.841, 0.000, -0.000, -0.000
3.858, 0.001, -0.001, -0.001
3.875, -0.000, 0.001, -0.005
3.891, 0.000, 0.000, -0.002
3.908, 0.000, 0.001, -0.007
3.925, 0.001, -0.001, 0.001
3.942, -0.000, -0.000, -0.000
3.958, 0.000, -0.001, 0.000
3.975, 0.001, -0.001, 0.002
3.992, 0.001, -0.000, 0.001
4.008, 0.000, -0.000, 0.002
4.025, -0.001, -0.000, 0.003
4.041, -0.000, -0.000, 0.001
4.058, 0.000, 0.000, 0.003
4.075, -0.000, -0.000, -0.001
4.092, 0.000, -0.000, -0.000
4.108, -0.000, -0.000, 0.000
4.125, 0.000, 0.000, -0.002
4.142, 0.000, 0.000, -0.000
4.158, 0.000, -0.000, -0.001
4.175, 0.000, -0.000, 0.002
4.191, -0.001, 0.000, -0.001
4.208, -0.000, -0.000, 0.001
4.225, -0.000, 0.000, 0.000
4.242, 0.001, -0.000, 0.001
4.258, -0.000, 0.001, -0.000
4.275, 0.000, -0.001, 0.003
4.292, 0.000, -0.000, 0.001
4.308, 0.000, -0.001, 0.004
4.325, -0.001, 0.000, -0.001
4.341, 0.000, -0.000, -0.000
4.358, -0.001, -0.000, -0.001
4.375, 0.000, 0.000, -0.002
4.391, -0.000, -0.000, -0.001
4.408, -0.000, 0.001, -0.004
4.425, 0.000, 0.001, -0.002
4.442, 0.001, 0.000, 0.001
4.458, 0.001, -0.000, -0.001
4.475, 0.001, -0.000, 0.001
4.492, 0.001, 0.000, 0.000
4.508, 0.001, -0.000, -0.000
4.525, 0.000, -0.000, 0.004
4.541, 0.001, 0.000, 0.002
4.558, 0.000, 0.000, 0.002
4.575, -0.000, -0.001, 0.003
4.591, -0.000, -0.001, 0.001
4.608, -0.000, -0.001, 0.005
4.625, -0.000, -0.000, -0.001
4.641, -0.000, 0.000, -0.001
4.658, 0.000, 0.000, -0.002
4.675, 0.000, -0.000, -0.000
4.691, 0.001, -0.001, 0.002
4.708, 0.000, 0.000, 0.000
4.725, 0.001, 0.000, 0.001
4.742, 0.000, 0.000, 0.001
4.758, 0.000, 0.001, 0.000
4.775, -0.000, 0.000, 0.001
4.791, 0.000, 0.000, -0.000
4.808, 0.001, -0.001, 0.002
4.825, -0.001, -0.000, -0.001
4.842, -0.001, 0.000, -0.001
4.858, -0.000, 0.000, 0.000
4.875, -0.001, 0.000, -0.002
4.891, -0.000, 0.000, -0.001
4.908, -0.001, 0.000, -0.002
4.925, 0.000, 0.000, -0.001
4.941, -0.000, 0.000, 0.000
4.958, 0.000, 0.000, -0.000
4.975, -0.000, 0.001, -0.003
4.992, -0.000, 0.000, -0.001
5.008, -0.008, 0.001, -0.012
5.025, 0.006, -0.000, 0.009
5.041, 0.006, 0.001, 0.007
5.058, 0.013, -0.000, 0.015
5.075, 0.000, -0.000, 0.003
5.091, 0.001, -0.000, 0.001
5.108, 0.000, -0.000, 0.004
5.129, 0.000, -0.000, 0.002
5.142, 0.000, 0.000, 0.000
5.158, 0.001, 0.000, 0.001
5.175, -0.000, 0.001, -0.000
5.192, 0.000, 0.000, 0.001
5.208, -0.000, 0.001, 0.000
5.225, 0.000, -0.000, -0.001
5.241, -0.000, -0.000, 0.000
5.258, 0.000, -0.000, -0.000
5.275, -0.000, 0.001, 0.000
5.291, 0.000, 0.001, 0.000
5.308, -0.000, 0.001, 0.000
5.327, 0.000, -0.001, 0.001
5.341, 0.000, 0.000, -0.001
5.358, 0.000, -0.000, 0.000
5.375, -0.000, -0.001, -0.000
5.391, -0.000, -0.000, -0.001
5.408, -0.001, -0.001, 0.000
5.425, 0.001, -0.000, -0.002
5.442, 0.001, -0.000, 0.000
5.458, 0.001, -0.000, -0.001
5.475, 0.001, 0.000, -0.003
5.492, 0.000, -0.000, -0.001
5.508, 0.001, 0.000, -0.004
5.525, -0.004, 0.001, -0.005
5.541, -0.002, 0.001, -0.002
5.558, -0.002, 0.001, -0.002
5.575, 0.003, -0.001, 0.005
5.591, 0.000, 0.000, 0.000
5.608, 0.001, -0.000, 0.001
5.625, -0.001, 0.000, 0.002
5.641, 0.000, 0.000, 0.001
5.658, -0.000, 0.000, 0.001
5.675, 0.001, -0.001, 0.003
5.691, 0.000, -0.001, 0.001
5.708, 0.001, -0.001, 0.003
5.725, 0.000, 0.001, -0.002
5.741, 0.001, 0.001, 0.001
5.758, 0.000, 0.002, -0.000
5.775, 0.001, 0.001, -0.001
5.791, -0.000, 0.001, -0.000
5.808, 0.000, -0.001, -0.001
5.825, -0.001, -0.001, -0.000
5.841, 0.001, 0.000, -0.000
5.858, -0.000, 0.001, -0.000
5.875, 0.000, 0.000, 0.001
5.891, -0.000, -0.001, 0.001
5.908, 0.000, -0.001, 0.001
5.925, 0.000, 0.000, -0.001
5.941, 0.001, 0.000, -0.002
5.958, 0.001, 0.000, -0.001
5.975, -0.001, -0.001, -0.002
5.991, -0.000, -0.000, 0.000
6.008, -0.002, 0.000, -0.001
6.025, 0.000, 0.002, 0.000
6.041, -0.000, 0.001, 0.001
6.058, 0.000, 0.002, 0.001
6.075, 0.001, 0.000, -0.001
6.091, 0.000, 0.001, 0.000
6.108, 0.000, 0.000, -0.002
6.125, -0.000, -0.001, 0.003
6.141, -0.000, -0.000, 0.002
6.158, -0.001, 0.000, -0.002
6.175, 0.002, -0.002, 0.006
6.191, 0.001, -0.002, 0.004
6.208, 0.003, -0.002, 0.011
6.225, 0.000, 0.000, -0.000
6.241, 0.001, 0.000, -0.000
6.258, 0.000, -0.000, 0.001
6.275, -0.001, 0.000, -0.002
6.291, -0.000, -0.000, -0.001
6.308, -0.000, 0.000, -0.001
6.325, -0.000, 0.001, -0.001
6.341, 0.000, 0.000, -0.000
6.358, 0.000, 0.000, -0.002
6.375, -0.000, -0.001, -0.002
6.391, -0.000, -0.001, -0.000
6.408, -0.000, -0.000, -0.001
6.425, -0.000, 0.001, 0.001
6.441, -0.000, 0.000, -0.000
6.458, -0.000, -0.000, -0.000
6.475, -0.001, 0.001, -0.001
6.491, -0.000, 0.000, -0.002
6.508, -0.001, 0.001, 0.000
6.525, 0.001, -0.000, -0.003
6.541, -0.000, 0.001, -0.002
6.558, 0.000, -0.001, -0.002
6.575, -0.002, 0.002, -0.001
6.591, -0.001, 0.001, 0.000
6.608, -0.001, 0.002, -0.004
6.625, 0.000, -0.001, 0.001
6.641, 0.000, -0.001, 0.001
6.658, 0.000, -0.000, 0.001
6.675, -0.000, -0.000, 0.002
6.691, -0.001, 0.000, 0.001
6.708, -0.001, 0.000, 0.003
6.725, 0.000, -0.001, 0.002
6.741, -0.000, -0.000, -0.002
6.758, -0.001, -0.001, -0.000
6.775, 0.000, 0.001, 0.002
6.791, 0.001, -0.000, 0.001
6.808, 0.001, 0.000, 0.004
6.825, -0.000, -0.000, -0.003
6.841, -0.000, -0.000, -0.001
6.858, -0.000, -0.000, -0.003
6.875, 0.001, 0.001, -0.002
6.891, 0.001, 0.001, -0.001
6.908, 0.002, 0.001, -0.004
6.925, -0.000, 0.000, 0.000
6.941, -0.000, -0.000, 0.000
6.958, -0.000, -0.000, 0.001
6.975, -0.000, -0.000, -0.001
6.991, -0.000, 0.000, 0.000
7.008, -0.000, 0.000, 0.000
7.025, 0.000, -0.001, 0.001
7.041, 0.001, -0.001, -0.001
7.058, 0.000, 0.000, 0.001
7.075, 0.000, 0.001, -0.001
7.091, 0.001, 0.000, 0.001
7.108, 0.001, 0.000, -0.003
7.125, 0.000, 0.000, 0.001
7.141, 0.000, -0.000, 0.001
7.158, 0.000, -0.001, 0.002
7.175, 0.000, 0.000, -0.001
7.191, 0.000, 0.000, -0.001
7.208, 0.001, 0.000, -0.002
7.225, -0.001, -0.001, 0.003
7.241, -0.001, -0.000, 0.001
7.258, -0.000, -0.000, 0.002
7.275, 0.001, -0.000, 0.004
7.291, 0.001, 0.000, 0.001
7.308, 0.001, -0.001, 0.005
7.325, -0.001, 0.001, -0.000
7.341, -0.001, 0.000, 0.000
7.358, -0.001, 0.001, 0.000
7.375, -0.002, 0.001, -0.004
7.391, -0.001, -0.000, -0.001
7.408, -0.001, 0.001, -0.003
7.425, 0.000, 0.001, -0.001
7.441, 0.001, 0.001, 0.001
7.458, 0.001, 0.000, -0.000
7.475, -0.000, -0.000, -0.000
7.491, -0.001, -0.001, -0.001
7.508, -0.001, -0.000, -0.002
7.525, 0.001, 0.001, 0.001
7.541, 0.002, 0.001, 0.002
7.558, 0.001, 0.001, 0.001
7.575, 0.000, -0.001, 0.001
7.591, -0.000, -0.001, -0.000
7.608, -0.000, -0.001, 0.001
7.625, -0.001, 0.001, -0.001
7.641, -0.001, 0.001, -0.000
7.658, -0.000, 0.001, -0.001
7.675, 0.001, 0.001, -0.002
7.691, 0.000, 0.001, -0.000
7.708, 0.000, 0.001, -0.002
7.725, -0.000, -0.000, 0.001
7.741, -0.000, -0.000, 0.001
7.758, -0.000, -0.000, -0.001
7.775, 0.000, -0.001, 0.004
7.791, -0.000, -0.000, 0.002
7.808, 0.000, -0.001, 0.004
7.825, -0.002, 0.001, 0.002
7.841, -0.001, 0.002, -0.000
7.858, -0.000, 0.002, 0.001
7.875, -0.000, 0.003, -0.000
7.891, 0.001, 0.004, -0.000
7.908, 0.001, 0.005, 0.002
7.925, 0.003, 0.006, -0.003
7.941, 0.002, 0.006, -0.001
7.958, 0.000, 0.004, -0.002
7.975, -0.003, 0.004, -0.003
7.991, -0.005, 0.003, -0.002
8.008, -0.007, 0.003, -0.005
8.025, -0.005, 0.002, -0.001
8.041, -0.008, 0.000, -0.000
8.058, -0.006, 0.002, -0.001
8.075, -0.013, 0.003, -0.009
8.091, -0.007, 0.006, -0.005
8.108, -0.009, 0.007, -0.010
8.125, -0.001, 0.008, 0.002
8.141, -0.003, 0.008, -0.004
8.158, -0.000, 0.006, 0.003
8.175, 0.001, 0.006, 0.001
8.191, 0.000, 0.004, 0.001
8.208, 0.006, 0.002, 0.006
8.225, 0.008, -0.000, 0.008
8.241, 0.009, -0.002, 0.009
8.258, 0.004, -0.001, 0.002
8.275, -0.009, -0.004, -0.014
8.291, -0.005, -0.003, -0.008
8.308, -0.005, -0.005, -0.007
8.325, 0.006, -0.003, 0.007
8.341, -0.003, -0.002, -0.004
8.358, 0.002, -0.001, 0.002
8.375, 0.002, -0.001, 0.001
8.391, 0.006, -0.000, 0.005
8.408, -0.000, -0.000, 0.001
8.425, 0.001, 0.001, 0.002
8.441, 0.000, 0.003, 0.002
8.458, 0.001, 0.004, 0.004
8.475, -0.001, 0.008, 0.002
8.491, -0.002, 0.009, 0.004
8.508, -0.009, 0.011, -0.003
8.525, 0.002, 0.012, 0.010
8.541, -0.003, 0.013, 0.008
8.558, 0.008, 0.014, 0.019
8.575, -0.014, 0.019, 0.003
8.591, -0.005, 0.021, 0.014
8.608, -0.018, 0.025, 0.008
8.625, 0.004, 0.024, 0.029
8.641, -0.010, 0.025, 0.020
8.658, -0.007, 0.023, 0.027
8.675, -0.023, 0.028, 0.044
8.691, -0.017, 0.032, 0.059
8.708, -0.026, 0.040, 0.073
8.725, -0.023, 0.034, 0.070
8.741, -0.028, 0.033, 0.076
8.758, -0.023, 0.027, 0.076
8.775, -0.035, 0.042, 0.102
8.791, -0.037, 0.043, 0.110
8.808, -0.049, 0.051, 0.138
8.825, -0.057, 0.032, 0.081
8.841, -0.051, 0.039, 0.111
8.858, -0.052, 0.043, 0.124
8.875, -0.044, 0.053, 0.174
8.891, -0.059, 0.049, 0.157
8.908, -0.059, 0.052, 0.176
8.925, -0.054, 0.058, 0.183
8.941, -0.051, 0.062, 0.196
8.958, -0.047, 0.054, 0.172
8.975, -0.069, 0.070, 0.236
8.992, -0.077, 0.070, 0.240
9.008, -0.087, 0.080, 0.287
9.025, -0.073, 0.063, 0.232
9.041, -0.072, 0.062, 0.235
9.058, -0.058, 0.054, 0.211
9.076, -0.080, 0.073, 0.284
9.091, -0.082, 0.074, 0.297
9.108, -0.102, 0.085, 0.334
9.125, -0.077, 0.049, 0.236
9.141, -0.074, 0.065, 0.265
9.158, -0.059, 0.064, 0.238
9.175, -0.081, 0.111, 0.348
9.191, -0.080, 0.117, 0.352
9.208, -0.090, 0.145, 0.398
9.225, -0.075, 0.137, 0.310
9.241, -0.072, 0.143, 0.295
9.258, -0.063, 0.138, 0.252
9.275, -0.062, 0.215, 0.398
9.291, -0.070, 0.239, 0.412
9.308, -0.070, 0.297, 0.471
9.325, -0.062, 0.255, 0.364
9.341, -0.054, 0.268, 0.355
9.358, -0.059, 0.291, 0.342
9.375, -0.049, 0.319, 0.364
9.391, -0.049, 0.333, 0.354
9.408, -0.041, 0.368, 0.371
9.425, -0.052, 0.381, 0.342
9.442, -0.045, 0.407, 0.353
9.458, -0.040, 0.373, 0.295
9.475, -0.044, 0.519, 0.404
9.492, -0.045, 0.534, 0.389
9.508, -0.044, 0.632, 0.444
9.525, -0.039, 0.529, 0.328
9.542, -0.033, 0.549, 0.332
9.558, -0.031, 0.491, 0.272
9.575, -0.021, 0.721, 0.394
9.591, -0.023, 0.738, 0.383
9.609, -0.011, 0.859, 0.437
9.625, -0.006, 0.663, 0.316
9.642, -0.001, 0.696, 0.324
9.658, -0.002, 0.606, 0.261
9.675, -0.001, 0.836, 0.328
9.691, 0.002, 0.850, 0.329
9.708, 0.007, 0.997, 0.361
9.725, 0.008, 0.793, 0.287
9.742, 0.011, 0.815, 0.277
9.758, 0.014, 0.703, 0.231
9.775, 0.024, 0.963, 0.300
9.792, 0.028, 0.975, 0.296
9.808, 0.031, 1.111, 0.330
9.825, 0.009, 0.875, 0.172
9.841, 0.016, 0.887, 0.184
9.858, 0.014, 0.779, 0.139
9.875, 0.041, 0.990, 0.242
9.891, 0.049, 1.015, 0.233
9.908, 0.066, 1.143, 0.267
9.925, 0.071, 0.983, 0.247
9.941, 0.065, 0.944, 0.203
9.958, 0.065, 0.823, 0.188
9.975, 0.088, 1.073, 0.202
9.992, 0.089, 1.067, 0.207
10.008, 0.108, 1.201, 0.227
10.025, 0.075, 0.907, 0.179
10.041, 0.085, 0.925, 0.195
10.058, 0.067, 0.766, 0.156
10.075, 0.104, 1.057, 0.244
10.092, 0.100, 1.036, 0.232
10.108, 0.109, 1.139, 0.255
10.125, 0.085, 0.802, 0.146
10.141, 0.084, 0.790, 0.151
10.158, 0.070, 0.659, 0.106
10.175, 0.097, 0.894, 0.231
10.192, 0.096, 0.864, 0.193
10.208, 0.105, 0.957, 0.254
10.225, 0.064, 0.675, 0.095
10.241, 0.064, 0.663, 0.129
10.258, 0.056, 0.540, 0.093
10.275, 0.083, 0.724, 0.191
10.292, 0.082, 0.708, 0.202
10.308, 0.073, 0.735, 0.156
10.328, 0.049, 0.539, 0.111
10.342, 0.051, 0.531, 0.138
10.358, 0.043, 0.439, 0.130
10.375, 0.053, 0.569, 0.150
10.391, 0.044, 0.531, 0.131
10.408, 0.055, 0.586, 0.176
10.425, 0.037, 0.417, 0.164
10.441, 0.027, 0.394, 0.121
10.458, 0.023, 0.319, 0.115
10.475, 0.024, 0.433, 0.172
10.492, 0.026, 0.405, 0.163
10.508, 0.023, 0.430, 0.187
10.525, 0.018, 0.286, 0.119
10.541, 0.015, 0.277, 0.128
10.558, 0.002, 0.226, 0.101
10.575, 0.007, 0.275, 0.148
10.591, 0.007, 0.272, 0.158
10.608, 0.007, 0.280, 0.162
10.625, -0.009, 0.201, 0.081
10.641, -0.016, 0.184, 0.069
10.658, -0.012, 0.153, 0.059
10.675, -0.015, 0.194, 0.116
10.692, -0.009, 0.196, 0.139
10.708, -0.022, 0.196, 0.124
10.725, -0.008, 0.143, 0.101
10.742, -0.018, 0.135, 0.079
10.758, -0.016, 0.119, 0.086
10.775, -0.022, 0.154, 0.121
10.792, -0.024, 0.146, 0.118
10.808, -0.024, 0.158, 0.133
10.825, -0.034, 0.094, 0.013
10.842, -0.033, 0.094, 0.030
10.858, -0.030, 0.085, 0.031
10.875, -0.041, 0.110, 0.059
10.892, -0.042, 0.114, 0.067
10.908, -0.050, 0.116, 0.046
10.925, -0.028, 0.120, 0.125
10.942, -0.029, 0.115, 0.111
10.958, -0.032, 0.112, 0.102
10.975, -0.041, 0.111, 0.081
10.992, -0.040, 0.111, 0.078
11.008, -0.041, 0.114, 0.087
11.025, -0.038, 0.110, 0.081
11.042, -0.036, 0.120, 0.095
11.058, -0.028, 0.107, 0.093
11.075, -0.028, 0.155, 0.145
11.092, -0.035, 0.146, 0.119
11.108, -0.038, 0.168, 0.130
11.125, -0.040, 0.114, 0.051
11.142, -0.034, 0.118, 0.061
11.158, -0.029, 0.110, 0.059
11.175, -0.036, 0.148, 0.083
11.192, -0.035, 0.153, 0.083
11.208, -0.037, 0.163, 0.072
11.225, -0.027, 0.146, 0.071
11.242, -0.024, 0.150, 0.077
11.258, -0.023, 0.129, 0.057
11.275, -0.025, 0.163, 0.070
11.292, -0.023, 0.167, 0.071
11.309, -0.016, 0.197, 0.104
11.325, -0.023, 0.137, 0.034
11.342, -0.018, 0.138, 0.048
11.359, -0.023, 0.114, 0.010
11.375, -0.010, 0.174, 0.075
11.392, -0.017, 0.157, 0.030
11.408, -0.010, 0.185, 0.066
11.425, -0.008, 0.150, 0.053
11.441, -0.001, 0.151, 0.068
11.459, -0.002, 0.123, 0.046
11.475, -0.005, 0.136, 0.038
11.491, -0.007, 0.141, 0.042
11.509, -0.007, 0.155, 0.044
11.525, 0.002, 0.146, 0.073
11.541, 0.003, 0.142, 0.067
11.558, 0.004, 0.126, 0.063
11.575, -0.000, 0.135, 0.022
11.592, 0.002, 0.140, 0.036
11.608, 0.005, 0.152, 0.042
11.625, 0.004, 0.127, 0.054
11.641, 0.001, 0.113, 0.024
11.658, -0.003, 0.109, 0.034
11.675, 0.007, 0.121, 0.035
11.692, 0.006, 0.117, 0.031
11.708, 0.008, 0.121, 0.030
11.725, 0.000, 0.106, 0.027
11.742, 0.000, 0.107, 0.042
11.758, -0.004, 0.090, 0.014
11.775, -0.004, 0.098, 0.046
11.791, -0.003, 0.099, 0.046
11.808, -0.004, 0.092, 0.047
11.825, -0.010, 0.077, 0.015
11.841, -0.012, 0.078, 0.028
11.858, -0.013, 0.066, 0.023
11.875, -0.013, 0.091, 0.057
11.891, -0.016, 0.081, 0.044
11.908, -0.018, 0.093, 0.063
11.925, -0.017, 0.059, 0.029
11.941, -0.019, 0.052, 0.014
11.958, -0.016, 0.045, 0.023
11.975, -0.022, 0.053, 0.029
11.991, -0.024, 0.050, 0.029
12.008, -0.028, 0.045, 0.016
12.025, -0.023, 0.032, 0.009
12.041, -0.021, 0.040, 0.034
12.058, -0.019, 0.027, 0.018
12.075, -0.023, 0.045, 0.050
12.091, -0.023, 0.037, 0.035
12.108, -0.027, 0.040, 0.050
12.125, -0.024, 0.019, 0.017
12.141, -0.024, 0.019, 0.017
12.158, -0.022, 0.009, -0.000
12.175, -0.020, 0.008, 0.004
12.191, -0.023, 0.004, 0.000
12.208, -0.023, 0.016, 0.025
12.225, -0.025, 0.011, 0.018
12.242, -0.021, 0.003, 0.005
12.258, -0.017, 0.003, 0.005
12.275, -0.020, -0.000, 0.003
12.291, -0.019, 0.003, 0.013
12.308, -0.021, -0.006, -0.003
12.325, -0.015, -0.006, -0.006
12.342, -0.015, -0.007, -0.007
12.359, -0.012, -0.008, -0.010
12.375, -0.005, -0.021, -0.037
12.391, -0.006, -0.016, -0.026
12.408, -0.006, -0.019, -0.031
12.425, -0.011, -0.016, -0.029
12.441, -0.008, -0.021, -0.042
12.458, -0.005, -0.019, -0.039
12.475, -0.004, -0.013, -0.020
12.491, -0.003, -0.013, -0.020
12.508, 0.000, -0.008, -0.009
12.525, 0.000, -0.019, -0.033
12.541, 0.002, -0.012, -0.020
12.558, 0.002, -0.016, -0.029
12.575, 0.007, -0.004, -0.003
12.591, 0.006, -0.010, -0.016
12.608, 0.009, -0.009, -0.016
12.625, 0.008, -0.006, -0.010
12.641, 0.008, -0.009, -0.023
12.658, 0.009, -0.009, -0.022
12.675, 0.011, -0.006, -0.021
12.691, 0.014, 0.006, 0.008
12.708, 0.014, 0.002, -0.006
12.725, 0.015, 0.013, 0.024
12.741, 0.014, 0.004, -0.002
12.758, 0.014, 0.010, 0.012
12.775, 0.012, -0.000, -0.014
12.791, 0.013, 0.007, 0.002
12.808, 0.013, 0.015, 0.018
12.825, 0.011, 0.014, 0.018
12.841, 0.011, 0.015, 0.021
12.858, 0.011, 0.013, 0.015
12.875, 0.010, 0.013, 0.019
12.891, 0.007, 0.014, 0.018
12.908, 0.004, 0.009, 0.008
12.925, 0.002, 0.013, 0.018
12.941, 0.003, 0.013, 0.017
12.958, 0.004, 0.022, 0.042
12.975, 0.006, 0.027, 0.046
12.991, 0.002, 0.022, 0.035
13.008, 0.002, 0.027, 0.039
13.025, 0.003, 0.025, 0.030
13.041, 0.003, 0.024, 0.034
13.058, 0.002, 0.021, 0.028
13.075, -0.002, 0.020, 0.030
13.091, -0.001, 0.029, 0.044
13.108, -0.002, 0.024, 0.031
13.125, -0.002, 0.008, -0.004
13.141, -0.002, 0.006, -0.008
13.158, -0.002, 0.003, -0.014
13.175, -0.001, 0.017, 0.013
13.191, -0.002, 0.021, 0.019
13.208, -0.002, 0.015, 0.003
13.225, 0.001, 0.021, 0.023
13.241, 0.001, 0.014, 0.006
13.258, 0.004, 0.018, 0.013
13.275, 0.003, 0.007, -0.019
13.291, 0.003, 0.000, -0.036
13.308, 0.005, 0.003, -0.031
13.325, 0.006, -0.000, -0.036
13.342, 0.010, -0.003, -0.040
13.358, 0.010, -0.003, -0.049
13.375, 0.014, -0.007, -0.055
13.391, 0.014, -0.005, -0.059
13.408, 0.018, -0.016, -0.077
13.425, 0.017, -0.013, -0.077
13.441, 0.025, -0.006, -0.054
13.458, 0.025, -0.009, -0.068
13.475, 0.022, -0.009, -0.064
13.491, 0.021, -0.010, -0.068
13.508, 0.024, -0.006, -0.051
13.525, 0.028, -0.005, -0.052
13.541, 0.025, -0.013, -0.068
13.558, 0.020, -0.011, -0.054
13.575, 0.027, 0.002, -0.032
13.591, 0.026, 0.010, -0.016
13.608, 0.026, 0.010, -0.017
13.625, 0.019, 0.003, -0.030
13.641, 0.019, 0.006, -0.025
13.658, 0.015, 0.004, -0.033
13.675, 0.016, 0.006, -0.038
13.691, 0.015, 0.015, -0.023
13.708, 0.013, 0.023, -0.020
13.725, 0.010, 0.021, -0.021
13.741, 0.008, 0.022, -0.020
13.758, 0.007, 0.021, -0.017
13.775, 0.004, 0.044, 0.018
13.792, 0.002, 0.039, 0.007
13.808, -0.004, 0.057, 0.028
13.825, -0.007, 0.036, -0.008
13.841, -0.012, 0.033, -0.022
13.858, -0.013, 0.031, -0.017
13.875, -0.021, 0.054, -0.006
13.891, -0.022, 0.058, 0.008
13.908, -0.029, 0.059, -0.010
13.925, -0.028, 0.030, -0.034
13.942, -0.031, 0.036, -0.035
13.958, -0.025, 0.033, -0.020
13.975, -0.038, 0.058, -0.003
13.991, -0.039, 0.056, -0.004
14.008, -0.046, 0.055, -0.020
14.025, -0.034, 0.040, -0.015
14.041, -0.038, 0.039, -0.018
14.058, -0.039, 0.038, -0.019
14.075, -0.039, 0.037, -0.023
14.091, -0.036, 0.032, -0.023
14.108, -0.037, 0.028, -0.027
14.125, -0.037, 0.026, -0.028
14.141, -0.037, 0.024, -0.031
14.158, -0.029, 0.017, -0.027
14.175, -0.034, 0.020, -0.037
14.191, -0.034, 0.015, -0.037
14.208, -0.037, 0.013, -0.044
14.225, -0.031, -0.012, -0.066
14.241, -0.028, -0.013, -0.065
14.258, -0.026, -0.020, -0.066
14.275, -0.023, -0.009, -0.036
14.292, -0.019, -0.008, -0.024
14.308, -0.016, -0.015, -0.038
14.325, -0.009, -0.011, -0.011
14.341, -0.010, -0.018, -0.023
14.358, -0.007, -0.019, -0.017
14.375, -0.009, -0.025, -0.029
14.392, -0.005, -0.028, -0.031
14.408, 0.000, -0.026, -0.026
14.425, 0.003, -0.030, -0.043
14.441, 0.006, -0.031, -0.043
14.458, 0.006, -0.029, -0.039
14.475, 0.009, -0.045, -0.076
14.492, 0.010, -0.045, -0.077
14.508, 0.015, -0.041, -0.071
14.525, 0.016, -0.025, -0.031
14.542, 0.018, -0.020, -0.026
14.558, 0.015, -0.029, -0.045
14.575, 0.019, -0.021, -0.032
14.592, 0.019, -0.019, -0.031
14.608, 0.023, -0.010, -0.018
14.625, 0.017, -0.011, -0.029
14.641, 0.015, -0.017, -0.041
14.658, 0.017, -0.013, -0.048
14.675, 0.012, -0.000, -0.025
14.691, 0.012, 0.008, -0.009
14.708, 0.010, 0.024, 0.017
14.725, 0.010, 0.003, -0.029
14.741, 0.010, 0.016, -0.007
14.758, 0.007, 0.005, -0.026
14.775, 0.010, 0.025, -0.001
14.791, 0.007, 0.016, -0.023
14.808, 0.003, 0.018, -0.033
14.825, 0.001, 0.032, -0.000
14.841, 0.000, 0.035, 0.000
14.858, -0.001, 0.034, 0.002
14.875, -0.002, 0.038, -0.006
14.891, -0.005, 0.042, -0.007
14.908, -0.009, 0.056, 0.006
14.925, -0.015, 0.041, -0.018
14.941, -0.017, 0.035, -0.030
14.958, -0.014, 0.037, -0.013
14.975, -0.025, 0.044, -0.037
14.991, -0.026, 0.051, -0.026
15.008, -0.031, 0.058, -0.026
15.025, -0.022, 0.053, -0.000
15.041, -0.024, 0.062, 0.009
15.058, -0.025, 0.042, -0.012
15.075, -0.035, 0.059, -0.012
15.091, -0.033, 0.051, -0.016
15.108, -0.042, 0.064, -0.020
15.125, -0.027, 0.057, 0.005
15.141, -0.029, 0.059, 0.004
15.158, -0.019, 0.047, 0.005
15.175, -0.038, 0.066, 0.006
15.191, -0.039, 0.060, -0.007
15.208, -0.045, 0.081, 0.017
15.225, -0.037, 0.044, -0.036
15.241, -0.036, 0.054, -0.010
15.259, -0.032, 0.034, -0.035
15.275, -0.037, 0.069, 0.016
15.291, -0.037, 0.062, 0.004
15.308, -0.040, 0.073, 0.017
15.325, -0.031, 0.043, -0.004
15.341, -0.031, 0.038, -0.017
15.358, -0.028, 0.033, -0.019
15.375, -0.025, 0.036, -0.022
15.391, -0.021, 0.041, 0.001
15.408, -0.022, 0.034, -0.012
15.425, -0.012, 0.033, 0.010
15.441, -0.014, 0.020, -0.015
15.458, -0.003, 0.025, 0.006
15.475, -0.009, 0.017, -0.017
15.491, -0.008, 0.017, -0.019
15.508, -0.004, 0.012, -0.023
15.525, -0.002, 0.011, -0.026
15.541, 0.006, 0.006, -0.028
15.558, 0.006, 0.004, -0.028
15.575, 0.009, -0.011, -0.056
15.591, 0.011, -0.003, -0.032
15.608, 0.014, -0.011, -0.046
15.625, 0.014, -0.002, -0.020
15.641, 0.017, -0.008, -0.035
15.658, 0.018, -0.009, -0.030
15.675, 0.023, -0.010, -0.043
15.691, 0.022, -0.012, -0.043
15.708, 0.026, -0.019, -0.061
15.725, 0.018, -0.018, -0.048
15.741, 0.020, -0.017, -0.049
15.758, 0.019, -0.006, -0.020
15.775, 0.026, -0.006, -0.020
15.791, 0.025, -0.006, -0.018
15.808, 0.023, -0.009, -0.034
15.825, 0.019, -0.024, -0.058
15.841, 0.016, -0.020, -0.057
15.859, 0.014, -0.023, -0.051
15.875, 0.025, 0.000, -0.010
15.891, 0.026, -0.001, -0.014
15.908, 0.024, 0.003, -0.021
15.925, 0.014, -0.004, -0.040
15.941, 0.013, -0.011, -0.053
15.958, 0.011, -0.002, -0.036
15.975, 0.014, -0.000, -0.049
15.991, 0.014, 0.010, -0.040
16.008, 0.012, -0.001, -0.076
16.025, 0.006, 0.000, -0.069
16.041, 0.005, 0.005, -0.058
16.058, 0.006, 0.015, -0.043
16.075, 0.007, 0.020, -0.061
16.091, 0.004, 0.011, -0.093
16.108, 0.005, 0.018, -0.091
16.125, 0.005, 0.017, -0.074
16.141, 0.005, 0.025, -0.062
16.158, 0.002, 0.019, -0.069
16.175, 0.002, 0.014, -0.116
16.192, 0.003, 0.022, -0.105
16.208, 0.005, 0.019, -0.129
16.225, 0.003, 0.024, -0.088
16.242, 0.003, 0.024, -0.088
16.258, 0.003, 0.032, -0.076
16.275, 0.003, 0.031, -0.075
16.292, 0.004, 0.017, -0.100
16.308, 0.007, 0.022, -0.085
16.325, 0.010, 0.022, -0.081
16.341, 0.006, 0.022, -0.080
16.358, 0.009, 0.016, -0.069
16.375, 0.011, 0.022, -0.091
16.392, 0.019, 0.025, -0.074
16.408, 0.019, 0.022, -0.089
16.425, 0.013, 0.007, -0.088
16.441, 0.013, 0.012, -0.076
16.458, 0.011, 0.010, -0.067
16.475, 0.028, 0.022, -0.046
16.492, 0.031, 0.018, -0.051
16.508, 0.040, 0.011, -0.067
16.525, 0.032, 0.004, -0.054
16.541, 0.029, 0.001, -0.052
16.558, 0.032, 0.010, -0.012
16.575, 0.042, 0.009, -0.022
16.591, 0.047, 0.004, -0.017
16.608, 0.045, 0.003, -0.026
16.625, 0.040, -0.004, -0.012
16.641, 0.053, -0.030, -0.029
16.658, 0.059, -0.050, -0.034
16.675, 0.068, -0.055, -0.026
16.691, 0.061, -0.036, 0.006
16.708, 0.060, -0.050, -0.004
16.725, 0.056, -0.058, -0.008
16.741, 0.059, -0.063, -0.007
16.758, 0.067, -0.076, -0.005
16.775, 0.068, -0.081, -0.002
16.791, 0.064, -0.090, -0.009
16.808, 0.067, -0.095, 0.007
16.825, 0.068, -0.086, 0.035
16.841, 0.067, -0.097, 0.022
16.858, 0.059, -0.080, 0.038
16.875, 0.075, -0.128, 0.011
16.891, 0.076, -0.134, 0.012
16.908, 0.088, -0.155, 0.007
16.925, 0.076, -0.150, -0.023
16.941, 0.078, -0.142, -0.015
16.958, 0.064, -0.130, -0.019
16.975, 0.084, -0.164, -0.016
16.991, 0.084, -0.169, 0.001
17.008, 0.095, -0.200, -0.016
17.025, 0.070, -0.160, -0.012
17.041, 0.073, -0.172, -0.034
17.058, 0.069, -0.172, -0.027
17.075, 0.078, -0.173, -0.009
17.091, 0.076, -0.171, -0.009
17.108, 0.079, -0.175, 0.002
17.125, 0.075, -0.171, 0.006
17.142, 0.070, -0.177, -0.008
17.158, 0.062, -0.154, -0.003
17.175, 0.074, -0.202, -0.003
17.191, 0.076, -0.210, 0.000
17.208, 0.079, -0.232, 0.001
17.225, 0.060, -0.200, -0.023
17.241, 0.060, -0.186, 0.011
17.258, 0.053, -0.179, -0.021
17.275, 0.075, -0.212, 0.032
17.291, 0.072, -0.226, -0.001
17.308, 0.077, -0.244, 0.018
17.325, 0.063, -0.206, -0.007
17.341, 0.064, -0.198, 0.018
17.358, 0.066, -0.201, 0.014
17.375, 0.057, -0.208, -0.011
17.391, 0.057, -0.215, -0.026
17.408, 0.058, -0.212, -0.017
17.425, 0.064, -0.223, -0.025
17.441, 0.064, -0.217, -0.010
17.458, 0.052, -0.200, -0.032
17.475, 0.068, -0.231, 0.013
17.491, 0.067, -0.239, 0.000
17.508, 0.073, -0.265, -0.001
17.525, 0.047, -0.217, -0.012
17.541, 0.047, -0.216, -0.012
17.558, 0.053, -0.239, 0.007
17.575, 0.056, -0.237, 0.008
17.591, 0.053, -0.236, 0.011
17.608, 0.048, -0.207, 0.025
17.625, 0.047, -0.192, 0.045
17.641, 0.038, -0.198, 0.026
17.658, 0.033, -0.192, 0.010
17.675, 0.031, -0.212, -0.037
17.692, 0.037, -0.204, -0.021
17.709, 0.032, -0.205, -0.025
17.726, 0.035, -0.186, 0.024
17.741, 0.029, -0.187, 0.009
17.758, 0.031, -0.186, 0.011
17.775, 0.034, -0.190, 0.009
17.791, 0.034, -0.188, 0.009
17.808, 0.037, -0.187, 0.019
17.825, 0.028, -0.187, -0.010
17.841, 0.030, -0.185, 0.002
17.858, 0.018, -0.165, -0.023
17.875, 0.029, -0.219, -0.031
17.891, 0.031, -0.220, -0.028
17.908, 0.039, -0.238, -0.009
17.925, 0.036, -0.178, 0.032
17.941, 0.036, -0.179, 0.030
17.958, 0.036, -0.183, 0.020
17.975, 0.026, -0.201, 0.002
17.991, 0.022, -0.201, -0.013
18.008, 0.023, -0.203, -0.005
18.025, 0.024, -0.195, -0.014
18.041, 0.025, -0.202, -0.005
18.058, 0.024, -0.190, 0.022
18.075, 0.023, -0.196, -0.004
18.091, 0.030, -0.184, 0.024
18.108, 0.023, -0.203, -0.020
18.125, 0.041, -0.177, 0.077
18.141, 0.030, -0.189, 0.030
18.158, 0.047, -0.168, 0.087
18.175, 0.020, -0.201, -0.006
18.191, 0.027, -0.197, 0.011
18.208, 0.014, -0.217, -0.043
18.225, 0.027, -0.209, -0.023
18.241, 0.026, -0.211, -0.023
18.258, 0.029, -0.205, -0.014
18.275, 0.029, -0.201, 0.008
18.291, 0.037, -0.188, 0.043
18.308, 0.036, -0.195, 0.031
18.325, 0.024, -0.204, -0.024
18.341, 0.018, -0.216, -0.052
18.358, 0.019, -0.217, -0.050
18.375, 0.037, -0.201, 0.005
18.391, 0.039, -0.198, 0.020
18.408, 0.035, -0.205, 0.003
18.425, 0.034, -0.194, 0.028
18.441, 0.030, -0.203, -0.005
18.458, 0.031, -0.171, 0.001
18.475, 0.042, -0.217, 0.013
18.491, 0.041, -0.223, 0.005
18.508, 0.045, -0.205, 0.052
18.525, 0.025, -0.221, -0.038
18.541, 0.032, -0.202, 0.005
18.558, 0.036, -0.240, -0.027
18.575, 0.010, -0.216, -0.018
18.591, 0.019, -0.210, -0.001
18.608, 0.009, -0.222, -0.012
18.625, 0.034, -0.208, -0.004
18.641, 0.022, -0.223, -0.037
18.658, 0.020, -0.194, -0.036
18.675, 0.016, -0.251, -0.032
18.691, 0.013, -0.259, -0.045
18.708, 0.017, -0.242, -0.010
18.725, 0.018, -0.216, 0.001
18.741, 0.015, -0.218, -0.005
18.758, 0.010, -0.219, -0.004
18.777, 0.013, -0.243, -0.002
18.791, 0.007, -0.242, -0.008
18.808, 0.004, -0.279, -0.033
18.825, -0.003, -0.226, -0.039
18.841, 0.004, -0.207, 0.009
18.858, 0.003, -0.175, 0.015
18.875, -0.011, -0.246, -0.038
18.891, -0.013, -0.242, -0.040
18.908, -0.021, -0.277, -0.060
18.925, 0.001, -0.176, 0.045
18.941, -0.011, -0.200, -0.018
18.958, -0.009, -0.185, 0.006
18.977, -0.014, -0.198, -0.016
18.992, -0.010, -0.184, 0.007
19.008, -0.012, -0.182, -0.006
19.025, -0.020, -0.194, -0.039
19.041, -0.021, -0.194, -0.037
19.058, -0.016, -0.163, -0.025
19.075, -0.015, -0.192, -0.008
19.091, -0.016, -0.191, -0.012
19.109, -0.018, -0.216, -0.017
19.126, -0.020, -0.178, -0.036
19.142, -0.017, -0.172, -0.029
19.158, -0.014, -0.151, -0.031
19.175, -0.017, -0.186, -0.033
19.191, -0.014, -0.181, -0.024
19.208, -0.009, -0.205, -0.024
19.225, -0.007, -0.158, -0.031
19.243, -0.008, -0.172, -0.053
19.258, -0.009, -0.160, -0.054
19.275, 0.002, -0.172, -0.041
19.291, 0.004, -0.145, -0.009
19.308, 0.019, -0.130, -0.016
19.325, 0.023, -0.147, -0.032
19.341, 0.020, -0.157, -0.048
19.358, 0.015, -0.160, -0.029
19.375, 0.004, -0.147, -0.063
19.391, 0.012, -0.149, -0.067
19.408, 0.016, -0.151, -0.070
19.425, 0.022, -0.162, -0.084
19.441, 0.026, -0.126, -0.029
19.458, 0.014, -0.134, -0.084
19.475, 0.017, -0.137, -0.037
19.491, 0.014, -0.153, -0.061
19.508, 0.021, -0.166, -0.062
19.525, 0.027, -0.088, 0.018
19.541, 0.025, -0.110, -0.021
19.558, 0.023, -0.074, 0.044
19.575, 0.016, -0.132, -0.064
19.591, 0.015, -0.130, -0.059
19.608, 0.012, -0.139, -0.073
19.625, 0.019, -0.104, 0.006
19.641, 0.017, -0.116, -0.009
19.658, 0.017, -0.098, 0.006
19.675, 0.022, -0.160, -0.037
19.691, 0.020, -0.140, -0.009
19.708, 0.020, -0.194, -0.071
19.725, 0.022, -0.121, 0.024
19.741, 0.026, -0.133, 0.019
19.758, 0.028, -0.100, 0.053
19.775, 0.023, -0.182, -0.022
19.791, 0.026, -0.176, -0.004
19.808, 0.028, -0.207, -0.009
19.825, 0.018, -0.126, 0.075
19.841, 0.014, -0.129, 0.070
19.858, 0.017, -0.094, 0.107
19.875, 0.020, -0.206, -0.012
19.891, 0.026, -0.206, -0.007
19.908, 0.022, -0.225, 0.001
19.925, 0.022, -0.160, 0.043
19.941, 0.026, -0.161, 0.048
19.958, 0.022, -0.135, 0.060
19.975, 0.013, -0.191, 0.008
19.991, 0.011, -0.190, 0.017
20.008, 0.014, -0.225, -0.002
20.025, 0.017, -0.171, 0.040
20.041, 0.014, -0.160, 0.060
20.058, 0.009, -0.145, 0.028
20.075, 0.025, -0.164, 0.092
20.091, 0.024, -0.185, 0.041
20.108, 0.020, -0.209, 0.043
20.125, 0.016, -0.161, 0.039
20.141, 0.014, -0.154, 0.055
20.158, 0.022, -0.152, 0.067
20.175, 0.026, -0.161, 0.067
20.191, 0.024, -0.172, 0.048
20.208, 0.030, -0.152, 0.086
20.225, 0.019, -0.165, 0.052
20.241, 0.023, -0.156, 0.082
20.258, 0.020, -0.172, 0.065
20.275, 0.017, -0.181, 0.056
20.291, 0.022, -0.176, 0.066
20.308, 0.016, -0.187, 0.060
20.325, 0.016, -0.166, 0.086
20.341, 0.009, -0.191, 0.047
20.358, 0.019, -0.183, 0.061
20.375, 0.018, -0.179, 0.084
20.391, 0.019, -0.163, 0.121
20.408, 0.017, -0.175, 0.108
20.425, 0.016, -0.199, 0.063
20.441, 0.018, -0.204, 0.046
20.458, 0.018, -0.173, 0.044
20.475, 0.027, -0.228, 0.064
20.491, 0.040, -0.219, 0.087
20.508, 0.037, -0.255, 0.068
20.525, 0.020, -0.218, 0.022
20.541, 0.013, -0.221, 0.023
20.558, 0.010, -0.192, 0.011
20.575, 0.032, -0.239, 0.029
20.591, 0.023, -0.261, -0.022
20.608, 0.031, -0.278, 0.009
20.625, 0.027, -0.219, 0.038
20.641, 0.028, -0.213, 0.052
20.658, 0.025, -0.191, 0.037
20.675, 0.032, -0.249, -0.001
20.691, 0.034, -0.251, -0.003
20.708, 0.037, -0.293, -0.010
20.725, 0.032, -0.221, -0.015
20.741, 0.028, -0.221, -0.013
20.758, 0.040, -0.212, 0.021
20.775, 0.031, -0.243, 0.005
20.791, 0.030, -0.239, 0.005
20.808, 0.020, -0.239, -0.011
20.825, 0.031, -0.216, 0.003
20.841, 0.028, -0.214, -0.006
20.858, 0.019, -0.185, -0.024
20.875, 0.019, -0.239, -0.002
20.891, 0.019, -0.241, 0.004
20.908, 0.023, -0.265, 0.014
20.925, 0.005, -0.220, -0.008
20.941, 0.009, -0.212, -0.005
20.958, -0.001, -0.183, -0.016
20.975, 0.000, -0.242, -0.003
20.992, -0.003, -0.240, -0.007
21.008, -0.004, -0.268, 0.004
21.025, -0.008, -0.204, -0.014
21.041, -0.009, -0.205, -0.006
21.058, -0.013, -0.173, -0.010
21.075, -0.017, -0.225, -0.004
21.092, -0.020, -0.222, -0.004
21.108, -0.022, -0.251, -0.000
21.125, -0.018, -0.196, 0.001
21.141, -0.022, -0.199, 0.006
21.158, -0.020, -0.166, 0.002
21.175, -0.035, -0.216, 0.000
21.192, -0.036, -0.216, 0.008
21.208, -0.042, -0.238, 0.004
21.225, -0.036, -0.185, 0.016
21.242, -0.034, -0.181, 0.009
21.258, -0.032, -0.160, 0.015
21.275, -0.043, -0.209, 0.004
21.291, -0.046, -0.204, 0.005
21.308, -0.055, -0.234, 0.007
21.325, -0.042, -0.176, 0.005
21.341, -0.042, -0.175, 0.002
21.358, -0.043, -0.169, -0.004
21.375, -0.040, -0.176, 0.004
21.391, -0.043, -0.177, 0.003
21.408, -0.040, -0.172, 0.005
21.425, -0.046, -0.176, 0.006
21.441, -0.044, -0.173, 0.000
21.458, -0.039, -0.153, -0.001
21.475, -0.046, -0.192, 0.016
21.491, -0.046, -0.194, 0.012
21.508, -0.049, -0.213, 0.019
21.525, -0.038, -0.175, 0.002
21.541, -0.036, -0.174, -0.002
21.558, -0.033, -0.177, 0.004
21.575, -0.029, -0.176, -0.011
21.591, -0.028, -0.175, -0.010
21.608, -0.024, -0.179, -0.011
21.625, -0.022, -0.169, -0.021
21.641, -0.021, -0.178, -0.011
21.658, -0.015, -0.145, -0.024
21.675, -0.013, -0.176, -0.019
21.691, -0.007, -0.170, -0.024
21.708, -0.008, -0.203, -0.027
21.725, -0.003, -0.181, -0.018
21.741, -0.002, -0.180, -0.025
21.758, 0.003, -0.156, -0.019
21.775, 0.006, -0.205, -0.038
21.791, 0.009, -0.207, -0.035
21.808, 0.010, -0.232, -0.043
21.825, 0.005, -0.193, -0.030
21.842, 0.009, -0.190, -0.029
21.858, 0.008, -0.166, -0.029
21.875, 0.018, -0.207, -0.043
21.891, 0.015, -0.209, -0.039
21.908, 0.022, -0.238, -0.045
21.925, 0.017, -0.186, -0.033
21.941, 0.019, -0.189, -0.037
21.958, 0.017, -0.189, -0.033
21.975, 0.020, -0.186, -0.036
21.991, 0.020, -0.185, -0.034
22.008, 0.022, -0.182, -0.037
22.025, 0.019, -0.187, -0.023
22.041, 0.018, -0.189, -0.027
22.058, 0.018, -0.186, -0.020
22.077, 0.010, -0.192, -0.032
22.091, 0.012, -0.189, -0.032
22.108, 0.006, -0.164, -0.026
22.125, 0.014, -0.182, -0.025
22.141, 0.012, -0.178, -0.026
22.158, 0.012, -0.181, -0.021
22.175, 0.007, -0.204, -0.034
22.191, 0.008, -0.204, -0.022
22.208, 0.004, -0.226, -0.030
22.225, -0.001, -0.181, -0.005
22.241, -0.002, -0.178, 0.001
22.258, -0.005, -0.153, -0.001
22.275, -0.004, -0.190, 0.016
22.292, -0.007, -0.189, 0.012
22.308, -0.009, -0.183, 0.022
22.325, -0.004, -0.154, 0.023
22.341, -0.009, -0.153, 0.029
22.358, -0.008, -0.173, 0.044
22.375, -0.018, -0.151, 0.023
22.391, -0.015, -0.144, 0.016
22.408, -0.018, -0.145, 0.022
22.425, -0.025, -0.141, 0.022
22.442, -0.026, -0.140, 0.023
22.458, -0.023, -0.127, 0.020
22.475, -0.024, -0.136, 0.031
22.492, -0.025, -0.131, 0.032
22.508, -0.031, -0.133, 0.017
22.525, -0.013, -0.116, 0.028
22.542, -0.015, -0.118, 0.031
22.559, -0.010, -0.102, 0.029
22.575, -0.017, -0.133, 0.015
22.592, -0.021, -0.129, 0.008
22.608, -0.022, -0.144, 0.015
22.625, -0.022, -0.112, 0.005
22.641, -0.018, -0.115, -0.004
22.658, -0.020, -0.109, -0.003
22.675, -0.022, -0.115, -0.010
22.692, -0.021, -0.109, -0.005
22.708, -0.023, -0.109, -0.022
22.725, -0.020, -0.100, -0.003
22.742, -0.020, -0.104, -0.019
22.759, -0.016, -0.079, 0.002
22.775, -0.023, -0.099, -0.027
22.792, -0.023, -0.088, -0.010
22.809, -0.027, -0.097, -0.032
22.825, -0.024, -0.074, -0.020
22.842, -0.033, -0.080, -0.050
22.858, -0.025, -0.063, -0.027
22.875, -0.038, -0.097, -0.101
22.893, -0.031, -0.079, -0.071
22.908, -0.038, -0.083, -0.095
22.925, -0.024, -0.031, -0.013
22.942, -0.020, -0.024, -0.007
22.959, -0.029, -0.030, -0.028
22.975, -0.032, -0.034, -0.038
22.992, -0.039, -0.039, -0.049
23.009, -0.037, -0.028, -0.038
23.025, -0.033, -0.011, -0.001
23.042, -0.036, -0.006, 0.004
23.058, -0.033, 0.015, 0.043
23.076, -0.040, 0.004, 0.013
23.092, -0.045, -0.004, -0.012
23.108, -0.051, -0.013, -0.027
23.125, -0.044, 0.013, 0.016
23.142, -0.039, 0.028, 0.038
23.158, -0.036, 0.037, 0.047
23.175, -0.052, 0.011, -0.004
23.192, -0.050, 0.008, -0.017
23.209, -0.060, 0.006, -0.034
23.225, -0.042, 0.023, -0.018
23.242, -0.045, 0.029, -0.008
23.258, -0.030, 0.050, 0.025
23.275, -0.036, 0.046, 0.010
23.292, -0.030, 0.046, 0.003
23.309, -0.034, 0.042, -0.012
23.325, -0.040, 0.025, -0.047
23.342, -0.038, 0.034, -0.032
23.359, -0.025, 0.038, -0.036
23.375, -0.008, 0.056, 0.013
23.392, -0.007, 0.046, -0.015
23.408, -0.000, 0.050, -0.016
23.425, -0.012, 0.033, -0.073
23.442, -0.002, 0.041, -0.058
23.458, 0.006, 0.040, -0.057
23.475, 0.025, 0.058, -0.014
23.492, 0.030, 0.057, -0.016
23.509, 0.032, 0.044, -0.040
23.525, 0.037, 0.043, -0.039
23.542, 0.040, 0.041, -0.042
23.559, 0.045, 0.041, -0.038
23.575, 0.055, 0.040, -0.039
23.592, 0.058, 0.039, -0.032
23.608, 0.056, 0.022, -0.056
23.625, 0.064, 0.038, -0.006
23.641, 0.070, 0.036, -0.000
23.658, 0.081, 0.041, 0.023
23.675, 0.076, 0.017, -0.023
23.692, 0.072, 0.009, -0.027
23.708, 0.079, 0.004, -0.019
23.725, 0.071, -0.003, -0.019
23.742, 0.076, -0.004, -0.018
23.758, 0.065, -0.009, -0.011
23.775, 0.082, -0.014, -0.020
23.792, 0.085, -0.020, -0.016
23.808, 0.091, -0.028, -0.025
23.825, 0.093, -0.024, -0.002
23.841, 0.087, -0.029, 0.004
23.858, 0.088, -0.033, 0.013
23.875, 0.069, -0.037, 0.002
23.892, 0.072, -0.040, 0.012
23.908, 0.063, -0.043, 0.014
23.925, 0.071, -0.052, 0.028
23.942, 0.059, -0.061, 0.000
23.958, 0.061, -0.058, 0.024
23.975, 0.052, -0.048, 0.021
23.992, 0.058, -0.039, 0.048
24.009, 0.048, -0.044, 0.032
24.026, 0.041, -0.057, 0.000
24.041, 0.031, -0.062, -0.009
24.058, 0.032, -0.055, -0.008
24.075, 0.028, -0.049, 0.018
24.092, 0.028, -0.037, 0.036
24.108, 0.016, -0.048, 0.013
24.125, 0.011, -0.044, 0.013
24.142, 0.003, -0.050, -0.011
24.158, -0.004, -0.039, -0.005
24.175, -0.002, -0.038, -0.010
24.192, -0.004, -0.034, -0.011
24.209, -0.004, -0.031, -0.019
24.225, -0.015, -0.026, -0.029
24.242, -0.018, -0.028, -0.038
24.258, -0.017, -0.012, -0.026
24.275, -0.015, -0.012, -0.031
24.292, -0.013, -0.003, -0.031
24.308, -0.023, -0.009, -0.060
24.325, -0.025, -0.007, -0.067
24.342, -0.029, -0.011, -0.090
24.359, -0.034, -0.006, -0.096
24.375, -0.033, 0.000, -0.084
24.392, -0.030, 0.008, -0.060
24.408, -0.029, 0.004, -0.077
24.425, -0.030, 0.014, -0.057
24.442, -0.033, 0.015, -0.060
24.458, -0.036, 0.023, -0.043
24.475, -0.033, 0.010, -0.061
24.491, -0.035, 0.012, -0.057
24.508, -0.034, 0.005, -0.058
24.525, -0.035, 0.021, -0.016
24.541, -0.037, 0.022, -0.015
24.558, -0.035, 0.023, -0.003
24.575, -0.042, 0.011, -0.036
24.592, -0.045, 0.009, -0.030
24.608, -0.046, 0.023, 0.013
24.625, -0.050, 0.012, -0.022
24.641, -0.045, 0.015, -0.011
24.658, -0.052, 0.014, -0.028
24.675, -0.047, 0.027, 0.020
24.691, -0.047, 0.034, 0.038
24.708, -0.037, 0.039, 0.058
24.725, -0.051, 0.022, 0.025
24.741, -0.052, 0.019, 0.015
24.758, -0.058, 0.013, 0.019
24.775, -0.047, 0.032, 0.058
24.791, -0.049, 0.030, 0.062
24.808, -0.047, 0.041, 0.086
24.825, -0.052, 0.036, 0.079
24.841, -0.056, 0.031, 0.070
24.858, -0.055, 0.032, 0.069
24.875, -0.064, -0.001, -0.001
24.891, -0.049, 0.027, 0.057
24.908, -0.058, 0.014, 0.017
24.925, -0.034, 0.063, 0.103
24.942, -0.043, 0.048, 0.071
24.958, -0.034, 0.059, 0.085
24.975, -0.040, 0.046, 0.082
24.991, -0.037, 0.042, 0.074
25.008, -0.033, 0.039, 0.076
25.025, -0.028, 0.043, 0.071
25.041, -0.026, 0.043, 0.063
25.058, -0.017, 0.040, 0.066
25.075, -0.013, 0.040, 0.063
25.091, -0.009, 0.040, 0.061
25.108, -0.005, 0.040, 0.054
25.125, 0.002, 0.040, 0.053
25.141, 0.004, 0.034, 0.036
25.158, 0.016, 0.037, 0.050
25.175, 0.015, 0.038, 0.038
25.191, 0.021, 0.043, 0.047
25.208, 0.026, 0.038, 0.033
25.225, 0.033, 0.035, 0.035
25.241, 0.037, 0.035, 0.037
25.258, 0.043, 0.031, 0.026
25.275, 0.050, 0.038, 0.022
25.291, 0.056, 0.033, 0.026
25.308, 0.060, 0.035, 0.017
25.325, 0.060, 0.026, 0.020
25.341, 0.062, 0.025, 0.019
25.358, 0.066, 0.020, 0.026
25.375, 0.063, 0.017, 0.023
25.392, 0.061, 0.009, -0.001
25.408, 0.069, 0.009, 0.011
25.425, 0.067, 0.018, 0.032
25.441, 0.075, 0.026, 0.056
25.458, 0.067, 0.021, 0.043
25.475, 0.080, 0.011, 0.020
25.491, 0.079, 0.004, 0.017
25.508, 0.075, 0.006, 0.024
25.525, 0.079, 0.015, 0.035
25.541, 0.079, 0.006, 0.022
25.558, 0.079, 0.012, 0.036
25.575, 0.081, 0.004, 0.036
25.591, 0.078, 0.018, 0.051
25.608, 0.081, 0.007, 0.034
25.625, 0.066, -0.002, 0.033
25.641, 0.064, -0.005, 0.030
25.658, 0.058, -0.010, 0.037
25.675, 0.049, -0.020, -0.006
25.692, 0.046, -0.019, 0.010
25.708, 0.048, -0.019, 0.013
25.725, 0.048, -0.007, 0.039
25.742, 0.043, -0.018, 0.027
25.758, 0.032, -0.022, 0.026
25.775, 0.034, -0.023, 0.038
25.791, 0.031, -0.019, 0.037
25.808, 0.026, -0.023, 0.037
25.825, 0.007, -0.031, 0.025
25.841, 0.007, -0.032, 0.033
25.859, -0.001, -0.033, 0.030
25.875, 0.003, -0.030, 0.051
25.891, -0.005, -0.041, 0.036
25.908, -0.007, -0.035, 0.048
25.925, -0.008, -0.035, 0.032
25.942, -0.010, -0.033, 0.042
25.959, -0.020, -0.041, 0.033
25.975, -0.027, -0.050, 0.027
25.991, -0.032, -0.048, 0.024
26.008, -0.028, -0.050, 0.024
26.025, -0.025, -0.053, 0.029
26.041, -0.022, -0.051, 0.035
26.058, -0.029, -0.056, 0.019
26.075, -0.030, -0.051, 0.021
26.092, -0.032, -0.056, 0.012
26.108, -0.031, -0.057, 0.002
26.129, -0.040, -0.067, -0.006
26.142, -0.043, -0.070, -0.017
26.158, -0.042, -0.070, -0.017
26.175, -0.035, -0.065, -0.023
26.191, -0.035, -0.066, -0.033
26.208, -0.038, -0.077, -0.057
26.225, -0.034, -0.069, -0.051
26.241, -0.034, -0.070, -0.062
26.258, -0.038, -0.072, -0.076
26.275, -0.033, -0.073, -0.097
26.291, -0.038, -0.085, -0.120
26.308, -0.029, -0.076, -0.111
26.325, -0.043, -0.106, -0.162
26.341, -0.032, -0.085, -0.125
26.358, -0.038, -0.102, -0.174
26.375, -0.021, -0.059, -0.095
26.391, -0.022, -0.068, -0.118
26.408, -0.017, -0.057, -0.109
26.425, -0.019, -0.078, -0.149
26.441, -0.029, -0.096, -0.187
26.458, -0.016, -0.082, -0.162
26.475, -0.021, -0.096, -0.197
26.491, -0.014, -0.094, -0.198
26.508, -0.021, -0.092, -0.201
26.525, -0.026, -0.098, -0.224
26.541, -0.015, -0.075, -0.179
26.558, -0.011, -0.090, -0.218
26.575, -0.008, -0.062, -0.164
26.591, -0.011, -0.070, -0.183
26.608, -0.008, -0.068, -0.174
26.625, -0.011, -0.078, -0.187
26.641, -0.012, -0.082, -0.208
26.658, -0.013, -0.071, -0.173
26.675, -0.003, -0.079, -0.191
26.691, 0.001, -0.066, -0.152
26.708, -0.003, -0.072, -0.172
26.725, -0.006, -0.061, -0.150
26.741, -0.012, -0.063, -0.166
26.758, -0.011, -0.069, -0.175
26.775, -0.009, -0.051, -0.143
26.791, -0.008, -0.051, -0.142
26.808, -0.011, -0.042, -0.116
26.825, -0.009, -0.045, -0.144
26.842, -0.013, -0.053, -0.148
26.858, -0.004, -0.042, -0.131
26.875, -0.010, -0.046, -0.123
26.891, -0.013, -0.048, -0.127
26.908, -0.024, -0.061, -0.153
26.925, -0.012, -0.049, -0.129
26.941, -0.013, -0.046, -0.124
26.958, -0.009, -0.028, -0.099
26.975, -0.024, -0.039, -0.121
26.991, -0.017, -0.031, -0.101
27.008, -0.029, -0.036, -0.125
27.025, -0.011, -0.038, -0.103
27.041, -0.014, -0.037, -0.106
27.058, -0.012, -0.034, -0.094
27.075, -0.014, -0.033, -0.109
27.092, -0.016, -0.030, -0.100
27.108, -0.024, -0.031, -0.103
27.125, -0.031, -0.026, -0.097
27.141, -0.031, -0.025, -0.099
27.158, -0.034, -0.031, -0.116
27.175, -0.025, -0.006, -0.069
27.191, -0.034, -0.008, -0.076
27.208, -0.022, 0.011, -0.045
27.225, -0.040, -0.010, -0.089
27.241, -0.032, -0.003, -0.080
27.258, -0.038, -0.005, -0.089
27.275, -0.048, -0.000, -0.088
27.292, -0.051, 0.002, -0.095
27.308, -0.055, -0.001, -0.101
27.325, -0.044, 0.011, -0.081
27.341, -0.049, 0.011, -0.086
27.358, -0.050, 0.005, -0.103
27.375, -0.036, 0.013, -0.083
27.391, -0.033, 0.015, -0.073
27.408, -0.028, 0.031, -0.051
27.425, -0.055, 0.010, -0.109
27.441, -0.044, 0.009, -0.103
27.458, -0.060, 0.005, -0.130
27.475, -0.043, 0.004, -0.119
27.491, -0.049, 0.002, -0.125
27.508, -0.032, 0.004, -0.110
27.525, -0.033, 0.002, -0.111
27.541, -0.038, -0.010, -0.137
27.558, -0.028, -0.001, -0.111
27.575, -0.044, -0.030, -0.168
27.592, -0.029, -0.007, -0.125
27.608, -0.034, -0.023, -0.149
27.625, -0.043, -0.052, -0.189
27.641, -0.031, -0.038, -0.166
27.658, -0.031, -0.038, -0.165
27.675, -0.014, -0.009, -0.124
27.692, -0.025, -0.027, -0.151
27.708, -0.024, -0.041, -0.173
27.725, -0.004, 0.003, -0.091
27.741, -0.009, -0.022, -0.128
27.758, 0.004, -0.003, -0.081
27.775, -0.013, -0.042, -0.161
27.791, -0.007, -0.033, -0.133
27.808, -0.015, -0.052, -0.166
27.825, 0.001, -0.023, -0.092
27.841, 0.007, -0.017, -0.099
27.858, 0.010, -0.024, -0.091
27.875, 0.003, -0.029, -0.099
27.891, 0.002, -0.035, -0.096
27.908, -0.003, -0.018, -0.071
27.925, 0.027, -0.004, -0.045
27.941, 0.026, 0.000, -0.032
27.958, 0.025, -0.017, -0.061
27.975, 0.011, -0.018, -0.062
27.991, 0.014, -0.018, -0.051
28.008, 0.015, -0.017, -0.045
28.025, 0.013, -0.034, -0.068
28.041, 0.013, -0.029, -0.064
28.058, 0.017, -0.026, -0.061
28.075, 0.017, -0.029, -0.068
28.091, 0.019, -0.029, -0.065
28.108, 0.018, -0.032, -0.072
28.125, 0.018, -0.034, -0.074
28.141, 0.016, -0.034, -0.078
28.158, 0.016, -0.035, -0.073
28.175, 0.014, -0.041, -0.079
28.191, 0.015, -0.040, -0.078
28.208, 0.015, -0.045, -0.087
28.225, 0.026, -0.019, -0.032
28.241, 0.025, -0.030, -0.049
28.258, 0.036, -0.021, -0.029
28.275, 0.014, -0.041, -0.072
28.291, 0.012, -0.043, -0.077
28.308, 0.008, -0.043, -0.071
28.325, 0.017, -0.047, -0.075
28.341, 0.015, -0.047, -0.074
28.358, 0.016, -0.047, -0.071
28.375, 0.018, -0.049, -0.078
28.391, 0.012, -0.061, -0.101
28.408, 0.018, -0.050, -0.078
28.425, 0.002, -0.064, -0.121
28.441, 0.010, -0.045, -0.075
28.458, 0.005, -0.055, -0.092
28.475, 0.018, -0.037, -0.039
28.491, 0.016, -0.046, -0.051
28.508, -0.000, -0.066, -0.089
28.525, -0.002, -0.058, -0.079
28.541, 0.002, -0.048, -0.060
28.558, 0.008, -0.025, -0.019
28.575, 0.008, -0.033, -0.023
28.591, 0.011, -0.038, -0.026
28.608, 0.012, -0.038, -0.029
28.625, 0.015, -0.038, -0.022
28.641, -0.001, -0.042, -0.048
28.658, 0.002, -0.041, -0.037
28.675, -0.010, -0.052, -0.067
28.691, -0.013, -0.059, -0.077
28.708, -0.015, -0.042, -0.061
28.725, -0.010, -0.029, -0.038
28.741, -0.003, -0.021, -0.020
28.758, -0.009, -0.039, -0.048
28.775, -0.028, -0.028, -0.046
28.791, -0.032, -0.031, -0.057
28.808, -0.031, -0.024, -0.045
28.825, -0.011, -0.021, -0.028
28.841, -0.011, -0.012, -0.015
28.858, -0.023, -0.036, -0.052
28.875, -0.012, -0.020, -0.022
28.891, -0.020, -0.014, -0.027
28.908, -0.013, 0.007, 0.018
28.925, -0.028, -0.022, -0.027
28.941, -0.021, -0.030, -0.026
28.958, -0.015, -0.025, -0.022
28.975, -0.014, -0.025, -0.017
28.991, -0.018, -0.027, -0.025
29.008, -0.025, -0.029, -0.024
29.025, -0.031, -0.031, -0.043
29.041, -0.021, -0.027, -0.020
29.058, -0.018, -0.033, -0.041
29.075, -0.023, -0.030, -0.027
29.091, -0.032, -0.032, -0.029
29.108, -0.037, -0.030, -0.033
29.125, -0.026, -0.030, -0.018
29.141, -0.027, -0.035, -0.040
29.158, -0.022, -0.037, -0.039
29.175, -0.029, -0.025, -0.022
29.191, -0.029, -0.021, -0.019
29.208, -0.033, -0.021, -0.014
29.225, -0.043, -0.050, -0.083
29.241, -0.032, -0.035, -0.060
29.258, -0.031, -0.032, -0.055
29.275, -0.029, -0.019, -0.044
29.291, -0.039, -0.036, -0.073
29.308, -0.034, -0.034, -0.088
29.325, -0.035, -0.021, -0.059
29.341, -0.032, -0.019, -0.052
29.358, -0.041, -0.021, -0.060
29.375, -0.039, -0.055, -0.101
29.391, -0.031, -0.040, -0.076
29.408, -0.027, -0.037, -0.068
29.425, -0.027, -0.012, -0.048
29.441, -0.027, -0.028, -0.071
29.458, -0.034, -0.025, -0.065
29.475, -0.020, -0.025, -0.053
29.491, -0.033, -0.024, -0.061
29.508, -0.039, -0.055, -0.106
29.525, -0.035, -0.041, -0.087
29.541, -0.033, -0.044, -0.088
29.558, -0.023, -0.010, -0.036
29.576, -0.017, -0.028, -0.071
29.591, -0.015, -0.024, -0.060
29.609, -0.020, -0.033, -0.074
29.625, -0.035, -0.027, -0.059
29.641, -0.035, -0.025, -0.051
29.658, -0.036, -0.019, -0.039
29.675, -0.010, -0.013, -0.016
29.691, -0.013, -0.014, -0.018
29.708, -0.006, -0.014, -0.016
29.725, -0.047, -0.050, -0.091
29.741, -0.029, -0.044, -0.078
29.758, -0.032, -0.045, -0.065
29.775, -0.011, -0.014, -0.010
29.791, -0.024, -0.026, -0.034
29.808, -0.015, -0.027, -0.037
29.825, -0.006, -0.034, -0.037
29.841, -0.005, -0.034, -0.039
29.858, -0.007, -0.041, -0.046
29.875, -0.017, -0.029, -0.033
29.891, -0.018, -0.028, -0.026
29.908, -0.013, -0.028, -0.028
29.925, -0.007, -0.041, -0.051
29.941, -0.005, -0.041, -0.055
29.958, -0.003, -0.045, -0.058
29.975, -0.007, -0.043, -0.047
29.991, -0.003, -0.045, -0.045
30.008, -0.006, -0.049, -0.054
30.025, 0.003, -0.046, -0.054
30.041, 0.000, -0.048, -0.062
30.058, 0.002, -0.054, -0.107
30.075, -0.006, -0.045, -0.129
30.091, -0.007, -0.047, -0.180
30.108, -0.007, -0.046, -0.268
30.125, -0.022, -0.063, -0.380
30.141, -0.017, -0.068, -0.460
30.158, -0.025, -0.071, -0.596
30.175, -0.029, -0.078, -0.680
30.191, -0.039, -0.080, -0.775
30.208, -0.013, -0.046, -0.851
30.225, 0.094, 0.017, -0.610
30.241, 0.105, 0.010, -0.288
30.258, 0.106, -0.023, 0.144
30.275, 0.022, -0.081, 0.137
30.292, 0.025, -0.082, 0.038
30.308, 0.028, -0.109, -0.063
30.325, 0.037, -0.107, -0.103
30.342, 0.005, -0.106, -0.132
30.358, -0.018, -0.047, -0.093
30.375, -0.041, -0.004, -0.010
30.392, -0.014, 0.043, 0.011
30.408, 0.016, 0.044, 0.023
30.425, 0.027, 0.016, -0.033
30.442, 0.025, 0.002, 0.001
30.458, -0.003, 0.001, -0.003
30.476, -0.002, 0.001, -0.001
30.492, 0.006, -0.001, -0.007
30.509, 0.000, 0.000, -0.002
30.526, 0.001, -0.000, -0.000
30.541, 0.001, -0.000, 0.004
30.558, 0.006, -0.003, -0.001
30.576, 0.005, -0.002, -0.003
30.592, -0.000, -0.001, 0.000
30.608, -0.001, 0.001, -0.001
30.625, -0.000, 0.001, -0.000
30.642, -0.000, 0.001, 0.000
30.659, 0.000, 0.001, 0.001
30.676, -0.001, 0.000, -0.002
30.692, 0.000, 0.001, -0.000
30.708, -0.000, -0.000, -0.006
30.726, -0.006, 0.005, 0.003
30.742, -0.003, 0.001, 0.005
30.758, -0.009, 0.004, 0.009
30.776, -0.001, -0.001, 0.006
30.792, -0.005, 0.001, 0.003
30.808, 0.007, -0.002, 0.001
30.825, -0.004, 0.001, -0.002
30.842, -0.005, 0.001, -0.001
30.858, -0.005, 0.001, 0.001
30.875, 0.004, -0.001, 0.001
30.892, -0.000, -0.000, -0.001
30.908, 0.000, 0.000, -0.001
30.925, -0.010, 0.003, 0.004
30.942, -0.005, 0.002, 0.001
30.958, -0.005, 0.001, 0.001
30.975, -0.004, 0.001, 0.002
30.992, -0.004, 0.001, 0.002
31.008, 0.001, -0.001, 0.001
31.025, 0.004, -0.002, -0.001
31.042, 0.006, -0.002, 0.001
31.058, -0.006, 0.001, 0.002
31.075, 0.001, -0.001, 0.002
31.092, 0.008, -0.003, -0.006
31.108, 0.001, -0.000, 0.002
31.125, 0.001, -0.000, -0.001
31.142, -0.007, 0.003, 0.002
31.158, -0.000, 0.000, -0.002
31.175, -0.000, 0.001, -0.002
31.192, 0.003, -0.002, 0.001
31.208, 0.000, 0.001, -0.000
31.225, 0.003, -0.001, -0.007
31.242, 0.001, 0.000, -0.002
31.258, 0.001, -0.001, -0.003
31.275, -0.001, 0.001, 0.005
31.292, 0.000, -0.000, 0.000
31.308, 0.000, 0.000, 0.001
31.325, 0.010, -0.003, -0.001
31.342, 0.008, -0.002, -0.005
31.359, 0.009, -0.003, -0.002
31.375, 0.001, -0.000, 0.001
31.392, -0.004, 0.000, 0.003
31.408, 0.001, -0.001, 0.003
31.425, 0.001, -0.001, 0.001
31.442, -0.004, 0.002, 0.003
31.458, 0.000, 0.000, -0.000
31.475, -0.001, -0.000, -0.004
31.492, 0.002, -0.003, -0.004
31.508, 0.000, -0.001, -0.002
31.525, -0.010, 0.003, 0.004
31.542, -0.007, 0.004, 0.006
31.558, -0.010, 0.003, 0.004
31.575, -0.001, 0.000, 0.000
31.591, -0.000, 0.000, -0.000
31.608, 0.001, 0.001, -0.003
31.625, -0.002, -0.000, 0.005
31.642, 0.004, -0.002, 0.002
31.659, -0.003, -0.000, 0.008
31.675, -0.000, 0.001, -0.000
31.692, 0.000, 0.000, -0.000
31.708, -0.000, 0.000, -0.001
31.725, 0.001, 0.000, -0.003
31.741, 0.000, 0.000, 0.000
31.758, 0.000, 0.001, -0.002
31.775, -0.013, 0.001, -0.018
31.791, -0.006, 0.000, -0.009
31.808, -0.006, 0.000, -0.010
31.825, 0.017, -0.004, 0.007
31.841, 0.005, -0.001, -0.001
31.858, 0.005, -0.002, -0.000
31.875, 0.006, -0.002, 0.002
31.892, 0.006, -0.002, -0.001
31.908, 0.011, -0.003, -0.001
31.925, -0.001, -0.000, 0.002
31.941, -0.004, 0.001, -0.001
31.958, -0.000, -0.000, 0.003
31.975, 0.000, -0.000, -0.000
31.992, -0.001, -0.000, 0.003
32.008, 0.000, -0.001, -0.000
32.025, -0.010, 0.002, 0.002
32.042, -0.006, 0.001, 0.001
32.058, -0.005, 0.002, 0.000
32.075, -0.019, 0.003, -0.019
32.091, -0.006, 0.001, -0.009
32.108, -0.015, 0.004, -0.011
32.126, 0.006, -0.000, 0.013
32.141, -0.001, 0.000, 0.003
32.158, -0.003, -0.000, 0.006
32.175, -0.000, 0.000, 0.001
32.192, -0.000, 0.001, 0.001
32.208, 0.000, 0.001, 0.001
32.225, -0.001, 0.001, 0.000
32.241, 0.000, -0.000, 0.001
32.258, 0.001, 0.000, -0.001
32.275, 0.009, -0.003, -0.001
32.291, 0.004, -0.001, 0.000
32.308, 0.002, -0.001, 0.003
32.325, 0.004, -0.000, -0.003
32.341, -0.002, 0.000, 0.000
32.358, 0.006, -0.000, -0.005
32.375, -0.003, -0.000, 0.000
32.391, 0.006, -0.002, -0.000
32.408, 0.005, -0.002, 0.002
32.425, 0.004, -0.001, 0.003
32.442, -0.005, 0.002, 0.002
32.458, 0.003, -0.001, -0.002
32.475, -0.004, 0.002, 0.003
32.492, -0.004, 0.001, 0.003
32.508, -0.008, 0.002, 0.008
32.525, -0.010, 0.002, 0.004
32.542, -0.005, 0.001, 0.001
32.558, -0.005, 0.002, 0.003
32.575, -0.006, 0.002, 0.001
32.591, -0.001, -0.000, -0.000
32.609, -0.011, 0.003, 0.002
32.625, -0.011, -0.000, -0.013
32.642, -0.005, -0.000, -0.005
32.658, -0.005, 0.000, -0.008
32.675, 0.006, -0.000, 0.005
32.692, -0.000, 0.000, -0.001
32.708, 0.000, -0.000, -0.001
32.725, 0.000, -0.000, 0.000
32.741, -0.000, -0.000, -0.001
32.758, 0.005, -0.002, -0.002
32.775, 0.005, -0.001, -0.001
32.791, 0.000, 0.000, -0.000
32.808, -0.000, 0.000, 0.000
32.825, 0.000, -0.000, -0.001
32.841, 0.000, -0.000, 0.000
32.858, -0.005, 0.001, 0.000
32.875, 0.006, -0.002, -0.001
32.891, 0.006, -0.002, -0.001
32.908, -0.001, -0.001, -0.010
32.925, 0.012, -0.002, 0.008
32.941, 0.011, -0.002, 0.007
32.958, 0.024, -0.004, 0.016
32.975, 0.000, -0.001, 0.002
32.992, -0.005, 0.001, 0.002
33.008, 0.000, -0.000, 0.002
33.025, 0.001, -0.000, 0.002
33.041, 0.001, 0.001, 0.000
33.058, 0.001, -0.000, 0.001
33.075, 0.000, 0.001, -0.002
33.092, -0.000, -0.000, -0.001
33.108, -0.000, 0.000, -0.001
33.125, -0.011, 0.002, 0.002
