0.060, 0.000, 0.000, 0.000
0.075, 0.000, 0.000, 0.000
0.091, 0.000, 0.000, 0.000
0.108, 0.000, 0.000, 0.000
0.125, 0.000, 0.000, 0.000
0.141, 0.000, 0.000, 0.000
0.158, 0.000, 0.000, 0.000
0.175, 0.000, 0.000, 0.000
0.191, 0.000, 0.000, 0.000
0.208, 0.000, 0.000, 0.000
0.225, 0.000, 0.000, 0.000
0.242, 0.000, 0.000, 0.000
0.258, 0.000, 0.000, 0.000
0.275, 0.000, 0.000, 0.000
0.291, 0.000, 0.000, 0.000
0.309, 0.000, 0.000, 0.000
0.326, 0.000, 0.000, 0.000
0.342, 0.000, 0.000, 0.000
0.359, 0.000, 0.000, 0.000
0.375, 0.000, 0.000, 0.000
0.392, 0.000, 0.000, 0.000
0.409, 0.000, 0.000, 0.000
0.425, 0.000, 0.000, 0.000
0.442, 0.000, 0.000, 0.000
0.458, 0.000, 0.000, 0.000
0.475, 0.000, 0.000, 0.000
0.492, 0.000, 0.000, 0.000
0.508, 0.000, 0.000, 0.000
0.526, 0.000, 0.000, 0.000
0.543, 0.018, -0.007, -0.052
0.559, 0.019, -0.001, -0.049
0.575, 0.015, -0.005, -0.051
0.592, 0.016, -0.006, -0.051
0.609, 0.018, -0.004, -0.053
0.625, 0.016, -0.005, -0.051
0.641, 0.020, -0.001, -0.050
0.658, 0.020, -0.001, -0.049
0.675, 0.017, -0.007, -0.051
0.692, 0.020, -0.002, -0.050
0.708, 0.015, -0.006, -0.051
0.727, 0.015, -0.005, -0.051
0.742, 0.019, -0.001, -0.049
0.759, 0.007, 0.003, -0.065
0.775, 0.019, -0.001, -0.050
0.792, 0.008, 0.003, -0.066
0.808, 0.013, 0.004, -0.062
0.825, 0.012, 0.004, -0.061
0.842, 0.012, 0.006, -0.061
0.859, 0.017, 0.003, -0.056
0.875, 0.012, 0.006, -0.061
0.892, 0.007, -0.001, -0.063
0.908, 0.016, 0.002, -0.056
0.925, 0.011, 0.008, -0.061
0.942, 0.013, 0.008, -0.064
0.958, 0.012, 0.004, -0.062
0.975, 0.012, 0.008, -0.064
0.992, 0.019, 0.004, -0.057
1.008, 0.019, 0.009, -0.061
1.025, 0.019, 0.011, -0.061
1.042, 0.020, 0.009, -0.061
1.058, 0.019, 0.015, -0.063
1.075, 0.020, 0.008, -0.061
1.091, 0.020, 0.010, -0.061
1.108, 0.018, 0.013, -0.060
1.125, 0.027, 0.000, -0.053
1.142, 0.019, 0.013, -0.059
1.158, 0.018, 0.013, -0.060
1.175, 0.017, 0.004, -0.057
1.191, 0.012, 0.007, -0.060
1.208, 0.013, 0.007, -0.061
1.225, 0.012, 0.005, -0.060
1.242, 0.024, -0.002, -0.053
1.258, 0.012, 0.007, -0.060
1.275, 0.012, 0.006, -0.060
1.291, 0.012, 0.007, -0.063
1.308, 0.012, 0.007, -0.053
1.326, 0.012, 0.008, -0.053
1.342, 0.012, 0.008, -0.053
1.358, 0.012, 0.008, -0.053
1.375, 0.012, 0.008, -0.053
1.391, 0.015, 0.009, -0.053
1.408, 0.015, 0.009, -0.053
1.425, 0.040, -0.004, -0.049
1.441, 0.023, 0.017, -0.062
1.458, 0.014, 0.008, -0.061
1.475, 0.014, 0.008, -0.061
1.491, 0.015, 0.008, -0.061
1.508, 0.014, 0.010, -0.061
1.525, 0.015, 0.009, -0.061
1.541, 0.015, 0.008, -0.062
1.558, 0.015, 0.009, -0.062
1.575, 0.014, 0.009, -0.061
1.591, 0.020, 0.010, -0.062
1.608, 0.014, 0.008, -0.061
1.625, 0.015, 0.008, -0.061
1.641, 0.009, 0.003, -0.061
1.658, 0.016, 0.007, -0.061
1.675, 0.009, 0.004, -0.062
1.691, 0.020, 0.014, -0.061
1.708, 0.014, 0.009, -0.061
1.725, 0.020, 0.014, -0.061
1.741, 0.014, 0.007, -0.061
1.758, 0.014, 0.007, -0.062
1.775, 0.013, 0.004, -0.062
1.791, 0.014, 0.004, -0.050
1.808, 0.008, 0.006, -0.051
1.825, 0.008, 0.006, -0.051
1.842, 0.008, 0.006, -0.051
1.859, 0.015, 0.013, -0.047
1.875, 0.015, 0.013, -0.047
1.891, 0.114, 0.139, -0.104
1.908, 0.116, 0.139, -0.104
1.925, 0.116, 0.139, -0.104
1.942, 0.116, 0.139, -0.104
1.958, 0.110, 0.138, -0.102
1.975, 0.007, 0.026, -0.073
1.991, 0.100, 0.097, -0.077
2.008, 0.081, 0.081, -0.076
2.025, 0.055, 0.113, -0.088
2.041, 0.055, 0.113, -0.088
2.058, 0.055, 0.113, -0.088
2.075, -0.057, 0.083, -0.104
2.091, -0.169, 0.072, -0.141
2.109, -0.169, 0.072, -0.141
2.125, -0.169, 0.072, -0.141
2.141, -0.169, 0.072, -0.141
2.158, -0.169, 0.072, -0.141
2.175, -0.189, -0.007, -0.249
2.191, -0.193, 0.005, -0.330
2.208, -0.175, 0.024, -0.364
2.225, -0.177, 0.038, -0.406
2.241, -0.182, 0.048, -0.426
2.258, -0.182, 0.048, -0.426
2.275, -0.182, 0.048, -0.426
2.291, -0.163, 0.098, -0.593
2.308, -0.008, 0.265, -0.669
2.325, -0.008, 0.265, -0.669
2.342, -0.140, 0.133, -0.736
2.358, -0.111, 0.114, -0.772
2.375, -0.108, 0.120, -0.790
2.391, -0.072, 0.146, -0.758
2.409, -0.070, 0.176, -0.668
2.425, -0.063, 0.202, -0.656
2.442, -0.036, 0.225, -0.609
2.458, -0.030, 0.231, -0.562
2.475, 0.012, 0.231, -0.527
2.491, 0.047, 0.233, -0.479
2.508, 0.006, 0.158, -0.419
2.525, 0.019, 0.172, -0.391
2.542, 0.018, 0.172, -0.364
2.558, 0.025, 0.181, -0.374
2.575, 0.026, 0.173, -0.374
2.591, 0.024, 0.158, -0.349
2.608, 0.002, 0.120, -0.318
2.625, 0.058, 0.164, -0.346
2.641, -0.020, 0.101, -0.293
2.658, 0.007, 0.068, -0.288
2.675, -0.022, 0.074, -0.281
2.691, -0.008, 0.054, -0.283
2.708, -0.018, 0.057, -0.304
2.725, -0.065, 0.008, -0.264
2.741, -0.139, -0.005, -0.253
2.758, -0.208, -0.035, -0.239
2.775, -0.252, -0.021, -0.241
2.791, 0.057, 0.039, -0.295
2.808, 0.027, -0.055, -0.328
2.825, 0.010, 0.039, -0.348
2.841, -0.011, 0.056, -0.333
2.858, -0.034, -0.009, -0.299
2.875, 0.003, -0.012, -0.303
2.892, 0.041, -0.025, -0.323
2.908, 0.011, -0.007, -0.307
2.925, 0.012, -0.001, -0.309
2.941, 0.015, -0.009, -0.308
2.959, 0.012, 0.001, -0.309
2.975, 0.012, 0.000, -0.309
2.991, 0.012, -0.006, -0.307
3.008, 0.015, -0.003, -0.310
3.025, 0.011, -0.008, -0.307
3.041, 0.013, -0.007, -0.307
3.060, 0.012, -0.012, -0.307
3.075, 0.012, -0.008, -0.307
3.091, 0.012, -0.008, -0.307
3.108, 0.010, -0.013, -0.307
3.125, 0.011, -0.015, -0.309
3.141, 0.013, -0.009, -0.307
3.159, 0.011, -0.009, -0.306
3.175, 0.013, -0.008, -0.307
3.191, 0.011, -0.013, -0.307
3.208, 0.011, -0.000, -0.309
3.225, 0.012, -0.007, -0.307
3.241, 0.011, -0.001, -0.309
3.259, 0.012, -0.008, -0.307
3.275, 0.011, -0.012, -0.307
3.291, 0.011, -0.008, -0.306
3.308, 0.011, -0.009, -0.306
3.325, 0.011, -0.002, -0.306
3.341, 0.011, 0.002, -0.308
3.358, 0.012, 0.003, -0.309
3.375, 0.011, -0.002, -0.306
3.391, 0.012, 0.002, -0.308
3.408, 0.013, 0.002, -0.309
3.425, 0.012, -0.002, -0.306
3.441, 0.013, -0.003, -0.306
3.458, 0.011, 0.000, -0.308
3.475, 0.012, -0.003, -0.308
3.491, 0.012, 0.001, -0.309
3.508, 0.012, -0.002, -0.306
3.525, 0.012, 0.001, -0.308
3.541, 0.012, -0.003, -0.306
3.558, 0.012, -0.002, -0.307
3.575, 0.013, 0.001, -0.309
3.591, 0.011, -0.002, -0.307
3.608, 0.012, -0.002, -0.307
3.625, 0.012, -0.002, -0.307
3.644, 0.011, -0.002, -0.307
3.659, 0.010, 0.001, -0.308
3.675, 0.012, -0.002, -0.307
3.691, 0.011, 0.002, -0.308
3.708, 0.011, 0.002, -0.309
3.725, 0.012, -0.002, -0.307
3.741, 0.012, 0.002, -0.308
3.759, 0.011, -0.002, -0.307
3.775, 0.012, -0.002, -0.307
3.791, 0.011, 0.002, -0.308
3.808, 0.012, 0.002, -0.309
3.825, 0.012, -0.002, -0.307
3.841, 0.011, 0.003, -0.309
3.858, 0.011, 0.003, -0.309
3.875, 0.013, 0.002, -0.309
3.891, 0.014, -0.005, -0.308
3.908, 0.012, 0.002, -0.309
3.925, 0.012, -0.003, -0.307
3.941, 0.013, 0.001, -0.309
3.958, 0.008, -0.006, -0.308
3.975, 0.012, 0.003, -0.308
3.991, 0.008, -0.006, -0.308
4.009, 0.012, -0.002, -0.307
4.025, 0.012, -0.002, -0.307
4.041, 0.012, 0.002, -0.308
4.058, 0.009, 0.000, -0.307
4.075, 0.012, 0.003, -0.309
4.091, 0.012, -0.002, -0.307
4.108, 0.011, 0.003, -0.309
4.125, 0.011, 0.001, -0.309
4.141, 0.011, -0.001, -0.307
4.158, 0.012, -0.003, -0.309
4.175, 0.011, 0.003, -0.309
4.191, 0.011, 0.003, -0.308
4.208, 0.012, -0.003, -0.309
4.225, 0.012, 0.002, -0.309
4.241, 0.011, -0.002, -0.307
4.259, 0.012, 0.002, -0.309
4.276, 0.012, -0.002, -0.306
4.291, 0.012, -0.003, -0.309
4.308, 0.011, 0.003, -0.309
4.325, 0.012, 0.002, -0.309
4.342, 0.011, -0.003, -0.306
4.358, 0.015, -0.001, -0.310
4.375, 0.011, -0.003, -0.307
4.392, 0.012, -0.003, -0.306
4.409, 0.008, -0.005, -0.308
4.425, 0.012, 0.003, -0.309
4.441, 0.011, -0.002, -0.307
4.458, 0.016, -0.001, -0.310
4.475, 0.012, -0.002, -0.307
4.491, 0.012, 0.002, -0.309
4.508, 0.013, -0.003, -0.307
4.525, 0.011, 0.003, -0.308
4.541, 0.012, -0.003, -0.307
4.558, 0.012, -0.002, -0.307
4.575, 0.015, -0.000, -0.310
4.591, 0.012, -0.002, -0.307
4.608, 0.012, 0.002, -0.309
4.625, 0.011, 0.002, -0.308
4.641, 0.013, -0.002, -0.307
4.658, 0.011, 0.002, -0.308
4.675, 0.015, -0.006, -0.310
4.691, 0.012, 0.002, -0.309
4.709, 0.012, -0.002, -0.307
4.725, 0.011, -0.004, -0.308
4.741, 0.009, -0.005, -0.308
4.758, 0.012, -0.002, -0.309
4.775, 0.011, 0.002, -0.309
4.791, 0.012, -0.003, -0.307
4.808, 0.012, 0.002, -0.308
4.825, 0.009, -0.006, -0.308
4.841, 0.013, -0.004, -0.307
4.858, 0.013, -0.001, -0.309
4.875, 0.008, -0.006, -0.308
4.891, 0.015, -0.005, -0.308
4.908, 0.011, 0.002, -0.308
4.925, 0.016, -0.005, -0.308
4.941, 0.012, 0.002, -0.308
4.958, 0.009, -0.004, -0.308
4.975, 0.012, 0.002, -0.309
4.991, 0.012, -0.002, -0.307
5.008, 0.012, 0.002, -0.309
5.025, 0.012, -0.002, -0.307
5.041, 0.012, -0.004, -0.308
5.058, 0.012, 0.002, -0.309
5.075, 0.012, -0.003, -0.307
5.091, 0.012, 0.002, -0.309
5.108, 0.012, -0.004, -0.307
5.125, 0.013, -0.003, -0.307
5.141, 0.013, 0.001, -0.309
5.158, 0.009, 0.000, -0.307
5.175, 0.012, 0.001, -0.308
5.191, 0.008, 0.001, -0.306
5.208, 0.011, 0.002, -0.309
5.225, 0.036, -0.019, -0.320
5.241, 0.011, -0.004, -0.307
5.258, 0.012, -0.002, -0.307
5.275, 0.012, 0.002, -0.309
5.291, 0.013, -0.002, -0.307
5.308, 0.011, 0.002, -0.308
5.325, 0.013, -0.002, -0.307
5.341, 0.012, 0.001, -0.308
5.358, 0.013, -0.003, -0.309
5.375, 0.012, 0.001, -0.308
5.391, 0.013, -0.003, -0.307
5.409, 0.012, -0.003, -0.308
5.426, 0.012, -0.003, -0.307
5.441, 0.010, 0.002, -0.309
5.458, 0.011, -0.002, -0.309
5.475, 0.013, -0.002, -0.307
5.491, 0.012, -0.003, -0.307
5.508, 0.012, 0.002, -0.309
5.525, 0.013, 0.001, -0.309
5.541, 0.012, -0.002, -0.307
5.558, 0.012, 0.002, -0.309
5.575, 0.012, -0.003, -0.309
5.592, 0.012, 0.002, -0.309
5.608, 0.012, 0.002, -0.309
5.625, 0.013, -0.003, -0.307
5.641, 0.012, 0.003, -0.309
5.658, 0.012, 0.002, -0.309
5.675, 0.012, -0.002, -0.307
5.691, 0.012, 0.002, -0.308
5.708, 0.012, -0.002, -0.307
5.725, 0.011, 0.002, -0.308
5.741, 0.014, -0.008, -0.310
5.758, 0.012, 0.002, -0.308
5.775, 0.011, 0.002, -0.309
5.791, 0.012, -0.002, -0.307
5.808, 0.012, 0.003, -0.309
5.825, 0.011, 0.001, -0.309
5.841, 0.012, -0.001, -0.307
5.858, 0.011, 0.001, -0.309
5.875, 0.012, -0.002, -0.307
5.891, 0.013, 0.001, -0.308
5.908, 0.012, 0.002, -0.308
5.925, 0.011, 0.003, -0.309
5.944, 0.013, 0.002, -0.309
5.958, 0.011, 0.002, -0.309
5.975, 0.012, -0.002, -0.307
5.992, 0.012, 0.002, -0.309
6.008, 0.012, 0.003, -0.309
6.025, 0.011, 0.002, -0.308
6.044, 0.012, -0.002, -0.307
6.058, 0.011, 0.003, -0.309
6.075, 0.012, 0.002, -0.309
6.091, 0.012, -0.003, -0.307
6.109, 0.012, 0.002, -0.309
6.125, 0.012, -0.004, -0.307
6.142, 0.012, 0.003, -0.309
6.158, 0.012, -0.003, -0.307
6.175, 0.012, -0.002, -0.307
6.191, 0.012, -0.002, -0.306
6.208, 0.011, 0.002, -0.309
6.226, 0.012, -0.002, -0.307
6.241, 0.012, -0.002, -0.307
6.259, 0.012, -0.003, -0.307
6.275, 0.011, 0.002, -0.308
6.291, 0.012, 0.002, -0.309
6.308, 0.011, -0.001, -0.307
6.325, 0.015, -0.004, -0.308
6.341, 0.011, 0.003, -0.309
6.358, 0.005, -0.003, -0.308
6.375, 0.011, -0.003, -0.308
6.391, 0.012, -0.001, -0.307
6.408, 0.011, 0.001, -0.308
6.425, 0.011, -0.002, -0.307
6.441, 0.012, -0.002, -0.307
6.458, 0.012, 0.002, -0.309
6.475, 0.010, 0.003, -0.308
6.491, 0.013, 0.002, -0.309
6.508, 0.010, 0.002, -0.308
6.525, 0.012, -0.002, -0.307
6.541, 0.012, 0.002, -0.308
6.558, 0.013, -0.002, -0.307
6.577, 0.012, -0.002, -0.306
6.592, 0.013, -0.004, -0.307
6.608, 0.012, -0.003, -0.306
6.625, 0.012, 0.002, -0.309
6.642, 0.013, -0.002, -0.307
6.658, 0.012, 0.003, -0.308
6.675, 0.012, -0.002, -0.307
6.692, 0.011, -0.002, -0.309
6.709, 0.008, -0.001, -0.310
6.725, 0.012, -0.003, -0.307
6.742, 0.015, -0.004, -0.307
6.759, 0.012, -0.003, -0.307
6.775, 0.010, 0.001, -0.308
6.792, 0.012, -0.003, -0.307
6.809, 0.016, -0.006, -0.308
6.825, 0.011, 0.003, -0.308
6.842, 0.012, -0.003, -0.307
6.859, 0.012, -0.003, -0.307
6.879, 0.011, -0.003, -0.307
6.892, 0.012, 0.002, -0.309
6.909, 0.011, -0.002, -0.307
6.925, 0.011, 0.002, -0.309
6.942, 0.012, -0.003, -0.307
6.959, 0.011, -0.002, -0.307
6.975, 0.012, 0.002, -0.309
6.992, 0.012, -0.003, -0.307
7.008, 0.012, -0.003, -0.307
7.025, 0.011, 0.003, -0.308
7.042, 0.009, -0.005, -0.308
7.059, 0.012, 0.002, -0.309
7.075, 0.012, -0.002, -0.307
7.092, 0.012, 0.002, -0.308
7.108, 0.012, 0.002, -0.309
7.125, 0.012, -0.002, -0.307
7.142, 0.012, -0.003, -0.307
7.159, 0.012, 0.002, -0.308
7.175, 0.012, -0.003, -0.307
7.192, 0.012, -0.002, -0.309
7.209, 0.011, -0.002, -0.307
7.225, 0.009, -0.003, -0.310
7.242, 0.012, -0.003, -0.309
7.259, 0.012, 0.000, -0.308
7.275, 0.012, 0.001, -0.308
7.292, 0.012, -0.003, -0.307
7.309, 0.012, 0.001, -0.309
7.325, 0.013, -0.003, -0.306
7.342, 0.012, 0.002, -0.308
7.359, 0.012, -0.003, -0.307
7.375, 0.012, -0.002, -0.307
7.392, 0.016, -0.001, -0.310
7.409, 0.013, -0.002, -0.307
7.425, 0.012, -0.003, -0.307
7.442, 0.012, 0.002, -0.309
7.458, 0.012, -0.002, -0.307
7.476, 0.011, -0.003, -0.309
7.492, 0.012, -0.003, -0.306
7.508, 0.012, -0.003, -0.307
7.525, 0.013, -0.003, -0.307
7.542, 0.012, -0.002, -0.307
7.558, 0.009, -0.006, -0.308
7.575, 0.012, 0.002, -0.308
7.592, 0.013, 0.001, -0.309
7.608, 0.012, 0.002, -0.308
7.625, 0.013, -0.003, -0.307
7.642, 0.012, 0.001, -0.308
7.658, 0.015, -0.001, -0.309
7.675, 0.011, -0.001, -0.307
7.692, 0.011, -0.003, -0.309
7.709, 0.011, -0.003, -0.309
7.725, 0.012, -0.003, -0.307
7.742, 0.011, -0.002, -0.308
7.758, 0.012, -0.002, -0.307
7.775, 0.012, 0.001, -0.308
7.791, 0.012, -0.002, -0.307
7.809, 0.011, 0.003, -0.309
7.825, 0.012, 0.002, -0.309
7.842, 0.012, -0.002, -0.307
7.858, 0.012, 0.002, -0.309
7.875, 0.012, -0.002, -0.307
7.892, 0.012, 0.002, -0.308
7.909, 0.012, -0.003, -0.308
7.925, 0.011, -0.002, -0.307
7.942, 0.011, 0.002, -0.309
7.958, 0.009, -0.000, -0.307
7.975, 0.014, -0.001, -0.309
7.992, 0.012, -0.002, -0.307
8.009, 0.012, 0.002, -0.309
8.025, 0.012, -0.003, -0.306
8.042, 0.011, -0.002, -0.307
8.058, 0.012, 0.002, -0.308
8.076, 0.013, -0.003, -0.307
8.092, 0.013, -0.003, -0.307
8.108, 0.012, 0.002, -0.309
8.127, 0.013, 0.002, -0.308
8.142, 0.013, -0.002, -0.307
8.158, 0.012, 0.002, -0.309
8.175, 0.012, -0.002, -0.307
8.192, 0.013, 0.001, -0.309
8.208, 0.012, 0.001, -0.309
8.225, 0.012, -0.002, -0.307
8.242, 0.015, -0.005, -0.308
8.258, 0.012, -0.003, -0.309
8.275, 0.012, -0.003, -0.307
8.292, 0.012, -0.003, -0.308
8.309, 0.012, -0.003, -0.309
8.325, 0.012, 0.002, -0.308
8.342, 0.012, -0.007, -0.307
8.359, 0.011, -0.002, -0.307
8.376, 0.013, 0.001, -0.309
8.392, 0.012, -0.002, -0.307
8.408, 0.012, 0.001, -0.308
8.425, 0.012, -0.007, -0.307
8.445, 0.012, 0.001, -0.308
8.458, 0.012, 0.002, -0.309
8.475, 0.012, -0.006, -0.307
8.492, 0.012, 0.002, -0.309
8.508, 0.012, -0.001, -0.307
8.525, 0.012, 0.002, -0.308
8.542, 0.012, -0.003, -0.306
8.559, 0.012, -0.003, -0.307
8.575, 0.011, 0.003, -0.309
8.592, 0.012, -0.002, -0.307
8.609, 0.011, 0.002, -0.308
8.625, 0.011, 0.003, -0.309
8.642, 0.011, -0.002, -0.307
8.659, 0.012, 0.002, -0.309
8.675, 0.012, -0.001, -0.307
8.692, 0.011, -0.002, -0.307
8.709, 0.012, 0.003, -0.309
8.725, 0.011, 0.002, -0.309
8.742, 0.012, -0.002, -0.307
8.762, 0.012, 0.002, -0.309
8.775, 0.012, -0.002, -0.307
8.792, 0.012, -0.002, -0.307
8.809, 0.010, -0.001, -0.307
8.825, 0.011, 0.003, -0.309
8.842, 0.011, -0.002, -0.307
8.858, 0.012, -0.004, -0.309
8.875, 0.013, -0.003, -0.307
8.892, 0.012, -0.003, -0.309
8.908, 0.012, 0.002, -0.308
8.925, 0.012, -0.002, -0.307
8.942, 0.012, 0.002, -0.308
8.958, 0.012, -0.002, -0.307
8.975, 0.013, -0.003, -0.307
8.992, 0.012, -0.003, -0.307
9.008, 0.014, -0.003, -0.307
9.025, 0.011, 0.003, -0.309
9.042, 0.012, -0.003, -0.309
9.058, 0.012, 0.003, -0.309
9.075, 0.012, -0.001, -0.307
9.091, 0.012, 0.002, -0.309
9.108, 0.012, -0.001, -0.307
9.125, 0.011, -0.003, -0.308
9.142, 0.012, 0.002, -0.309
9.158, 0.012, -0.002, -0.307
9.175, 0.012, -0.003, -0.309
9.192, 0.011, -0.002, -0.307
9.208, 0.012, 0.002, -0.308
9.225, 0.012, -0.002, -0.307
9.242, 0.012, -0.003, -0.307
9.258, 0.011, 0.003, -0.309
9.275, 0.012, 0.003, -0.308
9.292, 0.012, 0.002, -0.309
9.309, 0.015, -0.001, -0.310
9.325, 0.011, -0.002, -0.307
9.342, 0.012, -0.003, -0.308
9.359, 0.012, -0.002, -0.306
9.375, 0.012, 0.003, -0.309
9.392, 0.011, -0.003, -0.307
9.408, 0.012, -0.003, -0.307
9.425, 0.012, -0.003, -0.307
9.441, 0.008, -0.006, -0.308
9.458, 0.012, 0.002, -0.309
9.475, 0.012, -0.003, -0.306
9.491, 0.011, 0.002, -0.308
9.508, 0.011, 0.003, -0.309
9.525, 0.012, -0.002, -0.307
9.541, 0.011, 0.002, -0.308
9.558, 0.012, -0.002, -0.307
9.575, 0.011, -0.002, -0.307
9.592, 0.011, -0.002, -0.307
9.608, 0.011, 0.003, -0.309
9.625, 0.012, -0.003, -0.307
9.642, 0.012, -0.002, -0.307
9.658, 0.013, 0.002, -0.309
9.675, 0.012, -0.003, -0.306
9.691, 0.009, -0.006, -0.309
9.708, 0.013, -0.002, -0.307
9.725, 0.012, -0.002, -0.307
9.742, 0.012, -0.003, -0.307
9.759, 0.013, -0.002, -0.307
9.775, 0.013, 0.001, -0.309
9.792, 0.011, -0.003, -0.307
9.808, 0.011, -0.002, -0.307
9.825, 0.012, -0.003, -0.308
9.842, 0.012, -0.002, -0.307
9.859, 0.011, 0.002, -0.308
9.875, 0.011, -0.007, -0.307
9.892, 0.011, -0.002, -0.307
9.908, 0.012, -0.002, -0.307
9.925, 0.012, 0.001, -0.308
9.942, 0.011, -0.004, -0.307
9.959, 0.012, -0.002, -0.307
9.975, 0.012, 0.002, -0.309
9.992, 0.012, -0.002, -0.307
10.009, 0.012, -0.002, -0.307
10.025, 0.012, 0.002, -0.309
10.042, 0.011, -0.003, -0.307
10.058, 0.012, 0.002, -0.308
10.075, 0.011, -0.003, -0.307
10.091, 0.011, 0.002, -0.309
10.108, 0.012, -0.003, -0.307
10.125, 0.013, 0.001, -0.308
10.142, 0.011, 0.001, -0.308
10.158, 0.012, 0.002, -0.308
10.175, 0.012, -0.003, -0.307
10.191, 0.011, -0.003, -0.308
10.209, 0.013, -0.004, -0.307
10.225, 0.011, -0.002, -0.306
10.242, 0.012, -0.004, -0.308
10.258, 0.012, -0.003, -0.309
10.275, 0.013, -0.003, -0.307
10.292, 0.011, -0.004, -0.309
10.309, 0.013, -0.003, -0.307
10.325, 0.012, -0.003, -0.307
10.342, 0.011, -0.002, -0.309
10.359, 0.015, -0.004, -0.309
10.375, 0.012, 0.002, -0.308
10.392, 0.012, -0.002, -0.307
10.408, 0.013, -0.003, -0.307
10.425, 0.013, 0.001, -0.308
10.442, 0.012, -0.002, -0.307
10.458, 0.015, -0.001, -0.310
10.475, 0.012, -0.003, -0.308
10.492, 0.012, 0.002, -0.308
10.509, 0.012, 0.001, -0.309
10.527, 0.011, -0.003, -0.307
10.542, 0.013, 0.001, -0.308
10.558, 0.011, -0.003, -0.307
10.575, 0.012, 0.002, -0.308
10.591, 0.012, -0.002, -0.307
10.609, 0.013, 0.001, -0.309
10.625, 0.012, -0.002, -0.307
10.642, 0.012, 0.003, -0.309
10.658, 0.012, -0.004, -0.307
10.675, 0.012, -0.003, -0.306
10.692, 0.012, 0.002, -0.309
10.709, 0.012, -0.003, -0.307
10.725, 0.013, -0.003, -0.307
10.742, 0.011, -0.003, -0.308
10.758, 0.012, -0.003, -0.307
10.775, 0.011, 0.003, -0.308
10.792, 0.015, -0.005, -0.308
10.809, 0.013, 0.002, -0.309
10.825, 0.012, -0.006, -0.307
10.842, 0.013, -0.003, -0.309
10.858, 0.012, -0.002, -0.307
10.875, 0.011, -0.003, -0.307
10.892, 0.012, -0.002, -0.307
10.909, 0.012, -0.004, -0.307
10.925, 0.012, 0.002, -0.309
10.942, 0.011, -0.002, -0.309
10.959, 0.012, -0.002, -0.307
10.975, 0.012, -0.004, -0.309
10.992, 0.012, -0.002, -0.307
11.009, 0.012, -0.002, -0.307
11.025, 0.011, 0.003, -0.308
11.043, 0.012, -0.001, -0.307
11.058, 0.012, 0.002, -0.308
11.075, 0.008, -0.005, -0.308
11.092, 0.013, -0.003, -0.307
11.109, 0.008, -0.003, -0.307
11.126, 0.011, 0.002, -0.309
11.142, 0.011, -0.003, -0.309
11.158, 0.012, -0.003, -0.309
11.175, 0.014, -0.005, -0.308
11.191, 0.011, -0.002, -0.309
11.209, 0.013, -0.004, -0.308
11.225, 0.011, -0.004, -0.307
11.242, 0.015, -0.008, -0.308
11.258, 0.011, 0.001, -0.308
11.275, 0.013, -0.002, -0.307
11.292, 0.012, -0.002, -0.307
11.309, 0.016, -0.006, -0.308
11.325, 0.012, -0.002, -0.307
11.342, 0.012, -0.003, -0.309
11.359, 0.012, -0.003, -0.308
11.375, 0.009, -0.006, -0.308
11.391, 0.012, -0.004, -0.308
11.409, 0.012, -0.003, -0.307
11.425, 0.011, 0.002, -0.308
11.442, 0.013, -0.007, -0.307
11.458, 0.012, -0.002, -0.307
11.475, 0.012, 0.003, -0.308
11.492, 0.012, -0.002, -0.307
11.508, 0.011, -0.002, -0.307
11.525, 0.011, -0.006, -0.307
11.542, 0.012, -0.002, -0.307
11.558, 0.015, -0.004, -0.308
11.575, 0.011, -0.002, -0.308
11.591, 0.012, -0.003, -0.307
11.609, 0.012, -0.003, -0.307
11.625, 0.014, -0.004, -0.307
11.642, 0.012, -0.002, -0.307
11.658, 0.012, -0.003, -0.307
11.677, 0.011, 0.002, -0.309
11.692, 0.011, -0.004, -0.308
11.709, 0.012, -0.003, -0.308
11.725, 0.011, -0.002, -0.307
11.742, 0.015, -0.006, -0.310
11.761, 0.015, -0.001, -0.309
11.775, 0.011, 0.001, -0.308
11.792, 0.012, -0.007, -0.307
11.809, 0.012, 0.001, -0.308
11.825, 0.014, -0.002, -0.307
11.842, 0.013, 0.001, -0.308
11.859, 0.015, -0.005, -0.308
11.875, 0.013, -0.003, -0.307
11.892, 0.012, -0.002, -0.307
11.909, 0.012, 0.002, -0.308
11.925, 0.012, -0.002, -0.307
11.942, 0.011, 0.001, -0.308
11.959, 0.013, -0.002, -0.307
11.975, 0.011, -0.001, -0.307
11.991, 0.016, -0.005, -0.308
12.009, 0.012, -0.002, -0.307
12.025, 0.012, 0.001, -0.308
12.042, 0.012, 0.002, -0.308
12.058, 0.012, -0.002, -0.307
12.075, 0.011, 0.001, -0.308
12.092, 0.012, -0.002, -0.307
12.109, 0.011, -0.004, -0.307
12.125, 0.012, -0.002, -0.307
12.142, 0.012, -0.003, -0.306
12.159, 0.012, 0.002, -0.309
12.175, 0.012, -0.002, -0.307
12.192, 0.013, -0.008, -0.309
12.209, 0.013, 0.002, -0.309
12.225, 0.012, -0.004, -0.308
12.242, 0.011, -0.003, -0.307
12.259, 0.012, -0.002, -0.307
12.275, 0.011, -0.004, -0.311
12.292, 0.013, -0.003, -0.307
12.308, 0.034, -0.026, -0.320
12.325, 0.013, 0.001, -0.308
12.342, 0.012, -0.002, -0.307
12.359, 0.012, 0.002, -0.308
12.375, 0.011, -0.009, -0.309
12.391, 0.012, 0.002, -0.308
12.409, 0.014, 0.000, -0.309
12.425, 0.011, -0.002, -0.307
12.442, 0.015, -0.005, -0.308
12.459, 0.011, -0.002, -0.306
12.475, 0.016, -0.005, -0.309
12.492, 0.012, -0.002, -0.307
12.509, 0.012, -0.002, -0.307
12.525, 0.011, 0.003, -0.309
12.542, 0.012, -0.002, -0.307
12.559, 0.012, -0.002, -0.307
12.575, 0.012, 0.002, -0.308
12.591, 0.011, 0.002, -0.308
12.609, 0.012, -0.002, -0.307
12.625, 0.012, -0.008, -0.307
12.642, 0.015, -0.001, -0.309
12.658, 0.012, -0.002, -0.306
12.676, 0.012, -0.006, -0.307
12.692, 0.011, -0.001, -0.307
12.708, 0.015, -0.005, -0.308
12.725, 0.011, -0.003, -0.309
12.742, 0.012, -0.003, -0.307
12.758, 0.012, -0.006, -0.307
12.775, 0.011, -0.003, -0.308
12.791, 0.012, -0.003, -0.307
12.808, 0.013, 0.001, -0.309
12.825, 0.012, -0.002, -0.307
12.842, 0.012, -0.003, -0.309
12.858, 0.012, 0.002, -0.309
12.875, 0.011, -0.001, -0.307
12.892, 0.011, -0.004, -0.307
12.908, 0.012, -0.002, -0.307
12.925, 0.012, 0.002, -0.309
12.941, 0.013, -0.006, -0.307
12.958, 0.015, -0.005, -0.308
12.975, 0.011, 0.001, -0.308
12.992, 0.012, -0.002, -0.306
13.008, 0.011, -0.004, -0.308
13.025, 0.015, -0.005, -0.308
13.041, 0.011, -0.001, -0.307
13.058, 0.016, -0.001, -0.310
13.075, 0.012, -0.002, -0.307
13.092, 0.014, -0.002, -0.310
13.108, 0.012, 0.002, -0.309
13.125, 0.016, -0.005, -0.308
13.142, 0.012, -0.003, -0.309
13.158, 0.011, -0.003, -0.307
13.175, 0.012, -0.003, -0.308
13.192, 0.012, -0.003, -0.309
13.208, 0.012, -0.003, -0.307
13.227, 0.012, -0.002, -0.307
13.241, 0.012, -0.002, -0.307
13.258, 0.011, -0.002, -0.307
13.275, 0.012, -0.003, -0.309
13.291, 0.011, 0.002, -0.308
13.308, 0.012, -0.002, -0.307
13.325, 0.012, -0.003, -0.308
13.341, 0.011, -0.002, -0.307
13.358, 0.011, -0.003, -0.309
13.376, 0.015, -0.005, -0.308
13.391, 0.011, -0.003, -0.307
13.409, 0.011, -0.004, -0.309
13.425, 0.012, 0.002, -0.308
13.442, 0.009, 0.001, -0.307
13.458, 0.012, -0.003, -0.308
13.475, 0.016, -0.005, -0.308
13.492, 0.012, 0.002, -0.309
13.508, 0.012, 0.002, -0.308
13.525, 0.008, -0.006, -0.308
13.541, 0.012, -0.003, -0.307
13.558, 0.012, 0.001, -0.308
13.575, 0.013, 0.001, -0.309
13.592, 0.012, -0.006, -0.307
13.608, 0.012, 0.003, -0.309
13.625, 0.013, -0.003, -0.307
13.641, 0.012, -0.002, -0.307
13.658, 0.012, -0.003, -0.307
13.675, 0.016, -0.005, -0.308
13.691, 0.012, -0.003, -0.308
13.708, 0.009, -0.002, -0.310
13.725, 0.012, -0.002, -0.307
13.745, 0.012, 0.002, -0.308
13.758, 0.012, -0.002, -0.307
13.775, 0.012, -0.001, -0.307
13.792, 0.011, -0.002, -0.306
13.808, 0.012, -0.003, -0.307
13.825, 0.011, -0.003, -0.309
13.841, 0.012, -0.002, -0.307
13.859, 0.012, -0.002, -0.307
13.875, 0.011, -0.003, -0.308
13.893, 0.012, -0.002, -0.307
13.909, 0.012, -0.003, -0.307
13.925, 0.012, -0.006, -0.307
13.942, 0.011, 0.003, -0.309
13.958, 0.012, 0.001, -0.309
13.975, 0.011, -0.006, -0.307
13.992, 0.011, -0.004, -0.308
14.009, 0.012, -0.006, -0.307
14.025, 0.011, -0.002, -0.307
14.042, 0.011, -0.002, -0.307
14.058, 0.011, -0.006, -0.307
14.075, 0.011, -0.002, -0.306
14.092, 0.011, -0.006, -0.307
14.109, 0.011, -0.005, -0.307
14.125, 0.012, -0.003, -0.307
14.142, 0.008, 0.001, -0.306
14.160, 0.011, -0.003, -0.309
14.175, 0.012, -0.001, -0.307
14.192, 0.012, -0.004, -0.308
14.208, 0.012, 0.002, -0.309
14.225, 0.011, -0.001, -0.307
14.242, 0.011, -0.002, -0.309
14.258, 0.011, -0.002, -0.308
14.275, 0.012, -0.002, -0.307
14.292, 0.012, 0.001, -0.308
14.308, 0.011, -0.002, -0.307
14.326, 0.013, -0.002, -0.307
14.342, 0.012, 0.001, -0.308
14.359, 0.012, -0.002, -0.307
14.375, 0.012, 0.002, -0.308
14.392, 0.011, -0.001, -0.307
14.408, 0.012, -0.002, -0.307
14.425, 0.015, -0.005, -0.309
14.442, 0.012, -0.002, -0.307
14.458, 0.011, -0.004, -0.307
14.475, 0.012, -0.007, -0.307
14.492, 0.013, -0.003, -0.307
14.508, 0.012, 0.002, -0.309
14.525, 0.012, -0.006, -0.307
14.542, 0.013, -0.003, -0.307
14.559, 0.012, -0.003, -0.309
14.578, 0.012, -0.006, -0.307
14.592, 0.012, -0.003, -0.307
14.608, 0.012, -0.002, -0.307
14.625, 0.015, -0.007, -0.310
14.642, 0.013, -0.003, -0.307
14.659, 0.012, -0.006, -0.307
14.675, 0.012, -0.003, -0.309
14.692, 0.011, -0.002, -0.307
14.708, 0.012, -0.003, -0.308
14.725, 0.012, -0.002, -0.307
14.742, 0.016, -0.005, -0.308
14.758, 0.012, 0.002, -0.308
14.775, 0.013, -0.003, -0.307
14.792, 0.012, -0.003, -0.309
14.808, 0.013, -0.003, -0.307
14.825, 0.013, -0.003, -0.307
14.842, 0.012, 0.002, -0.309
14.858, 0.012, -0.002, -0.307
14.875, 0.011, -0.002, -0.307
14.892, 0.011, 0.001, -0.308
14.908, 0.012, -0.002, -0.306
14.925, 0.012, -0.007, -0.307
14.942, 0.012, 0.002, -0.309
14.958, 0.012, -0.002, -0.307
14.975, 0.012, -0.004, -0.309
14.992, 0.012, -0.002, -0.307
15.008, 0.013, -0.003, -0.307
15.025, 0.012, -0.003, -0.309
15.042, 0.013, -0.003, -0.307
15.058, 0.012, -0.003, -0.306
15.075, 0.012, 0.002, -0.308
15.092, 0.012, -0.003, -0.307
15.108, 0.012, -0.003, -0.306
15.125, 0.012, -0.002, -0.307
15.142, 0.015, -0.002, -0.309
15.158, 0.012, -0.007, -0.307
15.175, 0.012, -0.003, -0.307
15.192, 0.006, 0.002, -0.307
15.208, 0.012, -0.006, -0.307
15.225, 0.012, 0.001, -0.309
15.242, 0.012, -0.002, -0.307
15.259, 0.012, -0.003, -0.308
15.275, 0.009, -0.007, -0.308
15.292, 0.012, -0.002, -0.307
15.308, 0.012, -0.004, -0.309
15.325, 0.009, 0.000, -0.306
15.342, 0.012, 0.002, -0.308
15.358, 0.011, -0.003, -0.308
15.375, 0.011, -0.001, -0.307
15.392, 0.012, -0.003, -0.308
15.408, 0.012, -0.003, -0.307
15.425, 0.012, -0.003, -0.307
15.442, 0.012, -0.003, -0.307
15.458, 0.012, 0.002, -0.308
15.475, 0.011, -0.003, -0.307
15.492, 0.012, -0.002, -0.307
15.508, 0.009, -0.007, -0.308
15.525, 0.012, -0.007, -0.307
15.542, 0.012, -0.002, -0.307
15.558, 0.012, -0.003, -0.307
15.575, 0.012, -0.006, -0.307
15.592, 0.011, 0.002, -0.308
15.608, 0.012, -0.003, -0.307
15.625, 0.012, -0.003, -0.308
15.642, 0.011, -0.002, -0.307
15.658, 0.010, -0.003, -0.308
15.675, 0.012, -0.002, -0.307
15.692, 0.012, -0.006, -0.307
15.708, 0.012, -0.003, -0.308
15.725, 0.012, -0.002, -0.307
15.741, 0.012, -0.002, -0.307
15.759, 0.012, -0.006, -0.307
15.775, 0.011, 0.002, -0.309
15.791, 0.012, -0.006, -0.307
15.808, 0.012, -0.002, -0.307
15.825, 0.011, -0.004, -0.309
15.841, 0.012, -0.002, -0.307
15.858, 0.011, 0.002, -0.309
15.875, 0.013, -0.003, -0.307
15.892, 0.012, -0.002, -0.308
15.908, 0.012, -0.003, -0.309
15.926, 0.009, 0.001, -0.307
15.941, 0.012, -0.003, -0.309
15.958, 0.011, -0.004, -0.307
15.975, 0.012, -0.003, -0.309
15.991, 0.012, -0.003, -0.309
16.008, 0.012, -0.003, -0.308
16.025, 0.015, -0.006, -0.308
16.041, 0.011, -0.003, -0.308
16.058, 0.012, -0.002, -0.306
16.075, 0.012, -0.003, -0.307
16.092, 0.012, 0.002, -0.308
16.109, 0.012, 0.002, -0.309
16.125, 0.013, -0.003, -0.307
16.141, 0.012, -0.003, -0.307
16.158, 0.012, -0.002, -0.307
16.175, 0.012, -0.004, -0.308
16.191, 0.012, -0.002, -0.307
16.208, 0.011, -0.003, -0.307
16.225, 0.012, -0.003, -0.308
16.241, 0.012, -0.002, -0.307
16.258, 0.012, -0.002, -0.307
16.275, 0.012, -0.006, -0.307
16.291, 0.011, -0.002, -0.307
16.309, 0.012, -0.007, -0.307
16.325, 0.012, -0.002, -0.307
16.341, 0.012, -0.003, -0.307
16.359, 0.011, -0.001, -0.307
16.375, 0.008, -0.002, -0.309
16.392, 0.012, -0.006, -0.307
16.408, 0.012, -0.006, -0.307
16.425, 0.012, 0.001, -0.309
16.441, 0.012, -0.003, -0.309
16.458, 0.012, -0.003, -0.308
16.475, 0.012, -0.003, -0.307
16.491, 0.013, -0.004, -0.309
16.508, 0.012, -0.002, -0.307
16.525, 0.012, -0.002, -0.307
16.544, 0.014, -0.005, -0.307
16.558, 0.011, -0.002, -0.309
16.575, 0.011, -0.003, -0.307
16.591, 0.011, -0.002, -0.307
16.608, 0.011, -0.002, -0.307
16.625, 0.011, -0.002, -0.307
16.641, 0.011, 0.002, -0.309
16.658, 0.011, -0.003, -0.308
16.675, 0.016, -0.005, -0.308
16.692, 0.011, -0.003, -0.306
16.708, 0.009, -0.006, -0.308
16.725, 0.011, -0.003, -0.307
16.742, 0.012, -0.002, -0.307
16.758, 0.011, -0.007, -0.307
16.775, 0.012, -0.002, -0.309
16.791, 0.012, -0.002, -0.307
16.808, 0.012, -0.003, -0.307
16.825, 0.012, -0.003, -0.308
16.842, 0.013, -0.003, -0.307
16.858, 0.011, -0.003, -0.309
16.875, 0.012, -0.002, -0.307
16.891, 0.012, -0.003, -0.308
16.909, 0.012, 0.002, -0.308
16.925, 0.010, -0.003, -0.307
16.942, 0.012, -0.001, -0.307
16.958, 0.012, -0.002, -0.307
16.975, 0.012, -0.003, -0.308
16.992, 0.012, -0.001, -0.307
17.009, 0.011, -0.006, -0.307
17.025, 0.013, -0.003, -0.307
17.042, 0.015, -0.006, -0.310
17.058, 0.037, -0.019, -0.320
17.075, 0.011, -0.002, -0.307
17.091, 0.011, -0.005, -0.308
17.108, 0.012, -0.003, -0.309
17.125, 0.012, -0.002, -0.307
17.142, 0.012, -0.006, -0.307
17.158, 0.011, -0.003, -0.307
17.175, 0.012, -0.003, -0.307
17.192, 0.012, -0.002, -0.307
17.208, 0.012, -0.003, -0.307
17.225, 0.012, -0.002, -0.307
17.242, 0.011, -0.002, -0.309
17.258, 0.013, -0.002, -0.307
17.275, 0.012, -0.003, -0.308
17.292, 0.012, -0.002, -0.307
17.309, 0.012, -0.002, -0.307
17.325, 0.012, -0.002, -0.307
17.343, 0.013, -0.003, -0.307
17.358, 0.012, -0.003, -0.307
17.375, 0.011, -0.006, -0.307
17.392, 0.012, 0.002, -0.309
17.408, 0.012, -0.003, -0.307
17.425, 0.014, -0.004, -0.308
17.442, 0.012, -0.004, -0.307
17.458, 0.012, -0.002, -0.307
17.475, 0.012, 0.002, -0.308
17.491, 0.014, -0.004, -0.307
17.508, 0.012, -0.003, -0.307
17.525, 0.012, -0.008, -0.307
17.542, 0.011, -0.001, -0.307
17.558, 0.011, 0.003, -0.308
17.575, 0.016, -0.005, -0.308
17.592, 0.011, -0.001, -0.307
17.609, 0.011, -0.004, -0.309
17.625, 0.012, -0.002, -0.307
17.642, 0.012, -0.003, -0.308
17.658, 0.012, -0.003, -0.308
17.675, 0.013, -0.003, -0.307
17.691, 0.012, -0.003, -0.309
17.708, 0.013, -0.003, -0.308
17.726, 0.012, -0.003, -0.307
17.742, 0.011, -0.004, -0.308
17.758, 0.012, -0.006, -0.307
17.775, 0.011, -0.001, -0.307
17.792, 0.012, -0.004, -0.309
17.808, 0.012, -0.002, -0.307
17.825, 0.010, -0.007, -0.307
17.842, 0.012, -0.004, -0.307
17.859, 0.011, -0.003, -0.307
17.875, 0.012, -0.004, -0.309
17.891, 0.010, -0.004, -0.307
17.908, 0.012, -0.003, -0.308
17.925, 0.012, -0.002, -0.309
17.942, 0.016, -0.007, -0.308
17.958, 0.012, -0.003, -0.307
17.975, 0.012, -0.005, -0.307
17.992, 0.012, -0.003, -0.307
18.008, 0.012, -0.007, -0.308
18.025, 0.011, -0.004, -0.309
18.042, 0.012, -0.004, -0.308
18.059, 0.010, -0.007, -0.307
18.075, 0.011, 0.002, -0.309
18.092, 0.011, -0.007, -0.307
18.108, 0.013, -0.002, -0.307
18.125, 0.011, -0.006, -0.308
18.142, 0.015, -0.001, -0.310
18.158, 0.012, 0.001, -0.309
18.175, 0.013, -0.004, -0.307
18.192, 0.010, 0.002, -0.309
18.208, 0.011, -0.004, -0.309
18.225, 0.012, -0.003, -0.307
18.242, 0.010, -0.004, -0.309
18.259, 0.012, -0.007, -0.307
18.275, 0.011, -0.003, -0.307
18.292, 0.012, -0.003, -0.309
18.308, 0.010, -0.008, -0.307
18.325, 0.016, -0.006, -0.308
18.342, 0.012, -0.002, -0.307
18.358, 0.012, -0.003, -0.307
18.375, 0.011, -0.003, -0.307
18.392, 0.010, -0.004, -0.307
18.408, 0.012, -0.004, -0.307
18.425, 0.012, -0.007, -0.307
18.442, 0.011, -0.003, -0.307
18.458, 0.011, -0.002, -0.307
18.475, 0.011, -0.004, -0.309
18.491, 0.011, -0.004, -0.307
18.508, 0.012, -0.003, -0.307
18.526, 0.011, -0.003, -0.308
18.541, 0.011, -0.003, -0.307
18.558, 0.012, -0.004, -0.307
18.575, 0.011, -0.007, -0.307
18.592, 0.012, 0.000, -0.309
18.608, 0.011, -0.002, -0.307
18.625, 0.013, -0.002, -0.307
18.644, 0.010, -0.008, -0.307
18.658, 0.012, -0.003, -0.309
18.675, 0.011, -0.004, -0.308
18.691, 0.012, -0.004, -0.307
18.708, 0.012, -0.007, -0.307
18.725, 0.011, 0.001, -0.308
18.744, 0.009, 0.001, -0.307
18.758, 0.011, -0.005, -0.309
18.775, 0.012, -0.002, -0.307
18.792, 0.012, -0.004, -0.309
18.809, 0.012, 0.001, -0.309
18.825, 0.011, -0.003, -0.307
18.842, 0.016, -0.006, -0.309
18.859, 0.012, -0.007, -0.307
18.875, 0.011, 0.001, -0.309
18.892, 0.011, -0.007, -0.307
18.909, 0.012, -0.002, -0.307
18.926, 0.012, 0.001, -0.309
18.942, 0.011, -0.007, -0.308
18.958, 0.012, -0.003, -0.307
18.975, 0.012, -0.002, -0.307
18.993, 0.011, -0.004, -0.309
19.009, 0.012, 0.000, -0.309
19.025, 0.008, -0.004, -0.307
19.042, 0.013, 0.000, -0.308
19.059, 0.012, -0.004, -0.307
19.075, 0.011, -0.007, -0.307
19.092, 0.014, -0.008, -0.308
19.109, 0.012, -0.004, -0.307
19.126, 0.011, -0.009, -0.307
19.142, 0.012, -0.003, -0.307
19.158, 0.012, -0.007, -0.307
19.175, 0.010, -0.005, -0.308
19.192, 0.013, -0.007, -0.307
19.209, 0.012, -0.008, -0.307
19.225, 0.012, -0.004, -0.306
19.242, 0.011, -0.004, -0.306
19.259, 0.012, -0.002, -0.307
19.275, 0.012, -0.004, -0.308
19.292, 0.011, -0.003, -0.307
19.309, 0.012, -0.004, -0.308
19.326, 0.012, -0.004, -0.307
19.342, 0.011, -0.004, -0.309
19.359, 0.012, -0.004, -0.309
19.375, 0.012, -0.004, -0.307
19.393, 0.011, -0.007, -0.307
19.408, 0.012, -0.004, -0.309
19.425, 0.015, -0.006, -0.308
19.442, 0.012, -0.007, -0.307
19.459, 0.012, -0.004, -0.307
19.475, 0.013, -0.004, -0.307
19.492, 0.012, 0.001, -0.308
19.509, 0.012, -0.003, -0.307
19.525, 0.017, -0.007, -0.309
19.542, 0.012, -0.003, -0.306
19.559, 0.011, 0.001, -0.308
19.576, 0.013, -0.008, -0.307
19.592, 0.011, 0.000, -0.309
19.608, 0.016, -0.007, -0.308
19.625, 0.012, -0.008, -0.307
19.642, 0.013, -0.004, -0.307
19.659, 0.014, -0.008, -0.307
19.675, 0.015, -0.010, -0.308
19.692, 0.017, -0.012, -0.308
19.709, 0.016, -0.008, -0.309
19.726, 0.011, 0.000, -0.308
19.742, 0.013, -0.004, -0.307
19.759, 0.012, -0.006, -0.307
19.775, 0.037, -0.022, -0.318
19.793, 0.012, -0.004, -0.306
19.809, 0.036, -0.024, -0.318
19.825, 0.013, -0.007, -0.307
19.842, 0.005, 0.003, -0.307
19.859, 0.011, -0.006, -0.305
19.876, 0.013, -0.003, -0.306
19.892, 0.012, -0.005, -0.303
19.909, 0.012, -0.006, -0.304
19.926, 0.006, -0.006, -0.301
19.942, 0.007, -0.003, -0.299
19.959, 0.007, -0.007, -0.298
19.976, 0.004, -0.003, -0.299
19.993, 0.004, -0.003, -0.298
20.009, 0.003, -0.002, -0.300
20.025, 0.004, 0.001, -0.297
20.042, 0.003, -0.002, -0.298
20.059, 0.007, -0.003, -0.296
20.075, 0.005, 0.000, -0.298
20.092, 0.003, 0.001, -0.299
20.109, 0.003, 0.004, -0.299
20.126, 0.006, -0.001, -0.297
20.142, 0.002, 0.001, -0.300
20.159, 0.005, -0.000, -0.298
20.176, 0.006, -0.004, -0.297
20.193, 0.003, 0.003, -0.297
20.209, 0.005, 0.001, -0.297
20.226, 0.005, -0.005, -0.298
20.242, 0.003, 0.002, -0.299
20.260, 0.005, 0.001, -0.297
20.276, 0.005, -0.001, -0.295
20.292, 0.006, 0.001, -0.295
20.309, 0.003, -0.005, -0.296
20.326, 0.003, 0.002, -0.296
20.342, 0.004, -0.002, -0.297
20.359, 0.005, -0.002, -0.295
20.375, 0.006, -0.000, -0.297
20.393, 0.008, -0.001, -0.296
20.409, 0.007, -0.001, -0.296
20.426, 0.006, -0.002, -0.301
20.442, 0.004, -0.004, -0.298
20.459, 0.007, -0.003, -0.296
20.475, 0.012, -0.009, -0.295
20.492, 0.006, 0.001, -0.294
20.509, 0.032, -0.028, -0.300
20.526, 0.014, -0.007, -0.292
20.542, 0.014, -0.009, -0.291
20.559, 0.016, -0.013, -0.290
20.576, 0.013, -0.007, -0.286
20.593, 0.012, -0.011, -0.281
20.609, 0.013, -0.011, -0.279
20.625, 0.015, -0.018, -0.279
20.642, 0.017, -0.022, -0.276
20.660, 0.024, -0.028, -0.274
20.676, 0.026, -0.024, -0.272
20.692, 0.025, -0.017, -0.264
20.709, 0.021, -0.020, -0.262
20.725, 0.012, -0.019, -0.258
20.742, 0.003, -0.015, -0.258
20.759, 0.011, -0.019, -0.254
20.775, 0.017, -0.025, -0.253
20.792, 0.021, -0.029, -0.252
20.809, 0.021, -0.028, -0.251
20.825, 0.006, -0.029, -0.251
20.842, 0.014, -0.024, -0.243
20.859, 0.011, -0.025, -0.242
20.875, 0.015, -0.028, -0.243
20.892, 0.023, -0.024, -0.242
20.909, 0.021, -0.017, -0.240
20.926, 0.014, -0.016, -0.240
20.942, -0.001, -0.008, -0.236
20.958, -0.062, 0.042, -0.248
20.975, 0.005, -0.009, -0.234
20.992, 0.020, -0.007, -0.235
21.009, 0.015, -0.007, -0.237
21.025, 0.017, -0.007, -0.239
21.042, 0.022, -0.013, -0.236
21.059, 0.012, -0.015, -0.237
21.075, 0.006, -0.010, -0.245
21.092, 0.006, -0.015, -0.250
21.108, 0.027, -0.027, -0.243
21.125, 0.022, -0.004, -0.254
21.142, 0.030, 0.002, -0.260
21.159, 0.014, 0.004, -0.263
21.175, 0.017, -0.006, -0.262
21.192, -0.012, -0.009, -0.267
21.209, -0.011, -0.020, -0.265
21.225, -0.023, -0.019, -0.267
21.242, -0.047, -0.021, -0.259
21.259, -0.028, -0.025, -0.259
21.275, -0.046, -0.027, -0.256
21.292, -0.060, -0.025, -0.248
21.308, -0.050, -0.041, -0.238
21.325, -0.077, -0.042, -0.235
21.342, -0.087, -0.037, -0.227
21.359, -0.085, -0.047, -0.222
21.375, -0.095, -0.042, -0.213
21.392, -0.074, -0.055, -0.197
21.408, -0.087, -0.048, -0.198
21.425, -0.079, -0.051, -0.187
21.442, -0.091, -0.047, -0.177
21.458, -0.079, -0.056, -0.168
21.475, -0.075, -0.069, -0.154
21.492, -0.092, -0.047, -0.147
21.508, -0.077, -0.050, -0.141
21.525, -0.082, -0.052, -0.132
21.541, -0.080, -0.042, -0.121
21.558, -0.077, -0.038, -0.115
21.578, -0.060, -0.050, -0.106
21.592, -0.068, -0.044, -0.095
21.608, -0.073, -0.033, -0.094
21.625, -0.053, -0.040, -0.084
21.641, -0.056, -0.038, -0.073
21.658, -0.048, -0.026, -0.072
21.675, -0.048, -0.015, -0.066
21.691, -0.039, -0.014, -0.056
21.708, -0.042, -0.022, -0.052
21.725, -0.025, -0.010, -0.046
21.741, -0.016, -0.012, -0.040
21.758, 0.008, -0.014, -0.031
21.775, -0.005, -0.004, -0.031
21.792, 0.003, -0.001, -0.025
21.808, 0.006, -0.006, -0.021
21.825, 0.010, 0.004, -0.016
21.842, 0.013, 0.008, -0.019
21.859, 0.024, 0.021, -0.015
21.875, 0.030, 0.004, -0.013
21.891, 0.035, 0.026, -0.013
21.908, 0.032, 0.016, -0.008
21.925, 0.040, 0.015, -0.006
21.941, 0.057, 0.015, -0.005
21.958, 0.052, 0.038, -0.010
21.975, 0.055, 0.020, -0.007
21.992, 0.058, 0.032, -0.008
22.008, 0.054, 0.028, -0.009
22.025, 0.055, 0.043, -0.012
22.041, 0.062, 0.034, -0.008
22.058, 0.057, 0.040, -0.013
22.075, 0.065, 0.052, -0.014
22.092, 0.066, 0.035, -0.014
22.108, 0.066, 0.042, -0.017
22.125, 0.067, 0.041, -0.013
22.141, 0.077, 0.033, -0.015
22.158, 0.069, 0.046, -0.017
22.175, 0.080, 0.036, -0.017
22.191, 0.095, 0.033, -0.017
22.208, 0.078, 0.045, -0.020
22.225, 0.068, 0.028, -0.020
22.241, 0.074, 0.037, -0.019
22.258, 0.080, 0.041, -0.023
22.275, 0.075, 0.037, -0.022
22.291, 0.075, 0.037, -0.021
22.308, 0.068, 0.031, -0.025
22.325, 0.087, 0.014, -0.019
22.342, 0.063, 0.045, -0.026
22.358, 0.072, 0.041, -0.025
22.375, 0.067, 0.040, -0.026
22.392, 0.054, 0.032, -0.025
22.408, 0.065, 0.027, -0.022
22.425, 0.053, 0.015, -0.022
22.442, 0.059, 0.033, -0.024
22.458, 0.053, 0.024, -0.025
22.475, 0.043, 0.025, -0.026
22.491, 0.044, 0.007, -0.023
22.508, 0.049, 0.027, -0.025
22.525, 0.041, 0.015, -0.026
22.541, 0.049, 0.020, -0.027
22.559, 0.039, 0.010, -0.026
22.575, 0.042, 0.021, -0.027
22.591, 0.053, 0.006, -0.023
22.608, 0.031, 0.009, -0.026
22.625, 0.039, 0.013, -0.024
22.641, 0.030, 0.001, -0.024
22.658, 0.027, -0.013, -0.019
22.675, 0.027, -0.000, -0.023
22.691, 0.029, 0.006, -0.020
22.708, 0.025, 0.008, -0.019
22.725, 0.027, -0.013, -0.016
22.741, 0.014, -0.007, -0.019
22.758, 0.011, -0.007, -0.018
22.775, 0.018, -0.007, -0.016
22.791, 0.006, -0.004, -0.016
22.808, 0.009, -0.002, -0.015
22.825, 0.004, -0.011, -0.010
22.841, 0.001, -0.005, -0.016
22.858, 0.001, -0.006, -0.016
22.875, -0.003, -0.009, -0.016
22.891, -0.002, -0.007, -0.014
22.908, -0.000, -0.020, -0.011
22.925, -0.007, -0.002, -0.015
22.941, -0.013, -0.007, -0.017
22.958, -0.003, -0.011, -0.013
22.975, -0.012, -0.002, -0.016
22.991, -0.013, -0.004, -0.015
23.008, -0.007, 0.007, -0.016
23.025, -0.010, -0.007, -0.013
23.042, -0.011, 0.004, -0.016
23.058, -0.020, 0.001, -0.015
23.075, -0.017, 0.002, -0.017
23.091, -0.007, 0.009, -0.018
23.108, -0.015, 0.006, -0.018
23.125, -0.015, 0.000, -0.019
23.141, -0.006, 0.012, -0.019
23.158, -0.013, 0.009, -0.019
23.175, -0.012, 0.009, -0.019
23.192, -0.009, 0.015, -0.019
23.208, -0.016, 0.009, -0.020
23.225, -0.010, 0.006, -0.020
23.241, -0.020, 0.009, -0.018
23.258, -0.011, 0.009, -0.019
23.275, -0.013, 0.005, -0.020
23.292, -0.009, 0.008, -0.020
23.308, -0.007, -0.000, -0.021
23.325, -0.005, 0.005, -0.019
23.342, -0.008, 0.007, -0.023
23.358, -0.007, 0.016, -0.023
23.375, -0.008, 0.009, -0.022
23.392, 0.004, 0.014, -0.022
23.408, -0.005, 0.010, -0.023
23.425, -0.008, 0.018, -0.025
23.442, 0.003, 0.008, -0.025
23.458, 0.018, 0.009, -0.024
23.475, 0.001, 0.013, -0.028
23.492, 0.005, 0.006, -0.025
23.508, 0.002, 0.001, -0.023
23.525, 0.011, 0.012, -0.028
23.542, 0.012, 0.019, -0.028
23.558, 0.012, 0.005, -0.023
23.575, 0.013, 0.011, -0.027
23.592, 0.017, 0.015, -0.026
23.608, 0.022, 0.025, -0.024
23.625, 0.020, 0.010, -0.025
23.641, 0.024, 0.018, -0.022
23.658, 0.022, 0.019, -0.021
23.675, 0.026, 0.014, -0.017
23.691, 0.016, 0.019, -0.016
23.708, 0.021, 0.018, -0.017
23.725, 0.022, 0.014, -0.017
23.741, 0.021, 0.015, -0.015
23.758, 0.021, 0.014, -0.014
23.775, 0.026, 0.022, -0.012
23.791, 0.017, 0.016, -0.011
23.808, 0.017, 0.015, -0.011
23.825, 0.016, 0.014, -0.010
23.841, 0.016, 0.009, -0.009
23.858, 0.022, 0.016, -0.008
23.875, 0.015, 0.006, -0.006
23.891, 0.021, 0.016, -0.003
23.909, 0.014, 0.006, -0.001
23.925, 0.010, 0.006, 0.003
23.941, 0.012, 0.005, 0.006
23.958, 0.005, 0.005, 0.006
23.975, 0.003, 0.005, 0.008
23.992, 0.003, 0.005, 0.009
24.008, 0.002, 0.005, 0.010
24.025, 0.007, -0.008, 0.016
24.042, 0.006, -0.010, 0.017
24.059, 0.011, 0.001, 0.019
24.075, 0.000, 0.009, 0.017
24.092, 0.008, 0.013, 0.018
24.108, 0.005, 0.018, 0.018
24.125, -0.002, 0.007, 0.022
24.142, -0.003, 0.005, 0.024
24.158, -0.004, 0.008, 0.022
24.175, -0.002, 0.005, 0.026
24.192, 0.001, 0.011, 0.027
24.209, 0.003, 0.016, 0.027
24.225, -0.001, 0.012, 0.027
24.242, -0.000, 0.002, 0.030
24.258, -0.002, -0.000, 0.030
24.275, -0.005, -0.000, 0.032
24.292, -0.003, 0.010, 0.032
24.309, -0.008, 0.014, 0.034
24.326, 0.001, 0.014, 0.033
24.342, 0.002, 0.019, 0.034
24.358, 0.003, 0.020, 0.034
24.375, 0.003, 0.021, 0.034
24.393, -0.003, 0.017, 0.035
24.409, -0.005, 0.019, 0.035
24.425, -0.006, 0.020, 0.034
24.442, -0.002, 0.020, 0.033
24.459, -0.004, 0.020, 0.033
24.475, -0.002, 0.020, 0.033
24.492, -0.005, 0.006, 0.033
24.508, -0.006, 0.018, 0.029
24.525, -0.005, 0.021, 0.028
24.542, 0.002, 0.025, 0.027
24.558, 0.004, 0.028, 0.026
24.575, -0.004, 0.018, 0.023
24.592, -0.003, 0.017, 0.020
24.608, 0.000, 0.020, 0.020
24.625, -0.004, 0.017, 0.017
24.642, -0.003, 0.013, 0.014
24.658, -0.008, 0.018, 0.014
24.675, 0.002, 0.018, 0.012
24.691, 0.001, 0.020, 0.006
24.708, 0.006, 0.025, 0.005
24.725, -0.007, 0.016, 0.001
24.742, 0.003, 0.014, 0.002
24.759, -0.002, 0.021, -0.002
24.775, 0.002, 0.019, -0.007
24.792, -0.003, 0.015, -0.011
24.808, -0.001, 0.015, -0.014
24.825, 0.001, 0.021, -0.018
24.842, 0.008, 0.026, -0.021
24.859, 0.008, 0.027, -0.022
24.875, 0.014, 0.024, -0.028
24.892, 0.010, 0.019, -0.033
24.908, 0.006, 0.019, -0.035
24.926, 0.007, 0.017, -0.036
24.942, 0.008, 0.018, -0.040
24.958, 0.008, 0.016, -0.041
24.975, 0.005, 0.020, -0.041
24.993, 0.010, 0.019, -0.044
25.008, 0.014, 0.018, -0.046
25.025, 0.020, 0.017, -0.049
25.042, 0.019, 0.022, -0.050
25.059, 0.015, 0.013, -0.052
25.075, 0.017, 0.017, -0.052
25.092, 0.017, 0.006, -0.051
25.109, 0.017, 0.004, -0.051
25.126, 0.019, 0.017, -0.054
25.142, 0.026, 0.020, -0.054
25.159, 0.025, 0.023, -0.053
25.175, 0.026, 0.019, -0.052
25.192, 0.018, 0.012, -0.053
25.209, 0.024, 0.011, -0.051
25.225, 0.021, 0.010, -0.050
25.242, 0.023, 0.013, -0.048
25.259, 0.024, 0.014, -0.048
25.275, 0.026, 0.014, -0.047
25.292, 0.026, 0.006, -0.048
25.309, 0.021, 0.003, -0.047
25.326, 0.021, 0.010, -0.047
25.342, 0.017, 0.008, -0.047
25.359, 0.016, 0.007, -0.047
25.375, 0.016, 0.004, -0.047
25.392, 0.017, 0.001, -0.046
25.408, 0.018, 0.000, -0.046
25.425, 0.022, 0.008, -0.047
25.443, 0.026, -0.005, -0.043
25.459, 0.026, -0.006, -0.043
25.475, 0.017, 0.002, -0.045
25.492, 0.015, -0.000, -0.044
25.509, 0.025, 0.008, -0.043
25.526, 0.013, 0.001, -0.043
25.542, 0.015, 0.002, -0.040
25.559, 0.012, -0.016, -0.036
25.575, 0.013, -0.002, -0.037
25.592, 0.011, 0.003, -0.036
25.608, 0.006, 0.004, -0.036
25.625, 0.016, 0.004, -0.034
25.642, 0.012, 0.008, -0.031
25.658, 0.007, -0.002, -0.028
25.675, 0.003, 0.004, -0.027
25.692, 0.008, -0.009, -0.021
25.709, 0.006, -0.009, -0.020
25.725, 0.006, -0.008, -0.021
25.742, -0.005, -0.016, -0.015
25.759, -0.000, -0.007, -0.013
25.775, -0.001, 0.001, -0.014
25.792, -0.013, 0.001, -0.014
25.809, -0.003, 0.003, -0.011
25.825, -0.006, 0.007, -0.008
25.842, -0.017, -0.006, -0.004
25.859, -0.015, -0.004, -0.001
25.875, -0.020, -0.005, -0.002
25.892, -0.019, -0.008, 0.001
25.908, -0.020, -0.004, 0.001
25.925, -0.021, -0.006, 0.004
25.942, -0.021, 0.005, 0.007
25.958, -0.021, 0.004, 0.007
25.977, -0.027, -0.004, 0.009
25.992, -0.025, -0.004, 0.009
26.008, -0.026, -0.017, 0.013
26.025, -0.030, -0.003, 0.012
26.041, -0.026, -0.002, 0.012
26.059, -0.026, -0.003, 0.013
26.075, -0.015, 0.007, 0.012
26.091, -0.012, 0.002, 0.013
26.108, -0.014, -0.000, 0.013
26.125, -0.010, 0.001, 0.014
26.141, 0.003, 0.012, 0.015
26.158, 0.012, 0.021, 0.016
26.175, 0.022, 0.031, 0.016
26.194, 0.045, 0.041, 0.019
26.208, 0.052, 0.043, 0.019
26.225, 0.046, 0.049, 0.018
26.241, 0.040, 0.040, 0.020
26.258, 0.043, 0.055, 0.018
26.275, 0.059, 0.061, 0.020
26.292, 0.058, 0.063, 0.016
26.308, 0.053, 0.066, 0.019
26.325, 0.063, 0.063, 0.021
26.341, 0.070, 0.066, 0.020
26.358, 0.066, 0.073, 0.021
26.375, 0.068, 0.061, 0.020
26.391, 0.067, 0.072, 0.017
26.408, 0.068, 0.051, 0.020
26.425, 0.066, 0.081, 0.019
26.441, 0.078, 0.065, 0.015
26.458, 0.069, 0.071, 0.017
26.475, 0.075, 0.060, 0.018
26.491, 0.070, 0.059, 0.015
26.508, 0.081, 0.057, 0.015
26.525, 0.067, 0.065, 0.011
26.541, 0.066, 0.064, 0.009
26.558, 0.061, 0.066, 0.007
26.575, 0.059, 0.057, 0.007
26.591, 0.064, 0.063, 0.005
26.608, 0.065, 0.054, 0.007
26.625, 0.058, 0.057, 0.001
26.641, 0.066, 0.047, 0.000
26.662, 0.055, 0.038, 0.001
26.675, 0.050, 0.052, -0.003
26.691, 0.050, 0.042, -0.006
26.708, 0.048, 0.034, -0.007
26.728, 0.054, 0.038, -0.009
26.741, 0.046, 0.042, -0.012
26.758, 0.045, 0.035, -0.014
26.775, 0.048, 0.034, -0.015
26.792, 0.034, 0.021, -0.017
26.808, 0.036, 0.024, -0.020
26.825, 0.036, 0.006, -0.021
26.841, 0.037, 0.017, -0.023
26.860, 0.036, 0.009, -0.021
26.875, 0.027, 0.004, -0.024
26.891, 0.027, 0.001, -0.026
26.908, 0.029, 0.016, -0.029
26.925, 0.038, 0.001, -0.027
26.941, 0.022, 0.011, -0.031
26.958, 0.027, 0.007, -0.029
26.975, 0.025, 0.012, -0.031
26.991, 0.025, 0.009, -0.032
27.008, 0.021, 0.019, -0.034
27.025, 0.017, 0.016, -0.032
27.041, 0.018, 0.006, -0.031
27.058, 0.020, 0.004, -0.027
27.075, 0.017, -0.002, -0.028
27.091, 0.015, 0.009, -0.030
27.108, 0.011, 0.003, -0.031
27.125, 0.012, -0.002, -0.027
27.141, 0.014, -0.014, -0.026
27.158, 0.014, -0.015, -0.025
27.175, 0.014, -0.016, -0.028
27.191, 0.020, -0.011, -0.029
27.208, 0.013, -0.018, -0.028
27.225, 0.017, -0.015, -0.028
27.241, 0.016, -0.014, -0.028
27.258, 0.015, -0.016, -0.030
27.275, 0.013, -0.015, -0.027
27.291, 0.014, -0.014, -0.027
27.308, 0.015, -0.002, -0.030
27.325, 0.017, -0.013, -0.027
27.341, 0.018, -0.009, -0.025
27.358, 0.015, -0.000, -0.025
27.375, 0.014, -0.007, -0.024
27.391, 0.013, -0.007, -0.022
27.408, 0.013, -0.001, -0.021
27.425, 0.006, -0.012, -0.020
27.442, 0.002, 0.008, -0.016
27.458, -0.001, 0.007, -0.018
27.475, -0.002, 0.014, -0.014
27.491, -0.000, 0.020, -0.011
27.508, -0.004, 0.016, -0.013
27.525, -0.006, 0.015, -0.010
27.541, -0.006, 0.015, -0.008
27.558, -0.005, 0.014, -0.008
27.575, -0.002, 0.015, -0.006
27.592, -0.008, 0.019, -0.008
27.608, -0.009, 0.024, -0.008
27.625, -0.009, 0.012, -0.005
27.641, -0.006, 0.024, -0.007
27.658, -0.007, 0.021, -0.009
27.675, 0.002, 0.029, -0.007
27.691, -0.003, 0.031, -0.009
27.708, -0.002, 0.023, -0.011
27.725, -0.002, 0.028, -0.012
27.741, 0.003, 0.031, -0.012
27.758, -0.000, 0.019, -0.011
27.775, 0.009, 0.028, -0.011
27.791, 0.007, 0.023, -0.011
27.808, 0.009, 0.015, -0.013
27.825, 0.011, 0.010, -0.011
27.841, 0.010, 0.019, -0.014
27.859, 0.009, 0.017, -0.011
27.875, 0.011, 0.019, -0.010
27.891, 0.017, 0.017, -0.010
27.908, 0.008, 0.011, -0.010
27.925, 0.013, 0.007, -0.009
27.941, 0.009, 0.018, -0.007
27.958, 0.003, 0.010, -0.006
27.975, 0.008, 0.019, -0.006
27.992, 0.006, 0.020, -0.005
28.008, 0.006, 0.013, -0.003
28.025, -0.001, 0.019, -0.007
28.041, -0.003, 0.022, -0.007
28.061, 0.001, 0.019, -0.005
28.075, 0.002, 0.022, -0.004
28.091, -0.001, 0.024, -0.004
28.108, 0.002, 0.002, -0.004
28.128, -0.000, 0.018, -0.009
28.141, 0.004, 0.018, -0.009
28.158, -0.000, 0.019, -0.008
28.175, 0.004, 0.011, -0.009
28.191, 0.006, 0.021, -0.008
28.208, 0.005, 0.020, -0.006
28.231, 0.005, 0.023, -0.008
28.241, -0.002, 0.025, -0.009
28.261, -0.000, 0.030, -0.009
28.275, -0.002, 0.027, -0.008
28.292, 0.006, 0.022, -0.005
28.308, 0.003, 0.024, -0.005
28.328, 0.003, 0.023, -0.003
28.341, 0.006, 0.023, -0.001
28.358, 0.004, 0.021, -0.000
28.375, 0.007, 0.021, 0.001
28.391, 0.003, 0.020, 0.003
28.408, 0.002, 0.016, 0.004
28.425, 0.005, 0.014, 0.005
28.441, -0.003, 0.016, 0.005
28.458, 0.003, 0.009, 0.007
28.475, 0.001, 0.015, 0.007
28.491, 0.005, 0.011, 0.011
28.508, 0.003, -0.007, 0.012
28.525, 0.001, 0.003, 0.011
28.542, 0.007, 0.004, 0.013
28.558, 0.002, 0.009, 0.010
28.575, 0.001, 0.002, 0.011
28.591, 0.009, 0.000, 0.013
28.608, 0.007, 0.007, 0.015
28.625, 0.003, 0.010, 0.013
28.641, 0.004, 0.007, 0.014
28.658, 0.005, -0.005, 0.016
28.675, 0.009, -0.001, 0.018
28.691, 0.004, 0.002, 0.018
28.708, 0.000, -0.001, 0.019
28.725, 0.008, -0.002, 0.020
28.741, 0.005, 0.004, 0.020
28.758, 0.003, 0.001, 0.020
28.775, 0.001, 0.000, 0.022
28.791, 0.003, -0.008, 0.023
28.808, 0.001, -0.005, 0.024
28.825, -0.003, -0.007, 0.022
28.841, -0.004, -0.004, 0.021
28.858, -0.004, -0.007, 0.021
28.875, -0.006, -0.005, 0.019
28.891, -0.000, -0.006, 0.012
28.909, 0.002, -0.004, 0.012
28.925, 0.012, -0.002, 0.010
28.941, 0.007, -0.025, 0.001
28.958, 0.008, -0.031, 0.002
28.975, 0.012, -0.043, -0.001
28.991, 0.020, -0.041, -0.006
29.008, 0.018, -0.039, -0.009
29.025, 0.019, -0.033, -0.009
29.041, 0.020, -0.041, -0.011
29.058, 0.021, -0.046, -0.014
29.075, 0.028, -0.059, -0.010
29.091, 0.013, -0.052, -0.011
29.108, 0.016, -0.061, -0.009
29.125, 0.005, -0.048, -0.008
29.141, -0.000, -0.041, -0.005
29.158, 0.001, -0.040, -0.004
29.175, 0.001, -0.041, -0.003
29.191, -0.000, -0.047, 0.002
29.208, -0.003, -0.045, 0.004
29.225, -0.010, -0.047, 0.004
29.241, -0.011, -0.038, 0.008
29.258, -0.011, -0.032, 0.009
29.275, -0.011, -0.033, 0.011
29.291, -0.013, -0.036, 0.015
29.308, -0.017, -0.028, 0.014
29.325, -0.020, -0.034, 0.016
29.341, -0.016, -0.028, 0.017
29.358, -0.017, -0.028, 0.019
29.375, -0.020, -0.020, 0.021
29.391, -0.021, -0.017, 0.022
29.409, -0.022, -0.023, 0.024
29.425, -0.022, -0.016, 0.025
29.441, -0.023, -0.018, 0.026
29.458, -0.023, -0.014, 0.026
29.475, -0.025, -0.018, 0.027
29.491, -0.024, 0.003, 0.025
29.508, -0.022, -0.004, 0.028
29.525, -0.028, 0.005, 0.027
29.543, -0.021, -0.001, 0.030
29.558, -0.027, -0.003, 0.028
29.575, -0.025, -0.000, 0.030
29.592, -0.024, -0.003, 0.030
29.608, -0.020, -0.003, 0.029
29.625, -0.016, 0.001, 0.028
29.642, -0.014, -0.002, 0.026
29.658, -0.015, 0.003, 0.027
29.675, -0.009, 0.003, 0.024
29.692, -0.010, -0.001, 0.025
29.708, -0.007, 0.002, 0.023
29.725, -0.008, -0.004, 0.023
29.742, -0.006, -0.003, 0.022
29.758, -0.009, -0.002, 0.022
29.775, -0.012, -0.002, 0.018
29.792, -0.006, 0.002, 0.018
29.809, -0.003, -0.010, 0.018
29.825, 0.001, -0.009, 0.019
29.842, -0.001, -0.004, 0.020
29.859, -0.002, -0.005, 0.016
29.875, -0.006, -0.003, 0.016
29.892, 0.004, -0.002, 0.017
29.908, 0.001, -0.004, 0.018
29.925, -0.002, -0.003, 0.015
29.942, 0.001, -0.002, 0.014
29.958, 0.006, -0.005, 0.012
29.975, 0.003, -0.003, 0.014
29.992, 0.005, -0.011, 0.012
30.008, 0.010, -0.015, 0.012
30.025, 0.005, -0.014, 0.012
30.042, 0.012, -0.014, 0.010
30.058, 0.015, -0.012, 0.008
30.075, 0.015, -0.013, 0.008
30.092, 0.014, -0.009, 0.007
30.108, 0.010, -0.010, 0.004
30.125, 0.010, -0.007, 0.006
30.142, 0.011, -0.002, 0.001
30.158, 0.011, -0.001, 0.000
30.175, 0.018, -0.007, 0.001
30.192, 0.014, -0.009, 0.001
30.209, 0.009, -0.002, -0.000
30.225, 0.014, -0.010, -0.000
30.242, 0.010, -0.003, -0.003
30.259, 0.014, -0.010, 0.001
30.275, 0.011, -0.007, 0.002
30.292, 0.010, -0.001, 0.001
30.308, 0.010, 0.001, -0.001
30.325, 0.006, -0.008, -0.001
30.342, 0.007, -0.002, -0.002
30.358, 0.008, -0.004, -0.002
30.375, 0.009, -0.004, -0.003
30.392, 0.009, -0.004, 0.000
30.408, 0.006, -0.001, -0.003
30.425, 0.004, -0.002, -0.000
30.442, 0.001, -0.002, 0.001
30.458, -0.005, 0.001, -0.000
30.475, -0.007, 0.008, -0.000
30.492, 0.002, -0.001, 0.003
30.508, -0.001, -0.002, 0.004
30.525, 0.003, -0.001, 0.005
30.542, -0.002, -0.001, 0.006
30.558, -0.005, 0.000, 0.006
30.575, -0.008, 0.000, 0.007
30.592, -0.001, 0.002, 0.007
30.608, -0.005, -0.000, 0.009
30.625, -0.001, 0.006, 0.008
30.642, -0.002, 0.002, 0.011
30.660, -0.002, 0.006, 0.007
30.675, -0.003, 0.000, 0.009
30.692, -0.002, -0.001, 0.007
30.708, -0.004, -0.000, 0.007
30.725, 0.001, -0.002, 0.005
30.742, 0.003, 0.003, 0.005
30.758, 0.004, 0.002, 0.005
30.775, 0.004, 0.007, 0.006
30.792, 0.003, 0.007, 0.004
30.808, 0.000, 0.007, 0.004
30.825, -0.002, 0.003, 0.004
30.842, 0.002, 0.006, 0.005
30.858, 0.003, 0.006, 0.005
30.875, 0.005, 0.005, 0.005
30.892, 0.008, 0.015, 0.005
30.908, 0.006, 0.013, 0.008
30.925, 0.006, 0.010, 0.008
30.942, -0.002, 0.020, 0.004
30.958, 0.004, 0.013, 0.009
30.975, 0.004, 0.009, 0.010
30.992, -0.003, 0.009, 0.011
31.008, -0.008, 0.014, 0.011
31.025, -0.003, 0.008, 0.008
31.041, -0.001, 0.008, 0.011
31.058, -0.002, 0.011, 0.011
31.075, -0.004, 0.014, 0.012
31.091, -0.010, 0.026, 0.006
31.109, -0.006, 0.019, 0.007
31.125, 0.001, 0.022, 0.006
31.142, 0.007, 0.006, -0.002
31.158, -0.004, 0.015, -0.006
31.175, -0.006, 0.007, -0.006
31.192, -0.004, -0.002, -0.012
31.208, -0.010, 0.006, -0.015
31.225, -0.005, 0.019, -0.017
31.242, 0.013, 0.006, -0.025
31.259, 0.016, -0.001, -0.022
31.275, 0.020, -0.007, -0.022
31.291, 0.010, -0.009, -0.026
31.308, 0.009, -0.006, -0.028
31.325, 0.001, -0.003, -0.024
31.342, -0.012, -0.006, -0.027
31.358, -0.010, -0.003, -0.028
31.375, -0.010, -0.008, -0.030
31.392, -0.008, -0.005, -0.034
31.408, -0.010, -0.009, -0.037
31.425, -0.016, -0.005, -0.036
31.442, -0.007, -0.002, -0.043
31.459, -0.003, -0.001, -0.042
31.475, 0.003, -0.002, -0.048
31.491, 0.001, -0.003, -0.045
31.509, 0.008, -0.002, -0.041
31.527, 0.009, 0.003, -0.040
31.542, -0.004, 0.004, -0.034
31.559, -0.012, 0.005, -0.036
31.575, -0.021, -0.007, -0.026
31.592, -0.030, -0.005, -0.018
31.608, -0.036, -0.003, -0.017
31.626, -0.043, 0.011, -0.016
31.642, -0.046, 0.009, -0.002
31.659, -0.038, 0.005, 0.004
31.675, -0.030, 0.015, 0.010
31.691, -0.025, -0.005, 0.021
31.708, -0.024, -0.004, 0.022
31.728, -0.026, -0.012, 0.032
31.741, -0.017, -0.005, 0.040
31.759, -0.018, -0.000, 0.046
31.775, -0.016, 0.012, 0.046
31.792, 0.005, 0.015, 0.059
31.808, -0.005, 0.016, 0.062
31.825, -0.003, 0.012, 0.077
31.842, -0.026, 0.027, 0.092
31.858, -0.027, 0.021, 0.101
31.875, -0.043, 0.024, 0.114
31.891, -0.076, 0.009, 0.135
31.908, -0.088, 0.019, 0.141
31.925, -0.122, 0.013, 0.164
31.943, -0.176, 0.001, 0.193
31.958, -0.187, 0.005, 0.205
31.975, -0.226, -0.012, 0.228
31.992, 0.050, -0.007, 0.276
32.008, -0.049, 0.041, 0.282
32.025, -0.103, -0.023, 0.323
32.042, -0.140, -0.121, 0.378
32.059, -0.152, -0.141, 0.394
32.075, -0.067, -0.139, 0.407
32.092, 0.005, -0.081, 0.427
32.108, -0.024, 0.001, 0.432
32.125, -0.007, -0.019, 0.422
32.142, 0.004, -0.005, 0.398
32.160, 0.006, -0.005, 0.389
32.175, 0.014, -0.011, 0.395
32.192, 0.008, -0.006, 0.395
32.208, 0.009, -0.008, 0.395
32.225, 0.004, -0.009, 0.395
32.242, 0.009, -0.009, 0.395
32.258, 0.008, -0.007, 0.395
32.275, 0.007, -0.005, 0.395
32.292, 0.009, -0.011, 0.395
32.308, 0.009, -0.016, 0.397
32.325, 0.007, -0.009, 0.396
32.341, 0.009, -0.012, 0.397
32.358, 0.008, -0.012, 0.397
32.375, 0.011, -0.008, 0.392
32.392, 0.008, -0.016, 0.397
32.408, 0.005, -0.014, 0.396
32.425, 0.009, -0.006, 0.395
32.442, 0.008, -0.010, 0.396
32.458, 0.007, -0.009, 0.396
32.475, 0.011, -0.007, 0.397
32.492, 0.008, -0.011, 0.396
32.508, 0.008, -0.010, 0.396
32.525, 0.009, -0.016, 0.398
32.542, 0.007, -0.004, 0.395
32.559, 0.004, -0.018, 0.396
32.575, 0.009, -0.016, 0.397
32.592, 0.008, -0.006, 0.395
32.608, 0.008, -0.005, 0.396
32.625, 0.008, -0.018, 0.397
32.642, 0.008, -0.005, 0.396
32.658, 0.008, -0.016, 0.397
32.675, 0.002, -0.016, 0.398
32.692, 0.004, -0.013, 0.396
32.708, 0.012, -0.014, 0.397
32.725, 0.005, -0.009, 0.395
32.742, 0.008, -0.011, 0.396
32.758, 0.009, -0.015, 0.397
32.775, 0.008, -0.005, 0.396
32.792, 0.004, -0.007, 0.395
32.809, 0.008, -0.005, 0.396
32.825, 0.008, -0.011, 0.396
32.841, 0.008, -0.010, 0.396
32.858, 0.008, -0.007, 0.396
32.875, 0.007, -0.004, 0.396
32.891, 0.012, -0.008, 0.398
32.908, 0.005, -0.007, 0.395
32.925, 0.008, -0.006, 0.396
32.941, 0.008, -0.003, 0.397
32.958, 0.008, 0.002, 0.396
32.975, 0.004, -0.002, 0.396
32.991, 0.005, -0.001, 0.395
33.008, 0.008, 0.001, 0.396
33.025, 0.009, -0.006, 0.395
33.041, 0.008, -0.006, 0.396
33.058, 0.003, -0.007, 0.396
33.075, 0.005, -0.010, 0.395
33.091, 0.007, 0.003, 0.397
33.108, 0.008, 0.002, 0.396
33.125, 0.005, -0.003, 0.396
33.141, 0.007, 0.002, 0.397
33.158, 0.009, 0.002, 0.396
33.175, 0.004, -0.001, 0.396
33.191, 0.008, -0.006, 0.395
33.208, 0.007, -0.005, 0.396
33.225, 0.008, -0.005, 0.395
33.241, 0.009, -0.007, 0.393
33.259, 0.008, -0.005, 0.395
33.275, 0.008, -0.006, 0.395
33.292, 0.010, -0.013, 0.392
33.308, 0.008, -0.005, 0.395
33.325, 0.008, -0.010, 0.396
33.341, 0.010, -0.012, 0.393
33.358, 0.008, -0.010, 0.396
33.375, 0.008, -0.012, 0.395
33.391, 0.008, -0.010, 0.396
33.408, 0.008, -0.011, 0.395
33.425, 0.007, -0.010, 0.396
33.442, 0.008, -0.010, 0.395
33.458, 0.007, -0.010, 0.396
33.475, 0.008, -0.011, 0.396
33.491, 0.001, -0.016, 0.398
33.508, 0.008, -0.011, 0.396
33.525, 0.007, -0.010, 0.396
33.542, 0.005, -0.014, 0.395
33.558, 0.005, -0.015, 0.395
33.575, 0.008, -0.011, 0.395
33.591, 0.008, -0.010, 0.395
33.608, 0.008, -0.011, 0.395
33.625, 0.010, -0.013, 0.393
33.642, 0.008, -0.011, 0.396
33.658, 0.007, -0.010, 0.396
33.675, 0.008, -0.011, 0.395
33.691, 0.008, -0.010, 0.396
33.709, 0.002, -0.017, 0.398
33.725, 0.009, -0.017, 0.397
33.741, 0.008, -0.010, 0.396
33.758, 0.007, -0.010, 0.396
33.775, 0.009, -0.018, 0.397
33.791, 0.008, -0.009, 0.396
33.808, 0.004, -0.013, 0.396
33.825, 0.015, -0.010, 0.398
33.841, 0.007, -0.011, 0.396
33.858, 0.008, -0.011, 0.396
33.875, 0.008, -0.011, 0.396
33.891, 0.011, -0.013, 0.398
33.908, 0.005, -0.014, 0.395
33.926, 0.008, -0.010, 0.395
33.941, 0.008, -0.010, 0.396
33.958, 0.008, -0.010, 0.396
33.975, 0.008, -0.010, 0.396
33.991, 0.008, -0.010, 0.396
34.009, 0.008, -0.010, 0.396
34.025, 0.007, -0.011, 0.396
34.041, 0.008, -0.011, 0.396
34.058, 0.005, -0.014, 0.395
34.075, 0.007, -0.010, 0.396
34.091, 0.008, -0.010, 0.396
34.108, 0.004, -0.014, 0.396
34.125, 0.008, -0.010, 0.396
34.141, 0.002, -0.017, 0.398
34.158, 0.011, -0.007, 0.396
34.175, 0.010, -0.012, 0.393
34.191, 0.008, -0.010, 0.396
34.209, 0.007, -0.010, 0.396
34.225, 0.008, -0.011, 0.396
34.244, 0.008, -0.011, 0.396
34.258, 0.008, -0.011, 0.396
34.275, 0.003, -0.019, 0.395
34.291, 0.008, -0.011, 0.396
34.308, 0.010, -0.012, 0.393
34.325, 0.004, -0.013, 0.395
34.341, 0.008, -0.009, 0.396
34.358, 0.008, -0.009, 0.396
34.375, 0.008, -0.016, 0.397
34.392, 0.008, -0.010, 0.396
34.408, 0.002, -0.017, 0.399
34.425, 0.005, -0.014, 0.395
34.441, 0.008, -0.010, 0.396
34.458, 0.008, -0.017, 0.397
34.475, 0.010, -0.013, 0.393
34.491, 0.008, -0.009, 0.396
34.508, 0.001, -0.017, 0.399
34.525, 0.008, -0.010, 0.395
34.542, 0.010, -0.013, 0.393
34.558, 0.008, -0.011, 0.396
34.575, 0.007, -0.010, 0.395
34.591, 0.008, -0.011, 0.395
34.608, 0.009, -0.010, 0.395
34.625, 0.008, -0.010, 0.396
34.641, 0.005, -0.014, 0.395
34.658, 0.005, -0.014, 0.395
34.676, 0.008, -0.011, 0.396
34.692, 0.005, -0.014, 0.396
34.709, 0.005, -0.014, 0.395
34.725, 0.008, -0.010, 0.396
34.741, 0.008, -0.016, 0.397
34.759, 0.007, -0.010, 0.395
34.775, 0.008, -0.010, 0.396
34.792, 0.009, -0.016, 0.397
34.809, 0.007, -0.010, 0.396
34.825, 0.008, -0.011, 0.396
34.842, 0.011, -0.008, 0.396
34.859, 0.008, -0.010, 0.396
34.875, 0.008, -0.011, 0.396
