0.056, 0.000, 0.000, 0.000
0.073, 0.000, 0.000, 0.000
0.090, 0.000, 0.000, 0.000
0.106, 0.000, 0.000, 0.000
0.123, 0.000, 0.000, 0.000
0.139, 0.000, 0.000, 0.000
0.156, 0.000, 0.000, 0.000
0.173, 0.000, 0.000, 0.000
0.190, 0.000, 0.000, 0.000
0.206, 0.000, 0.000, 0.000
0.223, 0.000, 0.000, 0.000
0.240, 0.000, 0.000, 0.000
0.256, 0.000, 0.000, 0.000
0.273, 0.000, 0.000, 0.000
0.289, 0.000, 0.000, 0.000
0.306, 0.000, 0.000, 0.000
0.323, 0.000, 0.000, 0.000
0.340, 0.000, 0.000, 0.000
0.356, 0.000, 0.000, 0.000
0.373, 0.000, 0.000, 0.000
0.390, 0.000, 0.000, 0.000
0.407, 0.000, 0.000, 0.000
0.423, 0.000, 0.000, 0.000
0.440, 0.000, 0.000, 0.000
0.456, 0.000, 0.000, 0.000
0.473, 0.000, 0.000, 0.000
0.491, 0.000, 0.000, 0.000
0.507, 0.002, 0.005, 0.006
0.523, 0.001, 0.003, 0.004
0.540, 0.002, 0.008, 0.011
0.557, -0.001, -0.006, -0.009
0.573, -0.000, -0.004, -0.006
0.590, -0.001, -0.007, -0.011
0.606, 0.000, 0.003, 0.003
0.623, -0.000, 0.000, -0.000
0.640, -0.001, 0.003, 0.000
0.656, 0.001, -0.002, -0.000
0.673, 0.000, -0.002, -0.000
0.690, 0.002, -0.005, -0.001
0.706, -0.004, -0.000, -0.004
0.723, -0.002, 0.000, -0.001
0.740, -0.003, 0.002, -0.000
0.756, 0.002, 0.006, 0.013
0.773, 0.001, 0.005, 0.008
0.791, 0.001, 0.005, 0.010
0.806, -0.002, -0.011, -0.017
0.823, -0.002, -0.004, -0.007
0.839, -0.002, -0.005, -0.012
0.856, 0.001, 0.012, 0.017
0.873, 0.001, 0.008, 0.013
0.890, 0.003, 0.006, 0.011
0.906, 0.009, 0.016, 0.019
0.925, 0.003, 0.003, 0.001
0.941, 0.003, 0.009, 0.012
0.957, -0.007, -0.021, -0.027
0.973, -0.000, -0.003, -0.005
0.990, -0.002, -0.013, -0.019
1.006, -0.000, 0.000, 0.000
1.023, 0.001, 0.001, 0.005
1.040, 0.001, 0.005, 0.009
1.056, -0.000, 0.003, -0.003
1.073, -0.002, -0.006, -0.013
1.090, -0.002, -0.006, -0.015
1.106, 0.002, 0.009, 0.016
1.123, 0.001, 0.006, 0.009
1.140, 0.002, 0.009, 0.014
1.156, -0.000, -0.003, -0.005
1.173, 0.000, -0.000, 0.001
1.190, 0.000, 0.003, 0.005
1.206, -0.001, -0.008, -0.011
1.223, -0.002, -0.004, -0.008
1.240, -0.002, -0.010, -0.016
1.257, -0.000, 0.001, -0.001
1.273, 0.002, 0.001, 0.002
1.290, 0.001, 0.003, 0.002
1.307, -0.001, -0.004, -0.003
1.323, -0.001, -0.003, -0.003
1.340, -0.002, -0.007, -0.006
1.356, 0.002, 0.010, 0.018
1.373, -0.000, 0.006, 0.009
1.390, -0.002, 0.009, 0.007
1.406, 0.003, 0.002, 0.009
1.423, 0.003, 0.005, 0.014
1.440, 0.006, -0.001, 0.010
1.456, 0.000, 0.009, 0.012
1.473, 0.002, 0.002, 0.003
1.490, 0.002, 0.014, 0.021
1.507, 0.001, -0.002, -0.001
1.523, -0.000, 0.001, 0.002
1.540, 0.000, -0.001, -0.001
1.557, -0.003, -0.014, -0.021
1.573, -0.002, -0.010, -0.014
1.590, -0.001, -0.008, -0.011
1.607, 0.001, 0.006, 0.008
1.624, 0.000, -0.000, -0.001
1.640, -0.001, -0.006, -0.011
1.657, 0.000, 0.012, 0.014
1.673, 0.001, 0.015, 0.021
1.690, 0.000, 0.011, 0.013
1.707, -0.001, -0.005, -0.008
1.724, -0.000, 0.001, 0.002
1.740, 0.001, 0.004, 0.004
1.757, 0.002, 0.006, 0.013
1.773, -0.002, -0.002, -0.006
1.790, 0.000, 0.002, 0.006
1.806, -0.001, -0.007, -0.013
1.823, 0.001, -0.002, -0.000
1.840, -0.000, -0.001, -0.004
1.857, 0.001, 0.009, 0.016
1.873, -0.000, 0.003, 0.005
1.889, -0.000, 0.001, 0.004
1.906, -0.001, -0.005, -0.009
1.923, 0.001, 0.003, 0.003
1.940, -0.000, -0.000, 0.000
1.956, 0.002, 0.010, 0.017
1.973, 0.001, 0.006, 0.009
1.990, 0.001, 0.005, 0.008
2.007, 0.001, 0.006, 0.009
2.023, 0.001, 0.008, 0.014
2.040, 0.002, 0.013, 0.019
2.056, 0.001, -0.001, -0.002
2.073, -0.000, -0.007, -0.010
2.090, 0.000, -0.009, -0.011
2.106, -0.001, -0.006, -0.009
2.123, 0.000, -0.000, 0.000
2.140, -0.000, -0.000, -0.001
2.156, 0.003, 0.011, 0.017
2.173, 0.000, 0.008, 0.008
2.190, 0.001, 0.006, 0.006
2.206, 0.002, 0.000, 0.003
2.223, 0.004, -0.000, 0.008
2.239, 0.003, 0.005, 0.012
2.256, 0.002, 0.002, 0.003
2.273, 0.002, 0.002, 0.002
2.290, 0.003, 0.004, 0.006
2.306, -0.001, 0.000, 0.001
2.323, -0.001, 0.001, 0.002
2.340, 0.001, -0.003, -0.002
2.356, 0.001, 0.004, 0.010
2.373, 0.001, 0.001, 0.005
2.390, -0.001, -0.000, 0.002
2.406, -0.001, -0.006, -0.008
2.423, 0.001, 0.005, 0.008
2.440, 0.001, 0.001, 0.001
2.456, -0.000, 0.002, 0.001
2.473, -0.000, -0.002, -0.005
2.490, 0.001, 0.006, 0.009
2.506, 0.001, 0.004, 0.009
2.523, -0.000, -0.000, 0.001
2.540, -0.000, -0.001, 0.001
2.556, 0.009, 0.010, 0.005
2.573, 0.005, 0.006, 0.002
2.590, 0.005, 0.006, 0.002
2.606, -0.007, -0.017, -0.022
2.623, -0.002, -0.007, -0.011
2.640, -0.002, -0.013, -0.020
2.656, -0.000, 0.014, 0.018
2.673, 0.000, 0.009, 0.015
2.690, -0.000, 0.007, 0.008
2.706, 0.002, -0.002, -0.004
2.723, -0.000, -0.003, -0.006
2.740, 0.001, 0.001, 0.003
2.756, -0.001, -0.000, -0.003
2.773, -0.000, 0.001, -0.000
2.790, -0.000, 0.009, 0.009
2.806, 0.001, -0.003, -0.002
2.823, 0.001, -0.005, -0.007
2.840, 0.000, -0.007, -0.011
2.856, -0.001, -0.006, -0.007
2.873, -0.001, -0.002, -0.003
2.890, -0.000, -0.008, -0.008
2.906, 0.002, 0.011, 0.018
2.923, 0.001, 0.005, 0.010
2.940, 0.001, 0.004, 0.009
2.956, -0.002, -0.005, -0.009
2.973, 0.001, -0.002, -0.001
2.990, 0.005, 0.016, 0.021
3.006, -0.002, -0.002, -0.000
3.023, -0.004, -0.007, -0.009
3.040, -0.008, -0.017, -0.021
3.058, -0.000, 0.001, 0.002
3.073, -0.000, 0.000, -0.000
3.090, -0.001, 0.003, 0.002
3.106, -0.003, -0.011, -0.020
3.123, -0.000, -0.001, -0.001
3.140, -0.003, -0.014, -0.024
3.157, 0.003, 0.001, 0.008
3.173, 0.002, 0.001, 0.005
3.190, 0.003, -0.000, 0.009
3.206, 0.000, 0.003, 0.002
3.223, 0.001, 0.003, 0.002
3.240, 0.002, 0.008, 0.011
3.256, 0.000, -0.002, -0.005
3.273, 0.000, -0.003, -0.005
3.290, -0.000, -0.005, -0.012
3.306, -0.003, 0.013, 0.016
3.323, -0.002, 0.007, 0.009
3.340, -0.002, 0.006, 0.009
3.356, 0.000, 0.003, 0.007
3.373, -0.001, 0.005, 0.008
3.390, -0.000, 0.005, 0.008
3.407, -0.001, -0.008, -0.011
3.423, -0.002, -0.007, -0.012
3.440, -0.000, -0.002, -0.003
3.456, 0.001, 0.009, 0.014
3.473, -0.000, 0.005, 0.006
3.490, -0.001, 0.005, 0.007
3.506, -0.002, -0.009, -0.012
3.523, -0.001, 0.001, 0.001
3.540, -0.002, -0.005, -0.007
3.556, 0.002, 0.011, 0.018
3.573, 0.001, 0.002, 0.006
3.590, 0.001, 0.006, 0.010
3.606, 0.001, 0.005, 0.009
3.623, 0.002, 0.007, 0.011
3.640, 0.007, 0.020, 0.026
3.656, -0.006, -0.012, -0.011
3.673, -0.006, -0.009, -0.010
3.690, -0.010, -0.020, -0.018
3.706, -0.001, 0.001, 0.000
3.723, 0.000, -0.002, 0.000
3.740, -0.004, -0.003, -0.011
3.756, 0.002, -0.004, -0.002
3.773, 0.003, 0.003, 0.010
3.790, 0.005, -0.002, 0.006
3.806, -0.001, 0.001, -0.002
3.823, -0.000, 0.002, 0.001
3.840, -0.000, 0.001, 0.000
3.856, 0.002, 0.003, 0.004
3.873, 0.000, -0.004, -0.007
3.890, 0.002, 0.004, 0.005
3.906, -0.001, 0.003, 0.002
3.923, -0.001, 0.002, 0.000
3.940, -0.001, 0.002, 0.001
3.956, -0.001, -0.006, -0.007
3.973, -0.001, -0.003, -0.003
3.990, -0.001, -0.005, -0.006
4.006, 0.000, -0.001, 0.001
4.023, -0.000, -0.000, 0.001
4.040, -0.000, 0.000, 0.001
4.056, -0.000, 0.001, -0.001
4.073, 0.001, 0.002, 0.002
4.090, 0.001, 0.006, 0.007
4.106, -0.002, -0.006, -0.008
4.123, -0.002, -0.001, -0.001
4.140, -0.002, -0.006, -0.007
4.156, -0.001, -0.005, -0.008
4.173, -0.001, -0.005, -0.008
4.190, -0.001, -0.005, -0.008
4.206, 0.001, -0.000, 0.000
4.223, -0.001, -0.011, -0.015
4.240, -0.000, -0.002, -0.004
4.256, -0.001, -0.004, -0.007
4.273, 0.001, 0.003, 0.002
4.290, -0.002, -0.007, -0.015
4.307, 0.001, 0.000, 0.001
4.323, 0.001, 0.001, 0.002
4.340, 0.003, 0.003, 0.010
4.356, -0.001, 0.007, 0.007
4.373, -0.000, 0.001, 0.001
4.390, -0.001, -0.001, -0.005
4.407, -0.001, -0.001, -0.003
4.423, -0.002, -0.003, -0.008
4.440, -0.000, 0.001, 0.001
4.456, -0.002, -0.003, -0.005
4.473, -0.001, -0.001, -0.002
4.490, -0.002, 0.002, 0.000
4.506, 0.002, -0.001, 0.001
4.523, 0.000, 0.000, -0.000
4.540, 0.001, -0.002, -0.002
4.556, 0.001, 0.005, 0.010
4.573, 0.002, -0.000, 0.005
4.589, 0.002, 0.000, 0.005
4.606, 0.001, 0.003, 0.006
4.623, 0.002, 0.007, 0.010
4.640, 0.000, 0.005, 0.008
4.656, -0.002, -0.007, -0.011
4.673, -0.001, -0.002, -0.003
4.690, -0.001, -0.004, -0.006
4.706, -0.004, 0.003, -0.003
4.726, -0.003, 0.003, -0.001
4.740, -0.001, 0.007, 0.007
4.756, 0.001, -0.008, -0.007
4.773, -0.001, -0.002, -0.002
4.790, -0.002, -0.012, -0.016
4.806, 0.000, 0.001, 0.001
4.823, -0.001, -0.006, -0.008
4.840, -0.001, 0.002, 0.001
4.856, 0.002, 0.002, 0.006
4.873, 0.002, 0.007, 0.011
4.889, 0.002, 0.000, 0.002
4.906, 0.000, 0.004, 0.002
4.923, 0.000, 0.002, 0.002
4.940, 0.001, 0.003, 0.002
4.956, 0.002, -0.001, 0.002
4.973, 0.002, -0.001, 0.002
4.990, 0.003, 0.001, 0.005
5.006, 0.001, 0.008, 0.013
5.023, -0.001, -0.001, -0.002
5.039, 0.001, 0.006, 0.007
5.056, -0.002, -0.009, -0.009
5.073, -0.001, -0.001, -0.002
5.090, -0.001, -0.003, -0.001
5.106, -0.001, -0.002, -0.003
5.123, 0.000, -0.004, -0.003
5.140, -0.001, 0.001, 0.002
5.156, 0.001, 0.003, 0.007
5.173, -0.000, 0.003, 0.003
5.189, -0.001, -0.008, -0.010
5.206, 0.001, 0.008, 0.011
5.223, 0.001, 0.006, 0.011
5.240, 0.002, 0.013, 0.021
5.256, -0.001, -0.012, -0.018
5.273, 0.000, -0.007, -0.009
5.289, -0.000, -0.006, -0.009
5.306, -0.001, -0.006, -0.008
5.323, -0.002, -0.008, -0.011
5.340, -0.002, -0.004, -0.008
5.356, -0.001, -0.007, -0.010
5.373, 0.000, -0.001, -0.001
5.390, -0.000, -0.008, -0.011
5.406, -0.001, -0.007, -0.010
5.423, -0.003, -0.011, -0.019
5.440, -0.002, -0.014, -0.018
5.456, 0.002, 0.005, 0.005
5.473, 0.003, 0.006, 0.011
5.490, -0.000, 0.005, 0.002
5.506, 0.001, 0.000, 0.003
5.523, 0.000, -0.005, -0.007
5.539, 0.002, 0.002, 0.006
5.556, 0.001, -0.000, -0.001
5.573, 0.001, -0.001, -0.000
5.590, 0.001, -0.002, -0.002
5.606, -0.001, -0.004, -0.006
5.623, -0.001, -0.002, -0.003
5.640, -0.000, -0.002, -0.002
5.656, 0.001, 0.010, 0.015
5.673, 0.000, 0.003, 0.006
5.690, -0.001, 0.002, 0.003
5.706, -0.005, -0.003, -0.012
5.723, -0.001, 0.006, 0.003
5.740, -0.001, 0.003, 0.001
5.756, 0.000, -0.001, -0.002
5.773, -0.002, -0.001, -0.003
5.790, -0.002, 0.003, 0.002
5.807, 0.001, 0.008, 0.009
5.823, -0.001, -0.002, -0.004
5.840, -0.001, -0.004, -0.008
5.856, 0.001, 0.009, 0.012
5.873, -0.002, 0.012, 0.011
5.890, 0.001, 0.009, 0.012
5.906, 0.002, -0.003, -0.004
5.923, 0.004, 0.006, 0.013
5.940, 0.001, 0.001, 0.002
5.956, -0.000, 0.006, 0.005
5.973, 0.001, 0.002, 0.003
5.991, 0.001, 0.010, 0.013
6.006, -0.002, -0.001, -0.006
6.023, -0.003, -0.007, -0.017
6.040, -0.002, -0.008, -0.015
6.056, -0.001, -0.001, -0.001
6.073, 0.001, 0.001, 0.004
6.090, -0.001, 0.006, 0.006
6.106, 0.001, 0.003, 0.002
6.123, -0.001, 0.002, 0.001
6.139, -0.000, 0.001, -0.000
6.156, -0.000, -0.009, -0.007
6.173, 0.000, -0.006, -0.005
6.189, 0.000, -0.002, 0.002
6.206, 0.000, 0.008, 0.009
6.223, 0.001, 0.003, 0.004
6.239, -0.001, -0.005, -0.009
6.256, -0.000, -0.010, -0.010
6.273, 0.000, -0.002, -0.002
6.290, 0.001, -0.004, -0.001
6.306, 0.002, 0.011, 0.019
6.326, 0.000, 0.010, 0.017
6.340, 0.002, 0.012, 0.018
6.356, -0.000, -0.000, -0.001
6.373, 0.000, -0.000, -0.001
6.390, -0.002, -0.006, -0.008
6.406, 0.000, -0.007, -0.010
6.423, 0.001, -0.009, -0.009
6.440, 0.003, 0.003, 0.007
6.456, -0.001, -0.005, -0.008
6.473, -0.001, -0.005, -0.010
6.490, -0.002, -0.011, -0.017
6.506, 0.001, 0.004, 0.006
6.523, 0.002, 0.007, 0.012
6.540, 0.001, 0.002, 0.003
6.556, 0.000, 0.002, 0.002
6.573, 0.000, 0.004, 0.004
6.590, -0.000, 0.004, 0.003
6.606, 0.001, 0.000, 0.002
6.623, 0.001, -0.007, -0.008
6.640, 0.002, -0.002, 0.001
6.656, -0.001, -0.000, -0.003
6.673, 0.001, 0.006, 0.009
6.690, 0.001, 0.004, 0.003
6.706, -0.001, -0.003, -0.002
6.723, -0.002, -0.007, -0.012
6.740, -0.001, -0.002, -0.002
6.756, 0.001, 0.009, 0.014
6.773, -0.002, 0.006, 0.004
6.790, -0.001, 0.001, 0.003
6.806, 0.001, 0.006, 0.009
6.823, 0.003, 0.007, 0.014
6.840, 0.002, 0.011, 0.017
6.856, 0.000, 0.001, -0.001
6.873, 0.001, -0.001, -0.001
6.890, 0.000, 0.001, -0.001
6.906, -0.000, 0.000, 0.000
6.923, -0.001, 0.000, -0.002
6.940, 0.001, -0.000, 0.001
6.956, 0.011, 0.020, 0.019
6.973, 0.007, 0.010, 0.010
6.990, 0.005, 0.007, 0.002
7.006, -0.004, -0.004, -0.001
7.023, 0.001, 0.005, 0.008
7.040, 0.001, 0.004, 0.007
7.056, 0.001, -0.001, -0.002
7.073, 0.002, 0.008, 0.012
7.090, 0.001, 0.003, 0.003
7.106, -0.001, 0.013, 0.016
7.123, 0.000, 0.007, 0.009
7.139, -0.001, 0.009, 0.010
7.156, -0.001, -0.006, -0.009
7.173, -0.001, -0.006, -0.009
7.190, 0.001, 0.001, 0.002
7.206, 0.002, 0.006, 0.012
7.223, 0.002, 0.008, 0.013
7.239, 0.000, 0.002, 0.004
7.256, 0.008, 0.018, 0.020
7.273, 0.002, 0.006, 0.004
7.290, 0.002, 0.006, 0.006
7.306, -0.004, -0.005, -0.002
7.323, 0.001, 0.008, 0.013
7.340, 0.001, 0.005, 0.008
7.356, 0.001, 0.005, 0.009
7.373, 0.001, 0.007, 0.010
7.390, 0.002, 0.012, 0.019
7.406, -0.001, -0.014, -0.021
7.423, 0.002, -0.015, -0.018
7.439, 0.000, -0.009, -0.011
7.456, -0.001, -0.005, -0.008
7.473, -0.002, -0.006, -0.011
7.490, -0.001, -0.005, -0.009
7.506, 0.001, 0.005, 0.009
7.523, -0.000, 0.000, 0.000
7.540, -0.001, -0.006, -0.010
7.556, 0.001, -0.001, -0.002
7.573, 0.001, 0.002, 0.003
7.590, 0.001, 0.002, 0.005
7.606, -0.001, 0.006, 0.004
7.623, 0.006, 0.019, 0.022
7.640, 0.001, 0.006, 0.006
7.656, -0.000, -0.007, -0.007
7.673, -0.006, -0.012, -0.013
7.690, -0.001, -0.006, -0.007
7.706, -0.001, 0.001, -0.000
7.723, -0.001, -0.006, -0.010
7.740, 0.000, 0.004, 0.002
7.756, 0.001, 0.008, 0.015
7.773, -0.000, 0.004, 0.006
7.790, 0.000, 0.006, 0.012
7.806, -0.002, -0.010, -0.015
7.823, -0.002, -0.006, -0.005
7.839, -0.002, -0.010, -0.016
7.856, 0.002, 0.010, 0.017
7.873, 0.003, 0.008, 0.009
7.890, 0.001, 0.004, 0.009
7.906, -0.001, -0.006, -0.010
7.923, -0.000, 0.000, -0.000
7.940, -0.000, 0.000, -0.000
7.956, 0.002, 0.012, 0.021
7.973, 0.002, 0.005, 0.010
7.990, 0.003, 0.012, 0.020
8.006, -0.000, 0.000, -0.000
8.023, -0.001, 0.004, 0.007
8.039, -0.000, 0.001, 0.000
8.056, -0.001, -0.008, -0.013
8.073, -0.001, -0.009, -0.015
8.090, -0.002, -0.010, -0.016
8.106, -0.002, 0.001, -0.002
8.123, -0.000, 0.005, 0.004
8.140, -0.000, 0.001, 0.001
8.156, 0.001, 0.006, 0.006
8.173, 0.002, 0.006, 0.007
8.190, 0.000, 0.003, 0.002
8.206, 0.001, 0.001, 0.003
8.223, -0.001, 0.002, 0.004
8.240, 0.000, 0.002, 0.003
8.256, 0.001, 0.001, 0.001
8.273, 0.001, 0.002, 0.003
8.290, 0.000, 0.002, 0.003
8.306, -0.001, -0.002, -0.002
8.323, -0.001, -0.006, -0.009
8.339, 0.000, 0.004, 0.004
8.356, -0.000, -0.003, -0.003
8.373, -0.000, -0.004, -0.004
8.390, 0.001, -0.005, -0.003
8.406, -0.001, -0.002, -0.002
8.423, -0.001, -0.002, -0.002
8.440, -0.001, 0.001, 0.003
8.456, -0.002, -0.006, -0.011
8.473, -0.001, -0.006, -0.011
8.490, -0.003, -0.011, -0.020
8.507, -0.005, 0.006, -0.002
8.523, -0.002, 0.010, 0.009
8.540, -0.001, 0.008, 0.008
8.556, 0.002, -0.009, -0.007
8.573, -0.002, -0.010, -0.016
8.590, -0.001, -0.005, -0.008
8.606, -0.001, 0.002, -0.003
8.623, 0.001, 0.003, 0.002
8.640, -0.002, -0.007, -0.014
8.656, 0.000, 0.005, 0.004
8.673, 0.000, 0.004, 0.004
8.690, 0.000, 0.005, 0.003
8.706, 0.010, 0.016, 0.019
8.723, 0.010, 0.019, 0.020
8.740, 0.005, 0.009, 0.012
8.756, -0.007, -0.008, -0.011
8.774, -0.001, 0.001, 0.001
8.790, 0.001, 0.005, 0.004
8.806, 0.000, -0.003, -0.003
8.825, -0.005, -0.011, -0.012
8.839, -0.001, -0.002, -0.002
8.856, 0.001, 0.010, 0.016
8.873, -0.001, -0.002, -0.003
8.889, 0.000, 0.004, 0.006
8.906, -0.001, -0.008, -0.011
8.923, 0.000, 0.004, 0.007
8.940, -0.001, -0.004, -0.005
8.956, 0.002, 0.011, 0.019
8.973, 0.001, 0.002, 0.003
8.990, 0.001, 0.006, 0.010
9.006, -0.001, -0.006, -0.010
9.023, -0.000, 0.000, 0.000
9.040, -0.000, 0.000, -0.000
9.056, 0.000, -0.001, 0.000
9.073, 0.000, -0.000, -0.001
9.090, 0.002, 0.005, 0.009
9.106, -0.001, -0.004, -0.010
9.123, -0.001, -0.005, -0.009
9.139, -0.001, -0.004, -0.010
9.156, 0.001, -0.002, -0.001
9.173, -0.001, -0.005, -0.009
9.190, 0.000, -0.004, -0.006
9.206, 0.000, -0.004, -0.005
9.223, 0.000, -0.003, -0.004
9.240, -0.001, -0.009, -0.014
9.256, -0.001, -0.002, -0.002
9.273, 0.000, 0.000, -0.000
9.290, 0.000, 0.000, 0.001
9.306, 0.000, -0.000, -0.001
9.323, 0.000, -0.001, -0.000
9.340, 0.001, 0.002, 0.002
9.356, -0.000, -0.002, -0.002
9.373, 0.001, 0.003, 0.006
9.390, -0.002, -0.004, -0.005
9.406, 0.002, 0.004, 0.005
9.423, -0.000, -0.004, -0.006
9.440, 0.003, 0.002, 0.005
9.456, 0.001, 0.006, 0.012
9.473, 0.001, 0.003, 0.005
9.490, -0.001, 0.001, 0.003
9.506, -0.001, -0.006, -0.009
9.523, -0.000, -0.000, -0.000
9.540, 0.000, 0.000, 0.000
9.556, 0.002, 0.009, 0.015
9.573, 0.002, 0.007, 0.010
9.590, 0.001, 0.003, 0.006
9.606, 0.001, 0.005, 0.009
9.623, 0.001, 0.005, 0.009
9.640, 0.000, 0.005, 0.008
9.657, 0.001, -0.000, -0.003
9.673, 0.004, 0.008, 0.009
9.690, 0.001, 0.002, 0.003
9.706, -0.000, -0.002, -0.003
9.723, -0.004, -0.008, -0.009
9.740, 0.000, 0.002, 0.001
9.760, -0.000, -0.000, -0.001
9.773, 0.001, -0.001, -0.002
9.790, 0.000, -0.001, -0.002
9.806, 0.002, 0.002, 0.006
9.823, -0.001, 0.003, 0.003
9.840, 0.002, -0.002, 0.002
9.857, 0.000, 0.003, 0.003
9.873, 0.004, 0.006, 0.014
9.890, 0.001, 0.006, 0.006
9.906, -0.001, 0.000, 0.000
9.923, 0.005, 0.009, 0.009
9.940, 0.000, 0.000, 0.001
9.956, -0.001, -0.003, -0.005
9.973, -0.006, -0.011, -0.012
9.990, -0.001, -0.001, -0.002
10.006, -0.001, -0.002, -0.004
10.023, -0.002, -0.007, -0.013
10.040, -0.001, -0.002, -0.003
10.056, 0.001, 0.008, 0.014
10.073, -0.000, 0.003, 0.007
10.090, -0.000, 0.007, 0.012
10.106, 0.000, -0.000, 0.001
10.123, 0.000, 0.004, 0.004
10.140, -0.001, -0.007, -0.009
10.156, 0.001, 0.006, 0.010
10.173, 0.002, 0.004, 0.009
10.190, 0.001, 0.007, 0.009
10.206, -0.003, -0.003, -0.008
10.223, -0.001, 0.006, 0.007
10.240, -0.000, 0.008, 0.010
10.256, 0.001, -0.010, -0.012
10.273, -0.001, -0.015, -0.021
10.290, -0.001, -0.016, -0.021
10.306, 0.002, 0.004, 0.005
10.323, 0.001, 0.002, 0.002
10.340, 0.001, 0.002, 0.001
10.356, 0.001, 0.003, 0.004
10.373, 0.001, 0.002, 0.003
10.390, 0.000, 0.003, 0.004
10.406, -0.001, 0.005, 0.004
10.423, 0.000, 0.004, 0.004
10.440, 0.000, 0.004, 0.003
10.456, 0.001, -0.004, -0.002
10.473, 0.000, -0.000, 0.000
10.490, 0.000, -0.000, 0.002
10.506, -0.000, 0.001, 0.000
10.523, -0.000, 0.001, 0.001
10.540, 0.001, 0.004, 0.002
10.556, -0.000, 0.011, 0.016
10.573, -0.000, 0.005, 0.006
10.590, -0.001, 0.001, 0.004
10.606, -0.001, -0.004, -0.009
10.623, 0.000, 0.003, 0.004
10.640, -0.001, 0.001, 0.001
10.656, 0.001, -0.002, -0.002
10.673, -0.001, -0.002, -0.003
10.690, 0.000, -0.001, -0.000
10.706, -0.001, 0.001, 0.000
10.723, -0.000, 0.000, -0.001
10.740, -0.000, 0.001, -0.001
10.756, 0.002, 0.005, 0.005
10.773, 0.001, 0.004, 0.003
10.790, 0.001, 0.002, 0.002
10.806, 0.001, 0.008, 0.014
10.823, 0.002, 0.011, 0.017
10.840, -0.000, 0.007, 0.008
10.856, 0.002, -0.004, -0.003
10.873, 0.002, 0.000, 0.003
10.890, 0.001, 0.000, 0.001
10.906, 0.001, 0.005, 0.007
10.923, 0.003, 0.000, 0.005
10.940, 0.005, 0.002, 0.010
10.956, -0.001, -0.006, -0.008
10.973, -0.001, -0.002, -0.004
10.990, 0.000, -0.004, -0.006
11.007, 0.000, 0.003, 0.004
11.024, -0.001, 0.001, 0.001
11.040, -0.001, 0.002, 0.003
11.056, 0.000, 0.007, 0.013
11.073, 0.000, 0.002, 0.006
11.090, 0.000, 0.002, 0.005
11.106, -0.001, -0.006, -0.014
11.123, -0.002, -0.005, -0.012
11.140, -0.003, 0.001, -0.004
11.156, 0.001, 0.010, 0.019
11.173, 0.001, 0.005, 0.008
11.190, 0.002, 0.002, 0.007
11.206, 0.002, 0.004, 0.009
11.223, 0.003, 0.006, 0.010
11.240, 0.002, 0.004, 0.008
11.256, -0.001, 0.011, 0.012
11.273, 0.000, 0.008, 0.012
11.290, -0.000, 0.009, 0.012
11.306, 0.009, 0.022, 0.026
11.323, 0.004, 0.018, 0.023
11.340, 0.004, 0.013, 0.017
11.356, -0.005, -0.015, -0.020
11.373, 0.000, -0.007, -0.010
11.390, 0.000, 0.002, 0.000
11.406, 0.001, 0.014, 0.019
11.423, 0.001, 0.007, 0.010
11.440, -0.000, 0.007, 0.012
11.456, 0.000, -0.006, -0.008
11.473, 0.001, -0.002, -0.001
11.490, 0.003, -0.004, -0.003
11.508, 0.001, -0.001, -0.002
11.523, -0.001, 0.002, 0.001
11.540, -0.001, 0.002, 0.000
11.556, 0.001, 0.014, 0.019
11.573, 0.001, 0.004, 0.007
11.590, 0.001, 0.005, 0.008
11.606, -0.002, -0.005, -0.010
11.623, -0.001, 0.002, 0.000
11.640, -0.000, 0.004, 0.003
11.656, 0.001, 0.012, 0.018
11.673, -0.000, 0.010, 0.012
11.690, -0.002, 0.005, 0.006
11.706, 0.001, 0.006, 0.010
11.723, 0.002, 0.004, 0.008
11.740, 0.002, 0.005, 0.008
11.756, 0.002, 0.002, 0.007
11.773, -0.000, 0.006, 0.010
11.790, 0.002, 0.010, 0.019
11.806, 0.000, 0.000, -0.001
11.825, 0.000, 0.000, 0.000
11.839, 0.000, 0.001, -0.001
11.856, -0.003, -0.008, -0.016
11.873, -0.004, -0.004, -0.012
11.890, -0.001, -0.005, -0.007
11.906, -0.000, 0.009, 0.009
11.923, 0.001, -0.001, 0.001
11.940, -0.005, 0.002, -0.009
11.956, 0.003, -0.004, -0.001
11.973, 0.003, 0.008, 0.013
11.989, 0.006, 0.003, 0.014
12.007, -0.002, -0.009, -0.013
12.023, -0.000, -0.009, -0.011
12.039, -0.001, -0.006, -0.011
12.056, 0.000, -0.008, -0.010
12.073, -0.001, -0.005, -0.008
12.090, 0.000, -0.011, -0.015
12.106, -0.000, -0.002, -0.003
12.123, 0.000, -0.004, -0.004
12.140, -0.000, -0.002, -0.002
12.156, 0.001, 0.009, 0.016
12.173, -0.001, -0.001, -0.001
12.190, -0.001, 0.003, 0.004
12.206, -0.001, -0.008, -0.009
12.223, 0.001, 0.001, 0.002
12.240, -0.000, -0.004, -0.002
12.256, -0.003, 0.004, -0.002
12.273, -0.001, 0.001, 0.000
12.290, -0.000, 0.007, 0.008
12.306, -0.003, -0.004, -0.010
12.323, -0.005, -0.006, -0.014
12.340, 0.002, 0.005, -0.001
12.356, -0.004, -0.016, -0.017
12.373, -0.005, -0.011, -0.014
12.390, -0.011, -0.023, -0.026
12.406, 0.001, 0.005, 0.010
12.423, -0.001, -0.001, -0.002
12.440, 0.000, -0.001, 0.001
12.456, -0.002, -0.003, -0.011
12.473, 0.001, 0.002, 0.002
12.490, -0.005, -0.004, -0.016
12.506, 0.005, -0.003, 0.003
12.523, 0.004, -0.002, 0.003
12.540, 0.004, -0.001, 0.004
12.556, 0.004, -0.001, 0.004
12.573, 0.004, -0.000, 0.004
12.590, 0.007, 0.003, 0.013
12.606, -0.005, -0.005, -0.015
12.623, -0.002, -0.004, -0.011
12.640, -0.002, -0.008, -0.016
12.656, 0.003, 0.006, 0.015
12.673, -0.001, -0.004, -0.005
12.690, 0.001, 0.004, 0.009
12.706, -0.002, -0.011, -0.018
12.723, -0.001, 0.002, 0.002
12.740, -0.005, -0.007, -0.017
12.756, 0.006, 0.008, 0.020
12.773, 0.005, 0.002, 0.011
12.790, 0.007, 0.001, 0.011
12.806, 0.002, 0.005, 0.010
12.823, 0.001, -0.000, 0.001
12.840, 0.002, 0.004, 0.010
12.856, -0.006, 0.000, -0.011
12.873, -0.001, 0.007, 0.007
12.890, -0.000, 0.006, 0.007
12.906, 0.002, -0.009, -0.008
12.923, -0.002, -0.011, -0.017
12.940, -0.001, -0.005, -0.009
12.956, 0.000, 0.005, 0.007
12.973, 0.001, 0.005, 0.008
12.990, -0.001, -0.000, -0.001
13.006, -0.000, -0.007, -0.012
13.023, 0.000, -0.005, -0.007
13.040, -0.003, -0.010, -0.019
13.056, 0.002, 0.007, 0.016
13.073, 0.002, 0.006, 0.011
13.090, 0.005, 0.009, 0.023
13.106, -0.004, -0.008, -0.015
13.123, -0.001, -0.006, -0.008
13.140, -0.003, -0.002, -0.006
13.156, 0.003, 0.002, 0.007
13.173, 0.000, 0.000, -0.000
13.190, 0.000, -0.002, -0.002
13.206, -0.001, 0.002, 0.001
13.223, 0.001, -0.002, 0.000
13.240, 0.002, 0.001, -0.000
13.258, 0.000, -0.013, -0.018
13.273, 0.000, -0.003, -0.007
13.290, -0.000, -0.013, -0.015
13.306, 0.004, 0.020, 0.022
13.323, 0.001, 0.004, 0.001
13.340, 0.004, 0.014, 0.010
13.356, 0.011, 0.014, 0.011
13.373, 0.014, 0.016, 0.010
13.390, 0.015, 0.017, 0.005
13.406, 0.004, -0.002, -0.005
13.423, 0.011, 0.007, 0.002
13.440, 0.008, 0.002, 0.003
13.456, 0.003, -0.006, -0.001
13.473, -0.001, -0.011, 0.002
13.490, 0.003, -0.012, 0.006
13.506, 0.008, -0.003, 0.003
13.523, 0.005, -0.002, 0.004
13.540, 0.001, -0.002, 0.005
13.556, 0.001, 0.000, -0.001
13.573, -0.000, 0.002, -0.001
13.590, -0.002, 0.004, -0.003
13.606, -0.006, 0.002, 0.004
13.623, -0.006, 0.003, 0.001
13.640, -0.005, -0.000, 0.006
13.656, 0.002, -0.001, 0.003
13.673, 0.004, -0.001, 0.004
13.690, -0.001, 0.001, 0.003
13.706, -0.001, 0.001, -0.005
13.723, 0.001, 0.001, -0.004
13.740, 0.001, 0.000, -0.001
13.756, 0.001, -0.000, -0.010
13.773, -0.000, 0.002, -0.011
13.790, 0.001, 0.000, -0.008
13.806, 0.003, 0.001, -0.006
13.823, 0.001, -0.000, 0.001
13.840, 0.003, 0.001, -0.005
13.856, -0.001, 0.003, -0.001
13.873, -0.001, 0.002, -0.008
13.890, -0.002, 0.003, -0.006
13.906, -0.001, -0.002, 0.004
13.923, 0.001, -0.001, 0.007
13.940, 0.002, -0.000, 0.004
13.956, 0.005, -0.000, 0.000
13.973, 0.003, 0.002, 0.003
13.990, 0.005, 0.002, 0.006
14.006, 0.006, 0.001, 0.018
14.024, 0.010, -0.000, 0.018
14.040, 0.015, 0.006, 0.031
14.057, 0.013, 0.012, 0.032
14.073, 0.011, 0.005, 0.018
14.090, 0.009, -0.003, 0.007
14.106, 0.015, -0.014, 0.005
14.123, 0.019, -0.007, 0.018
14.140, 0.018, -0.008, 0.015
14.156, 0.021, 0.010, 0.005
14.173, 0.026, 0.009, 0.006
14.190, 0.030, 0.013, 0.009
14.206, 0.039, 0.004, 0.020
14.223, 0.043, 0.008, 0.018
14.240, 0.054, 0.008, 0.013
14.256, 0.062, 0.009, 0.023
14.273, 0.066, 0.013, 0.027
14.290, 0.068, 0.011, 0.032
14.306, 0.098, 0.015, 0.009
14.323, 0.104, 0.011, 0.009
14.340, 0.108, 0.014, 0.007
14.356, 0.117, 0.033, 0.037
14.373, 0.124, 0.029, 0.026
14.390, 0.132, 0.035, 0.023
14.406, 0.139, 0.029, 0.016
14.423, 0.155, 0.042, 0.026
14.440, 0.174, 0.053, 0.040
14.456, 0.196, 0.062, 0.043
14.473, 0.195, 0.061, 0.042
14.490, 0.206, 0.057, 0.036
14.507, 0.225, 0.088, 0.072
14.523, 0.241, 0.091, 0.074
14.540, 0.243, 0.101, 0.084
14.556, 0.271, 0.090, 0.059
14.573, 0.285, 0.109, 0.070
14.590, 0.294, 0.109, 0.070
14.606, 0.245, 0.103, 0.063
14.623, 0.291, 0.123, 0.084
14.640, 0.297, 0.132, 0.095
14.656, 0.398, 0.171, 0.129
14.673, 0.362, 0.162, 0.127
14.690, 0.377, 0.164, 0.130
14.706, 0.283, 0.127, 0.101
14.723, 0.337, 0.150, 0.123
14.740, 0.346, 0.162, 0.135
14.756, 0.458, 0.212, 0.180
14.773, 0.427, 0.203, 0.168
14.790, 0.428, 0.202, 0.163
14.806, 0.338, 0.169, 0.142
14.824, 0.393, 0.198, 0.165
14.839, 0.409, 0.212, 0.180
14.856, 0.525, 0.268, 0.230
14.873, 0.486, 0.248, 0.218
14.889, 0.483, 0.245, 0.221
14.906, 0.491, 0.258, 0.222
14.923, 0.495, 0.262, 0.224
14.940, 0.498, 0.266, 0.219
14.956, 0.514, 0.276, 0.237
14.973, 0.504, 0.274, 0.235
14.989, 0.508, 0.279, 0.249
15.006, 0.480, 0.261, 0.249
15.023, 0.480, 0.261, 0.256
15.039, 0.468, 0.255, 0.256
15.056, 0.445, 0.256, 0.258
15.073, 0.431, 0.254, 0.253
15.090, 0.418, 0.251, 0.255
15.106, 0.392, 0.239, 0.250
15.123, 0.373, 0.233, 0.260
15.140, 0.360, 0.232, 0.269
15.156, 0.319, 0.203, 0.251
15.173, 0.297, 0.191, 0.246
15.189, 0.277, 0.174, 0.242
15.206, 0.189, 0.135, 0.212
15.223, 0.198, 0.145, 0.247
15.239, 0.170, 0.132, 0.243
15.256, 0.179, 0.148, 0.318
15.273, 0.128, 0.114, 0.287
15.290, 0.105, 0.103, 0.293
15.306, 0.065, 0.072, 0.287
15.323, 0.042, 0.061, 0.295
15.340, 0.019, 0.047, 0.300
15.356, -0.032, 0.023, 0.309
15.373, -0.053, 0.009, 0.319
15.390, -0.076, -0.001, 0.322
15.406, -0.131, -0.034, 0.343
15.423, -0.156, -0.046, 0.339
15.440, -0.180, -0.058, 0.348
15.458, -0.220, -0.076, 0.343
15.473, -0.245, -0.087, 0.351
15.490, -0.273, -0.101, 0.354
15.506, -0.317, -0.122, 0.358
15.523, -0.342, -0.128, 0.361
15.540, -0.367, -0.136, 0.363
15.558, -0.417, -0.150, 0.362
15.573, -0.443, -0.161, 0.362
15.590, -0.465, -0.164, 0.359
15.606, -0.393, -0.137, 0.277
15.623, -0.479, -0.159, 0.320
15.640, -0.509, -0.168, 0.321
15.656, -0.678, -0.215, 0.401
15.673, -0.636, -0.199, 0.350
15.690, -0.660, -0.200, 0.347
15.706, -0.705, -0.208, 0.333
15.723, -0.739, -0.209, 0.341
15.740, -0.752, -0.208, 0.334
15.756, -0.794, -0.204, 0.337
15.773, -0.810, -0.205, 0.328
15.790, -0.843, -0.210, 0.334
15.806, -0.881, -0.212, 0.320
15.823, -0.891, -0.207, 0.316
15.840, -0.906, -0.205, 0.309
15.856, -0.932, -0.212, 0.292
15.873, -0.948, -0.211, 0.289
15.890, -0.959, -0.214, 0.273
15.906, -0.989, -0.205, 0.265
15.923, -0.999, -0.211, 0.235
15.940, -1.151, -0.234, 0.223
15.957, -0.915, -0.177, 0.140
15.973, -0.933, -0.168, 0.117
15.990, -0.802, -0.129, 0.077
16.007, -1.061, -0.141, 0.031
16.023, -1.061, -0.119, 0.001
16.040, -1.040, -0.092, -0.045
16.057, -1.020, -0.035, -0.111
16.073, -1.008, 0.001, -0.143
16.090, -0.992, 0.032, -0.160
16.106, -1.001, 0.118, -0.200
16.123, -0.965, 0.138, -0.230
16.140, -0.945, 0.170, -0.250
16.157, -0.835, 0.200, -0.277
16.173, -0.811, 0.235, -0.280
16.190, -0.774, 0.258, -0.275
16.207, -0.702, 0.290, -0.260
16.223, -0.664, 0.300, -0.243
16.240, -0.632, 0.297, -0.225
16.256, -0.574, 0.286, -0.190
16.273, -0.548, 0.271, -0.178
16.290, -0.528, 0.261, -0.156
16.306, -0.474, 0.231, -0.128
16.323, -0.445, 0.220, -0.093
16.340, -0.420, 0.194, -0.089
16.356, -0.385, 0.159, -0.052
16.373, -0.373, 0.136, -0.030
16.390, -0.351, 0.115, -0.007
16.406, -0.344, 0.069, 0.040
16.423, -0.326, 0.042, 0.046
16.440, -0.318, 0.022, 0.060
16.456, -0.282, -0.025, 0.090
16.473, -0.280, -0.049, 0.101
16.490, -0.273, -0.070, 0.113
16.506, -0.262, -0.116, 0.152
16.523, -0.256, -0.138, 0.162
16.540, -0.252, -0.158, 0.178
16.556, -0.257, -0.202, 0.179
16.573, -0.253, -0.217, 0.179
16.590, -0.254, -0.234, 0.190
16.606, -0.244, -0.249, 0.195
16.623, -0.240, -0.264, 0.203
16.640, -0.242, -0.280, 0.198
16.656, -0.244, -0.305, 0.201
16.673, -0.251, -0.310, 0.199
16.690, -0.251, -0.313, 0.202
16.706, -0.256, -0.326, 0.195
16.723, -0.255, -0.329, 0.198
16.740, -0.258, -0.335, 0.196
16.756, -0.262, -0.335, 0.197
16.773, -0.267, -0.334, 0.205
16.790, -0.267, -0.334, 0.192
16.806, -0.267, -0.330, 0.188
16.823, -0.274, -0.333, 0.181
16.840, -0.276, -0.321, 0.190
16.857, -0.283, -0.307, 0.187
16.873, -0.282, -0.298, 0.186
16.890, -0.283, -0.295, 0.180
16.906, -0.286, -0.275, 0.185
16.923, -0.288, -0.267, 0.182
16.940, -0.288, -0.256, 0.182
16.956, -0.285, -0.239, 0.166
16.973, -0.285, -0.221, 0.167
16.990, -0.291, -0.219, 0.161
17.006, -0.266, -0.179, 0.150
17.023, -0.269, -0.173, 0.147
17.040, -0.267, -0.154, 0.150
17.056, -0.285, -0.144, 0.152
17.073, -0.276, -0.128, 0.148
17.090, -0.269, -0.113, 0.141
17.107, -0.272, -0.094, 0.140
17.123, -0.270, -0.079, 0.137
17.140, -0.267, -0.065, 0.139
17.156, -0.253, -0.036, 0.140
17.173, -0.249, -0.025, 0.136
17.190, -0.242, -0.014, 0.133
17.208, -0.248, 0.013, 0.139
17.223, -0.240, 0.028, 0.140
17.240, -0.240, 0.037, 0.140
17.256, -0.218, 0.058, 0.138
17.273, -0.211, 0.069, 0.133
17.290, -0.203, 0.086, 0.144
17.307, -0.194, 0.096, 0.109
17.323, -0.188, 0.103, 0.109
17.340, -0.184, 0.111, 0.102
17.357, -0.166, 0.129, 0.116
17.373, -0.166, 0.138, 0.117
17.390, -0.155, 0.139, 0.108
17.406, -0.155, 0.161, 0.125
17.423, -0.143, 0.167, 0.120
17.440, -0.140, 0.172, 0.122
17.456, -0.120, 0.171, 0.113
17.473, -0.116, 0.174, 0.113
17.490, -0.111, 0.172, 0.108
17.506, -0.100, 0.180, 0.106
17.523, -0.093, 0.180, 0.101
17.540, -0.097, 0.216, 0.127
17.556, -0.070, 0.156, 0.075
17.573, -0.069, 0.152, 0.079
17.590, -0.051, 0.120, 0.052
17.606, -0.060, 0.170, 0.089
17.625, -0.056, 0.171, 0.083
17.640, -0.055, 0.163, 0.086
17.657, -0.043, 0.161, 0.075
17.673, -0.039, 0.157, 0.076
17.690, -0.036, 0.173, 0.078
17.706, -0.023, 0.132, 0.065
17.723, -0.020, 0.124, 0.062
17.740, -0.017, 0.116, 0.056
17.757, -0.015, 0.108, 0.075
17.773, -0.011, 0.114, 0.081
17.790, -0.006, 0.087, 0.067
17.806, -0.010, 0.105, 0.065
17.823, -0.009, 0.094, 0.057
17.840, -0.004, 0.101, 0.077
17.856, -0.004, 0.081, 0.047
17.873, -0.002, 0.073, 0.048
17.890, -0.006, 0.065, 0.034
17.906, -0.002, 0.076, 0.073
17.923, -0.001, 0.066, 0.060
17.940, -0.002, 0.064, 0.064
17.956, 0.004, 0.037, 0.030
17.973, 0.005, 0.038, 0.041
17.990, 0.004, 0.028, 0.037
18.006, 0.001, 0.024, 0.039
18.023, -0.001, 0.026, 0.042
18.040, -0.001, 0.017, 0.033
18.057, 0.001, 0.015, 0.032
18.073, 0.002, 0.006, 0.020
18.090, 0.000, 0.010, 0.025
18.106, -0.003, -0.004, 0.032
18.123, -0.003, -0.008, 0.031
18.140, -0.004, -0.010, 0.029
18.157, -0.004, -0.011, 0.023
18.173, -0.006, -0.012, 0.026
18.190, -0.006, -0.014, 0.027
18.206, -0.012, -0.021, 0.031
18.223, -0.011, -0.024, 0.029
18.240, -0.014, -0.029, 0.034
18.256, -0.010, -0.021, 0.020
18.273, -0.013, -0.021, 0.020
18.290, -0.010, -0.014, 0.016
18.306, -0.013, -0.027, 0.022
18.323, -0.014, -0.029, 0.024
18.340, -0.018, -0.030, 0.024
18.356, -0.015, -0.022, 0.056
18.373, -0.019, -0.025, 0.045
18.390, -0.017, -0.026, 0.044
18.406, -0.028, -0.025, 0.020
18.423, -0.026, -0.020, 0.030
18.440, -0.028, -0.025, 0.036
18.456, -0.030, -0.028, 0.035
18.473, -0.032, -0.025, 0.032
18.490, -0.032, -0.022, 0.028
18.506, -0.028, -0.022, 0.025
18.523, -0.028, -0.021, 0.029
18.540, -0.031, -0.012, 0.036
18.556, -0.037, -0.025, 0.009
18.573, -0.037, -0.026, 0.007
18.590, -0.032, -0.033, -0.002
18.606, -0.028, -0.018, 0.020
18.623, -0.027, -0.017, 0.017
18.640, -0.028, -0.011, 0.016
18.656, -0.022, -0.007, 0.018
18.673, -0.022, -0.006, 0.015
18.690, -0.022, -0.010, 0.011
18.706, -0.022, -0.003, -0.004
18.723, -0.021, -0.003, -0.002
18.740, -0.020, 0.000, -0.004
18.756, -0.018, -0.004, 0.005
18.773, -0.016, -0.001, 0.006
18.790, -0.014, -0.000, 0.007
18.806, -0.015, 0.001, 0.001
18.823, -0.015, 0.002, -0.004
18.840, -0.014, 0.002, -0.005
18.857, -0.008, 0.006, 0.002
18.873, -0.003, 0.008, 0.013
18.890, -0.002, 0.009, 0.015
18.906, -0.001, 0.010, 0.014
18.923, -0.003, 0.009, 0.009
18.940, -0.002, 0.010, 0.011
18.957, -0.001, 0.008, 0.014
18.973, 0.000, 0.010, 0.014
18.990, 0.001, 0.011, 0.017
19.006, 0.002, 0.006, 0.009
19.023, 0.003, 0.007, 0.009
19.040, 0.004, 0.005, 0.003
19.056, 0.007, 0.008, 0.010
19.073, 0.005, 0.006, 0.010
19.090, 0.007, 0.005, 0.011
19.106, -0.000, 0.007, -0.002
19.123, 0.000, 0.007, -0.003
19.139, 0.001, 0.009, 0.001
19.156, 0.009, 0.006, 0.012
19.173, 0.010, 0.007, 0.012
19.190, 0.009, 0.004, 0.009
19.206, 0.007, 0.008, 0.005
19.223, 0.005, 0.007, 0.003
19.239, 0.005, 0.007, 0.002
19.256, 0.007, 0.005, 0.004
19.273, 0.008, 0.004, 0.006
19.290, 0.009, 0.004, 0.004
19.306, 0.009, 0.012, 0.017
19.323, 0.010, 0.012, 0.016
19.340, 0.007, 0.012, 0.015
19.356, 0.003, -0.009, -0.021
19.373, 0.003, -0.008, -0.020
19.390, 0.003, -0.009, -0.023
19.406, 0.006, 0.004, -0.007
19.423, 0.006, 0.001, -0.007
19.440, 0.007, -0.002, -0.007
19.456, 0.010, -0.006, -0.004
19.473, 0.010, -0.006, -0.008
19.490, 0.011, -0.003, -0.007
19.507, 0.008, -0.010, -0.022
19.523, 0.008, -0.010, -0.021
19.539, 0.011, -0.012, -0.018
19.557, 0.012, -0.013, -0.006
19.573, 0.016, -0.009, 0.002
19.590, 0.014, -0.016, -0.013
19.607, 0.011, -0.010, -0.013
19.623, 0.007, -0.015, -0.020
19.639, 0.006, -0.008, -0.013
19.656, 0.010, -0.012, -0.012
19.673, 0.009, -0.011, -0.011
19.690, 0.010, -0.014, -0.008
19.706, 0.004, -0.016, -0.020
19.723, 0.003, -0.016, -0.022
19.739, 0.004, -0.015, -0.017
19.756, 0.005, -0.010, -0.005
19.773, 0.004, -0.012, -0.001
19.789, -0.000, -0.015, -0.007
19.806, -0.000, -0.015, -0.007
19.823, -0.002, -0.012, -0.004
19.839, 0.000, -0.011, 0.004
19.856, -0.009, -0.015, -0.012
19.873, -0.010, -0.014, -0.014
19.890, -0.015, -0.016, -0.020
19.906, -0.010, -0.011, -0.012
19.923, -0.011, -0.011, -0.012
19.940, -0.013, -0.010, -0.017
19.956, -0.017, -0.008, -0.007
19.973, -0.020, -0.007, -0.005
19.989, -0.019, -0.005, -0.000
20.006, -0.019, -0.001, -0.003
20.024, -0.021, 0.002, -0.006
20.039, -0.027, 0.012, -0.003
20.056, -0.028, -0.003, -0.033
20.073, -0.022, 0.003, -0.014
20.089, -0.017, -0.003, -0.024
20.106, -0.027, 0.020, 0.001
20.123, -0.033, 0.011, -0.023
20.140, -0.041, 0.017, -0.030
20.156, -0.036, 0.011, -0.033
20.173, -0.034, 0.018, -0.026
20.190, -0.029, 0.014, -0.018
20.206, -0.029, 0.024, -0.019
20.223, -0.032, 0.025, -0.020
20.240, -0.038, 0.032, -0.028
20.256, -0.032, 0.027, -0.028
20.273, -0.032, 0.028, -0.035
20.290, -0.028, 0.024, -0.038
20.306, -0.036, 0.027, -0.052
20.323, -0.027, 0.036, -0.037
20.342, -0.029, 0.031, -0.045
20.356, -0.027, 0.037, -0.049
20.373, -0.033, 0.027, -0.066
20.389, -0.029, 0.030, -0.058
20.406, -0.027, 0.033, -0.065
20.423, -0.023, 0.034, -0.074
20.439, -0.024, 0.036, -0.077
20.456, -0.012, 0.038, -0.050
20.473, -0.017, 0.032, -0.060
20.490, -0.019, 0.030, -0.069
20.506, -0.018, 0.014, -0.085
20.523, -0.012, 0.017, -0.071
20.539, -0.009, 0.012, -0.072
20.556, -0.009, 0.010, -0.056
20.573, -0.009, 0.008, -0.059
20.590, -0.006, 0.001, -0.056
20.606, -0.006, 0.001, -0.060
20.623, -0.003, -0.012, -0.061
20.640, 0.004, -0.008, -0.054
20.657, 0.013, -0.017, -0.068
20.673, 0.014, -0.020, -0.061
20.690, 0.017, -0.028, -0.055
20.706, 0.027, -0.042, -0.050
20.723, 0.036, -0.039, -0.056
20.739, 0.049, -0.049, -0.057
20.756, 0.051, -0.044, -0.042
20.773, 0.059, -0.045, -0.032
20.790, 0.059, -0.051, -0.032
20.806, 0.091, -0.063, -0.039
20.823, 0.097, -0.067, -0.029
20.839, 0.109, -0.071, -0.035
20.856, 0.124, -0.088, -0.038
20.873, 0.137, -0.097, -0.050
20.889, 0.144, -0.091, -0.037
20.906, 0.158, -0.102, -0.041
20.923, 0.167, -0.104, -0.036
20.939, 0.176, -0.111, -0.040
20.956, 0.195, -0.110, -0.030
20.973, 0.205, -0.111, -0.028
20.989, 0.211, -0.111, -0.023
21.006, 0.229, -0.113, -0.024
21.023, 0.235, -0.115, -0.024
21.039, 0.245, -0.120, -0.023
21.056, 0.260, -0.125, -0.022
21.073, 0.263, -0.122, -0.018
21.090, 0.271, -0.121, -0.023
21.107, 0.276, -0.121, -0.012
21.123, 0.288, -0.127, -0.020
21.139, 0.325, -0.142, -0.019
21.156, 0.271, -0.113, -0.026
21.173, 0.268, -0.102, -0.014
21.189, 0.233, -0.094, -0.023
21.206, 0.301, -0.116, -0.020
21.223, 0.303, -0.124, -0.032
21.239, 0.339, -0.121, -0.031
21.256, 0.270, -0.094, -0.027
21.273, 0.270, -0.086, -0.028
21.289, 0.230, -0.076, -0.024
21.306, 0.290, -0.093, -0.039
21.323, 0.290, -0.090, -0.041
21.339, 0.285, -0.086, -0.041
21.356, 0.283, -0.076, -0.050
21.375, 0.278, -0.074, -0.051
21.390, 0.279, -0.073, -0.057
21.406, 0.276, -0.071, -0.060
21.423, 0.276, -0.068, -0.061
21.439, 0.274, -0.069, -0.067
21.456, 0.269, -0.068, -0.074
21.473, 0.262, -0.074, -0.081
21.490, 0.262, -0.069, -0.076
21.506, 0.269, -0.073, -0.080
21.523, 0.269, -0.072, -0.078
21.539, 0.267, -0.077, -0.081
21.556, 0.253, -0.080, -0.080
21.573, 0.255, -0.081, -0.082
21.590, 0.250, -0.078, -0.078
21.606, 0.260, -0.084, -0.080
21.623, 0.255, -0.086, -0.077
21.639, 0.255, -0.088, -0.076
21.656, 0.242, -0.085, -0.072
21.673, 0.246, -0.084, -0.071
21.690, 0.244, -0.086, -0.071
21.706, 0.240, -0.080, -0.059
21.723, 0.239, -0.088, -0.061
21.739, 0.239, -0.086, -0.058
21.756, 0.243, -0.093, -0.062
21.773, 0.241, -0.089, -0.059
21.790, 0.240, -0.091, -0.060
21.806, 0.236, -0.094, -0.058
21.823, 0.239, -0.087, -0.051
21.839, 0.234, -0.090, -0.051
21.856, 0.231, -0.095, -0.047
21.873, 0.226, -0.100, -0.047
21.890, 0.227, -0.095, -0.040
21.906, 0.223, -0.087, -0.040
21.923, 0.223, -0.082, -0.037
21.940, 0.222, -0.087, -0.039
21.956, 0.220, -0.083, -0.033
21.973, 0.219, -0.084, -0.033
21.990, 0.220, -0.078, -0.029
22.006, 0.234, -0.068, -0.013
22.023, 0.231, -0.072, -0.020
22.039, 0.234, -0.071, -0.019
22.056, 0.221, -0.076, -0.025
22.073, 0.225, -0.068, -0.013
22.090, 0.224, -0.070, -0.015
22.106, 0.200, -0.062, -0.014
22.123, 0.201, -0.064, -0.014
22.139, 0.201, -0.060, -0.010
22.156, 0.231, -0.074, -0.011
22.173, 0.233, -0.076, -0.009
22.190, 0.237, -0.079, -0.008
22.206, 0.235, -0.075, 0.002
22.223, 0.233, -0.080, -0.004
22.239, 0.234, -0.080, -0.001
22.256, 0.239, -0.089, -0.008
22.273, 0.241, -0.087, -0.004
22.290, 0.243, -0.091, -0.005
22.306, 0.246, -0.087, -0.002
22.323, 0.249, -0.091, -0.004
22.340, 0.252, -0.094, -0.010
22.356, 0.257, -0.107, -0.020
22.373, 0.259, -0.108, -0.021
22.390, 0.255, -0.106, -0.019
22.406, 0.261, -0.109, -0.026
22.423, 0.260, -0.108, -0.024
22.440, 0.264, -0.115, -0.028
22.456, 0.263, -0.112, -0.029
22.473, 0.266, -0.109, -0.027
22.489, 0.262, -0.112, -0.034
22.506, 0.259, -0.109, -0.031
22.523, 0.257, -0.117, -0.038
22.539, 0.258, -0.111, -0.032
22.556, 0.256, -0.115, -0.034
22.573, 0.257, -0.114, -0.036
22.589, 0.251, -0.113, -0.034
22.606, 0.263, -0.122, -0.039
22.623, 0.262, -0.121, -0.039
22.640, 0.268, -0.125, -0.038
22.657, 0.255, -0.117, -0.033
22.673, 0.249, -0.117, -0.027
22.690, 0.247, -0.119, -0.028
22.706, 0.242, -0.121, -0.026
22.723, 0.241, -0.121, -0.024
22.739, 0.237, -0.119, -0.024
22.756, 0.243, -0.125, -0.024
22.773, 0.243, -0.128, -0.031
22.789, 0.239, -0.128, -0.031
22.806, 0.220, -0.120, -0.023
22.823, 0.221, -0.124, -0.026
22.839, 0.223, -0.123, -0.026
22.856, 0.222, -0.132, -0.035
22.873, 0.216, -0.127, -0.034
22.890, 0.215, -0.132, -0.042
22.906, 0.214, -0.130, -0.040
22.923, 0.214, -0.132, -0.045
22.940, 0.213, -0.128, -0.037
22.956, 0.213, -0.132, -0.048
22.973, 0.214, -0.135, -0.048
22.989, 0.212, -0.133, -0.042
23.006, 0.217, -0.136, -0.042
23.023, 0.213, -0.134, -0.034
23.039, 0.218, -0.139, -0.040
23.056, 0.215, -0.134, -0.031
23.073, 0.217, -0.133, -0.029
23.089, 0.213, -0.131, -0.024
23.106, 0.213, -0.130, -0.018
23.124, 0.216, -0.132, -0.013
23.139, 0.239, -0.146, -0.007
23.156, 0.193, -0.117, 0.005
23.173, 0.188, -0.114, 0.008
23.189, 0.166, -0.101, 0.011
23.206, 0.209, -0.128, 0.029
23.224, 0.210, -0.130, 0.035
23.239, 0.233, -0.145, 0.046
23.256, 0.194, -0.122, 0.037
23.273, 0.193, -0.122, 0.040
23.290, 0.169, -0.107, 0.035
23.306, 0.210, -0.136, 0.057
23.323, 0.211, -0.140, 0.056
23.339, 0.210, -0.144, 0.058
23.356, 0.209, -0.150, 0.059
23.373, 0.209, -0.154, 0.069
23.389, 0.209, -0.156, 0.066
23.406, 0.222, -0.175, 0.062
23.423, 0.222, -0.178, 0.051
23.440, 0.220, -0.183, 0.058
23.456, 0.206, -0.193, 0.040
23.473, 0.205, -0.199, 0.036
23.489, 0.207, -0.206, 0.026
23.506, 0.216, -0.213, 0.012
23.523, 0.216, -0.220, 0.011
23.540, 0.214, -0.219, 0.008
23.556, 0.223, -0.244, -0.008
23.573, 0.222, -0.244, -0.018
23.589, 0.225, -0.256, -0.029
23.606, 0.207, -0.241, -0.026
23.623, 0.206, -0.247, -0.029
23.639, 0.206, -0.247, -0.036
23.656, 0.199, -0.242, -0.050
23.673, 0.195, -0.237, -0.059
23.689, 0.190, -0.230, -0.063
23.706, 0.185, -0.225, -0.072
23.723, 0.180, -0.218, -0.073
23.740, 0.176, -0.213, -0.077
23.756, 0.164, -0.201, -0.078
23.773, 0.159, -0.196, -0.079
23.789, 0.146, -0.183, -0.078
23.806, 0.128, -0.159, -0.068
23.823, 0.120, -0.151, -0.067
23.839, 0.112, -0.142, -0.060
23.856, 0.096, -0.128, -0.055
23.873, 0.088, -0.116, -0.050
23.889, 0.078, -0.104, -0.045
23.906, 0.057, -0.076, -0.043
23.923, 0.044, -0.063, -0.041
23.940, 0.034, -0.049, -0.037
23.956, 0.016, -0.026, -0.021
23.973, 0.007, -0.013, -0.015
23.989, -0.003, -0.001, -0.011
24.006, -0.019, 0.021, -0.007
24.023, -0.029, 0.034, -0.006
24.040, -0.038, 0.047, -0.000
24.056, -0.058, 0.073, 0.008
24.073, -0.065, 0.083, 0.011
24.089, -0.071, 0.092, 0.014
24.106, -0.086, 0.113, 0.024
24.123, -0.092, 0.122, 0.028
24.139, -0.100, 0.131, 0.031
24.156, -0.107, 0.147, 0.036
24.173, -0.117, 0.157, 0.044
24.189, -0.118, 0.162, 0.043
24.206, -0.129, 0.175, 0.054
24.223, -0.130, 0.175, 0.056
24.239, -0.139, 0.185, 0.062
24.256, -0.143, 0.186, 0.057
24.273, -0.148, 0.191, 0.064
24.289, -0.147, 0.188, 0.064
24.306, -0.149, 0.188, 0.066
24.323, -0.148, 0.187, 0.062
24.340, -0.151, 0.186, 0.061
24.356, -0.154, 0.186, 0.066
24.373, -0.157, 0.185, 0.069
24.389, -0.158, 0.184, 0.070
24.406, -0.156, 0.173, 0.059
24.423, -0.152, 0.166, 0.048
24.439, -0.166, 0.178, 0.051
24.456, -0.134, 0.137, 0.045
24.473, -0.129, 0.129, 0.045
24.490, -0.110, 0.107, 0.038
24.506, -0.139, 0.130, 0.044
24.523, -0.138, 0.125, 0.042
24.540, -0.134, 0.118, 0.044
24.556, -0.124, 0.101, 0.041
24.573, -0.122, 0.098, 0.047
24.590, -0.115, 0.088, 0.043
24.606, -0.107, 0.077, 0.039
24.623, -0.099, 0.067, 0.038
24.639, -0.094, 0.062, 0.034
24.656, -0.084, 0.054, 0.046
24.673, -0.078, 0.047, 0.041
24.690, -0.073, 0.042, 0.043
24.706, -0.060, 0.029, 0.037
24.723, -0.057, 0.027, 0.037
24.740, -0.053, 0.024, 0.038
24.756, -0.043, 0.015, 0.027
24.773, -0.035, 0.009, 0.024
24.790, -0.028, 0.007, 0.026
24.806, -0.021, -0.000, 0.024
24.823, -0.017, -0.003, 0.023
24.840, -0.015, -0.007, 0.017
24.856, -0.001, -0.000, 0.023
24.873, -0.001, -0.002, 0.016
24.890, 0.002, -0.001, 0.013
24.906, 0.007, -0.010, 0.004
24.923, 0.014, -0.004, 0.005
24.940, 0.017, -0.008, -0.002
24.956, 0.021, -0.009, -0.017
24.973, 0.022, -0.006, -0.013
24.989, 0.025, -0.002, -0.011
25.006, 0.022, -0.002, -0.017
25.023, 0.026, -0.009, -0.033
25.040, 0.033, -0.010, -0.031
25.056, 0.027, -0.005, -0.020
25.073, 0.025, -0.003, -0.015
25.090, 0.022, -0.002, -0.021
25.106, 0.034, -0.010, -0.030
25.123, 0.032, -0.010, -0.031
25.140, 0.028, -0.010, -0.031
25.156, 0.027, -0.009, -0.036
25.173, 0.026, -0.009, -0.036
25.190, 0.025, -0.011, -0.036
25.206, 0.018, -0.007, -0.022
25.223, 0.016, -0.008, -0.020
25.240, 0.013, -0.007, -0.016
25.256, 0.008, -0.008, -0.017
25.273, 0.006, -0.008, -0.016
25.290, 0.001, -0.008, -0.013
25.306, -0.001, -0.010, -0.010
25.323, -0.005, -0.010, -0.005
25.340, -0.004, -0.011, -0.007
25.357, -0.012, -0.008, 0.002
25.373, -0.015, -0.008, 0.005
25.390, -0.019, -0.007, 0.010
25.406, -0.017, -0.014, 0.005
25.423, -0.017, -0.013, 0.004
25.440, -0.017, -0.014, 0.003
25.456, -0.024, -0.011, 0.004
25.473, -0.023, -0.013, 0.001
25.490, -0.024, -0.013, -0.002
25.507, -0.024, -0.009, 0.003
25.523, -0.024, -0.007, 0.004
25.540, -0.023, -0.004, 0.002
25.557, -0.017, -0.004, -0.008
25.573, -0.015, -0.007, -0.017
25.589, -0.014, -0.006, -0.016
25.606, -0.012, -0.008, -0.026
25.623, -0.013, -0.005, -0.024
25.640, -0.010, -0.006, -0.027
25.657, -0.005, -0.007, -0.028
25.673, -0.002, -0.004, -0.027
25.690, -0.000, -0.005, -0.032
25.708, 0.002, -0.003, -0.037
25.723, 0.003, -0.005, -0.041
25.740, 0.007, -0.006, -0.046
25.756, 0.010, -0.004, -0.032
25.773, 0.014, -0.005, -0.033
25.790, 0.014, -0.005, -0.026
25.807, 0.019, -0.008, -0.028
25.823, 0.021, -0.010, -0.024
25.840, 0.024, -0.012, -0.022
25.856, 0.029, -0.016, -0.022
25.873, 0.031, -0.019, -0.023
25.890, 0.030, -0.018, -0.020
25.906, 0.030, -0.019, -0.013
25.923, 0.033, -0.021, -0.013
25.940, 0.034, -0.022, -0.008
25.957, 0.036, -0.026, -0.005
25.973, 0.034, -0.024, 0.000
25.990, 0.034, -0.025, -0.004
26.006, 0.037, -0.030, -0.000
26.026, 0.037, -0.030, 0.003
26.040, 0.037, -0.031, 0.005
26.057, 0.032, -0.026, 0.008
26.073, 0.031, -0.027, 0.007
26.090, 0.029, -0.026, 0.009
26.107, 0.029, -0.025, 0.007
26.123, 0.029, -0.027, 0.006
26.140, 0.029, -0.025, 0.006
26.156, 0.026, -0.028, -0.001
26.173, 0.023, -0.023, -0.002
26.189, 0.019, -0.024, -0.002
26.206, 0.020, -0.025, -0.005
26.223, 0.020, -0.026, -0.008
26.240, 0.018, -0.027, -0.008
26.256, 0.015, -0.025, -0.012
26.273, 0.013, -0.025, -0.013
26.290, 0.012, -0.024, -0.017
26.307, 0.011, -0.029, -0.020
26.324, 0.010, -0.030, -0.021
26.342, 0.008, -0.029, -0.019
26.357, 0.007, -0.028, -0.025
26.373, 0.007, -0.030, -0.024
26.390, 0.008, -0.032, -0.031
26.407, 0.003, -0.030, -0.025
26.424, -0.000, -0.027, -0.025
26.440, -0.002, -0.029, -0.025
26.457, -0.003, -0.031, -0.027
26.473, -0.003, -0.036, -0.030
26.490, -0.001, -0.035, -0.032
26.507, 0.001, -0.036, -0.037
26.523, 0.001, -0.037, -0.039
26.539, -0.003, -0.038, -0.038
26.556, -0.009, -0.041, -0.036
26.573, -0.011, -0.042, -0.037
26.589, -0.010, -0.044, -0.039
26.606, -0.006, -0.048, -0.047
26.623, -0.006, -0.048, -0.045
26.640, -0.008, -0.047, -0.041
26.656, -0.014, -0.043, -0.025
26.673, -0.016, -0.041, -0.023
26.690, -0.014, -0.041, -0.022
26.706, -0.015, -0.040, -0.010
26.723, -0.016, -0.039, -0.000
26.740, -0.017, -0.037, 0.009
26.756, -0.015, -0.033, 0.015
26.773, -0.018, -0.028, 0.021
26.790, -0.020, -0.022, 0.030
26.806, -0.021, -0.016, 0.030
26.823, -0.022, -0.012, 0.033
26.840, -0.021, -0.010, 0.036
26.856, -0.028, 0.002, 0.060
26.873, -0.027, 0.006, 0.064
26.890, -0.029, 0.013, 0.068
26.906, -0.041, 0.028, 0.076
26.923, -0.045, 0.032, 0.079
26.940, -0.050, 0.038, 0.084
26.956, -0.046, 0.037, 0.082
26.973, -0.048, 0.042, 0.088
26.989, -0.047, 0.042, 0.087
27.006, -0.046, 0.058, 0.098
27.023, -0.049, 0.056, 0.089
27.040, -0.062, 0.068, 0.102
27.056, -0.052, 0.045, 0.074
27.073, -0.050, 0.047, 0.077
27.089, -0.040, 0.040, 0.065
27.106, -0.053, 0.051, 0.081
27.123, -0.054, 0.053, 0.088
27.139, -0.057, 0.057, 0.090
27.156, -0.046, 0.047, 0.077
27.173, -0.043, 0.047, 0.067
27.190, -0.036, 0.037, 0.051
27.206, -0.045, 0.062, 0.069
27.223, -0.042, 0.058, 0.059
27.240, -0.042, 0.060, 0.054
27.256, -0.031, 0.042, 0.014
27.273, -0.030, 0.045, 0.006
27.289, -0.030, 0.043, -0.008
27.306, -0.031, 0.044, -0.026
27.323, -0.027, 0.041, -0.036
27.339, -0.019, 0.050, -0.031
27.356, -0.016, 0.053, -0.043
27.373, -0.011, 0.053, -0.054
27.390, -0.011, 0.046, -0.074
27.406, -0.011, 0.044, -0.099
27.423, -0.010, 0.043, -0.117
27.439, -0.010, 0.044, -0.127
27.456, 0.001, 0.041, -0.154
27.473, 0.001, 0.041, -0.155
27.489, 0.003, 0.040, -0.165
27.506, 0.006, 0.043, -0.183
27.523, 0.007, 0.042, -0.197
27.539, 0.009, 0.041, -0.202
27.556, 0.018, 0.046, -0.228
27.573, 0.020, 0.039, -0.231
27.590, 0.021, 0.033, -0.246
27.606, 0.021, 0.023, -0.241
27.623, 0.020, 0.022, -0.239
27.640, 0.022, 0.019, -0.231
27.656, 0.013, 0.011, -0.206
27.673, 0.016, 0.018, -0.207
27.690, 0.011, 0.014, -0.202
27.706, 0.009, 0.008, -0.206
27.723, 0.002, 0.001, -0.199
27.740, 0.003, 0.002, -0.199
27.757, 0.005, 0.011, -0.186
27.773, 0.005, 0.001, -0.188
27.790, 0.001, -0.002, -0.184
27.806, -0.009, -0.013, -0.207
27.823, -0.013, -0.005, -0.201
27.839, -0.016, -0.005, -0.221
27.856, -0.015, -0.007, -0.159
27.873, -0.018, -0.008, -0.157
27.890, -0.018, -0.005, -0.124
27.906, -0.030, -0.003, -0.175
27.923, -0.031, 0.003, -0.165
27.939, -0.038, 0.004, -0.189
27.956, -0.036, 0.016, -0.124
27.973, -0.034, 0.013, -0.128
27.990, -0.031, 0.015, -0.106
28.006, -0.037, 0.016, -0.150
28.023, -0.042, 0.025, -0.147
28.039, -0.046, 0.032, -0.166
28.056, -0.037, 0.025, -0.126
28.073, -0.031, 0.024, -0.133
28.090, -0.025, 0.023, -0.119
28.106, -0.034, 0.035, -0.163
28.123, -0.039, 0.034, -0.161
28.140, -0.038, 0.035, -0.168
28.156, -0.040, 0.040, -0.168
28.173, -0.037, 0.040, -0.173
28.190, -0.037, 0.039, -0.170
28.208, -0.033, 0.031, -0.177
28.223, -0.034, 0.033, -0.174
28.240, -0.034, 0.034, -0.176
28.256, -0.039, 0.034, -0.167
28.273, -0.038, 0.031, -0.166
28.290, -0.040, 0.029, -0.158
28.306, -0.036, 0.031, -0.160
28.323, -0.040, 0.029, -0.157
28.339, -0.038, 0.028, -0.157
28.356, -0.046, 0.028, -0.147
28.373, -0.044, 0.027, -0.145
28.389, -0.043, 0.025, -0.145
28.406, -0.040, 0.012, -0.140
28.423, -0.040, 0.012, -0.145
28.439, -0.049, 0.010, -0.151
28.456, -0.036, 0.010, -0.142
28.473, -0.036, 0.006, -0.134
28.490, -0.029, 0.005, -0.122
28.506, -0.036, -0.004, -0.139
28.523, -0.040, -0.002, -0.134
28.540, -0.041, -0.008, -0.163
28.556, -0.035, -0.005, -0.121
28.573, -0.031, -0.008, -0.127
28.589, -0.026, -0.008, -0.108
28.606, -0.028, -0.007, -0.154
28.623, -0.024, -0.005, -0.154
28.640, -0.020, -0.004, -0.151
28.656, -0.023, -0.006, -0.152
28.673, -0.022, -0.013, -0.168
28.690, -0.024, -0.017, -0.171
28.706, -0.006, -0.014, -0.184
28.723, -0.001, -0.010, -0.172
28.740, 0.008, -0.003, -0.188
28.756, 0.005, -0.003, -0.140
28.773, 0.011, 0.003, -0.138
28.789, 0.008, 0.000, -0.125
28.806, 0.014, 0.002, -0.157
28.823, 0.016, 0.000, -0.164
28.840, 0.020, 0.008, -0.152
28.856, 0.030, 0.008, -0.163
28.873, 0.033, 0.010, -0.169
28.890, 0.035, 0.008, -0.179
28.906, 0.043, 0.020, -0.183
28.923, 0.042, 0.024, -0.181
28.940, 0.044, 0.030, -0.185
28.956, 0.037, 0.032, -0.166
28.973, 0.040, 0.036, -0.168
28.990, 0.041, 0.041, -0.161
29.006, 0.051, 0.053, -0.197
29.023, 0.049, 0.058, -0.190
29.040, 0.047, 0.057, -0.189
29.056, 0.037, 0.056, -0.169
29.073, 0.034, 0.054, -0.165
29.090, 0.032, 0.053, -0.159
29.106, 0.015, 0.053, -0.132
29.123, 0.012, 0.048, -0.131
29.140, 0.004, 0.045, -0.126
29.156, 0.009, 0.040, -0.134
29.173, 0.004, 0.042, -0.126
29.190, 0.006, 0.042, -0.126
29.206, -0.007, 0.040, -0.114
29.223, -0.009, 0.043, -0.113
29.240, -0.012, 0.040, -0.117
29.258, -0.018, 0.046, -0.102
29.273, -0.018, 0.040, -0.112
29.290, -0.025, 0.043, -0.102
29.306, -0.027, 0.028, -0.119
29.323, -0.034, 0.030, -0.107
29.340, -0.037, 0.027, -0.120
29.356, -0.030, 0.016, -0.086
29.373, -0.036, 0.008, -0.091
29.390, -0.031, 0.000, -0.075
29.406, -0.051, 0.009, -0.089
29.423, -0.048, 0.004, -0.089
29.440, -0.053, 0.002, -0.105
29.456, -0.038, -0.010, -0.098
29.473, -0.036, -0.011, -0.091
29.490, -0.030, -0.014, -0.077
29.506, -0.034, -0.025, -0.082
29.523, -0.032, -0.022, -0.086
29.540, -0.030, -0.021, -0.086
29.556, -0.027, -0.007, -0.087
29.573, -0.022, -0.013, -0.082
29.590, -0.016, -0.011, -0.080
29.606, -0.003, -0.014, -0.084
29.623, 0.004, -0.004, -0.076
29.640, 0.004, -0.006, -0.082
29.656, 0.014, -0.003, -0.089
29.673, 0.015, -0.005, -0.091
29.690, 0.024, -0.002, -0.090
29.706, 0.030, 0.002, -0.114
29.723, 0.037, 0.004, -0.141
29.740, 0.037, 0.006, -0.184
29.756, 0.038, 0.008, -0.283
29.773, 0.034, 0.010, -0.349
29.790, 0.032, 0.014, -0.426
29.806, 0.031, 0.007, -0.591
29.823, 0.027, 0.010, -0.683
29.840, 0.024, 0.006, -0.884
29.856, 0.005, 0.001, -0.838
29.873, 0.064, 0.029, -0.830
29.890, 0.106, 0.022, -0.455
29.906, 0.131, 0.019, -0.081
29.923, 0.090, -0.025, 0.130
29.940, 0.076, -0.035, 0.066
29.956, 0.090, -0.024, -0.048
29.973, 0.106, -0.026, -0.115
29.990, 0.080, -0.023, -0.092
30.006, 0.045, -0.020, -0.047
30.023, -0.010, -0.018, -0.020
30.040, -0.006, -0.000, -0.013
30.056, -0.007, -0.005, -0.025
30.073, 0.008, 0.004, -0.006
30.090, -0.001, -0.002, -0.001
30.106, -0.003, -0.001, -0.001
30.123, 0.000, -0.000, 0.000
30.140, -0.000, -0.000, -0.000
30.157, 0.000, 0.000, -0.000
30.173, 0.000, 0.001, 0.000
30.190, -0.000, 0.000, 0.001
30.206, 0.000, -0.000, 0.000
30.223, 0.000, -0.001, -0.000
30.240, 0.001, 0.000, -0.001
30.256, 0.000, 0.000, -0.001
30.273, -0.000, 0.001, -0.000
30.290, -0.000, -0.000, -0.001
30.306, 0.000, -0.000, -0.000
30.323, 0.000, -0.000, 0.001
30.340, 0.000, -0.000, 0.000
30.356, 0.000, 0.001, 0.000
30.373, -0.001, -0.001, 0.002
30.390, 0.000, 0.000, -0.000
30.406, -0.000, -0.001, 0.000
30.423, 0.001, 0.000, -0.003
30.440, 0.000, -0.000, 0.000
30.456, 0.000, -0.000, 0.000
30.473, -0.000, 0.000, -0.000
30.490, -0.000, -0.001, 0.000
30.507, -0.002, -0.000, 0.005
30.523, -0.001, -0.000, 0.003
30.540, -0.002, -0.000, 0.005
30.556, 0.002, 0.001, -0.005
30.573, 0.001, -0.000, -0.001
30.590, 0.002, 0.001, -0.004
30.606, 0.000, 0.001, -0.001
30.623, 0.000, 0.001, -0.001
30.640, 0.000, 0.001, -0.001
30.656, -0.000, 0.001, -0.001
30.673, 0.000, 0.001, -0.001
30.690, -0.001, 0.002, 0.001
30.706, 0.001, -0.001, -0.002
30.723, 0.001, -0.000, -0.003
30.740, 0.002, -0.001, -0.004
30.756, -0.000, 0.001, -0.000
30.773, -0.000, 0.001, 0.000
30.790, -0.000, 0.001, 0.000
30.807, -0.000, 0.000, -0.000
30.823, -0.000, -0.001, -0.000
30.840, -0.000, -0.001, 0.000
30.856, -0.000, -0.001, 0.000
30.873, -0.000, 0.000, 0.000
30.890, 0.000, 0.001, -0.001
30.906, 0.000, 0.000, -0.001
30.926, -0.001, -0.000, 0.001
30.940, 0.000, -0.000, -0.001
30.956, -0.000, -0.001, 0.002
30.973, 0.001, -0.000, -0.001
30.990, -0.000, 0.000, 0.000
31.006, -0.002, -0.001, 0.005
31.026, -0.002, -0.001, 0.004
31.040, -0.001, -0.003, 0.004
31.057, -0.001, 0.000, 0.002
31.073, 0.000, 0.001, 0.000
31.090, -0.002, -0.000, 0.004
31.106, -0.000, 0.000, -0.000
31.123, -0.000, 0.000, -0.000
31.140, 0.001, 0.000, 0.001
31.157, 0.002, 0.001, -0.004
31.173, 0.001, 0.001, -0.003
31.190, 0.001, 0.001, -0.006
31.206, -0.000, 0.000, -0.001
31.223, -0.000, -0.001, 0.000
31.240, -0.000, 0.000, -0.001
31.256, -0.000, -0.001, 0.001
31.273, -0.000, -0.001, 0.001
31.290, -0.000, -0.001, 0.002
31.306, 0.000, 0.002, -0.002
31.323, 0.000, 0.001, -0.001
31.340, -0.001, 0.002, 0.002
31.356, -0.001, -0.000, 0.002
31.373, -0.001, 0.001, 0.001
31.390, 0.001, -0.000, -0.002
31.406, -0.000, 0.001, -0.001
31.423, -0.001, -0.000, 0.002
31.440, -0.000, -0.000, -0.000
31.456, 0.000, -0.000, 0.001
31.473, 0.000, 0.000, 0.001
31.490, 0.000, 0.001, -0.000
31.506, 0.000, 0.001, -0.001
31.523, 0.001, -0.000, -0.003
31.540, 0.000, -0.000, 0.000
31.557, -0.000, -0.000, 0.001
31.573, -0.000, -0.000, 0.001
31.590, -0.000, -0.001, 0.001
31.606, -0.002, -0.001, 0.004
31.623, -0.001, -0.000, 0.002
31.639, -0.001, 0.001, 0.001
31.656, -0.001, -0.001, 0.003
31.673, -0.001, -0.001, 0.002
31.690, -0.002, -0.002, 0.006
31.706, 0.001, 0.001, -0.006
31.723, 0.001, 0.001, -0.004
31.740, 0.001, 0.002, -0.007
31.759, -0.000, 0.001, -0.002
31.773, -0.000, -0.000, -0.000
31.790, 0.001, -0.001, 0.001
31.806, -0.000, 0.000, -0.001
31.823, -0.001, 0.001, -0.002
31.840, -0.001, 0.001, -0.003
31.856, -0.000, -0.001, 0.001
31.873, -0.000, -0.000, 0.000
31.890, -0.000, -0.001, 0.001
31.906, 0.000, 0.001, -0.001
31.923, 0.000, 0.001, -0.001
31.940, 0.000, 0.002, -0.001
31.956, 0.000, -0.001, 0.001
31.973, -0.000, -0.001, 0.001
31.990, -0.001, -0.002, 0.003
32.006, 0.001, 0.001, -0.002
32.023, -0.000, 0.000, 0.001
32.040, 0.002, 0.002, -0.005
32.056, 0.000, 0.000, -0.002
32.073, 0.001, 0.000, -0.003
32.090, 0.000, 0.000, -0.000
32.106, 0.000, -0.001, 0.002
32.123, 0.000, 0.000, 0.000
32.140, 0.000, -0.001, 0.001
32.156, -0.002, -0.001, 0.005
32.173, -0.001, -0.001, 0.003
32.190, -0.001, -0.001, 0.002
32.206, -0.001, -0.001, 0.004
32.223, -0.001, -0.001, 0.003
32.240, -0.001, -0.001, 0.004
32.256, 0.001, -0.001, -0.002
32.273, 0.000, -0.001, -0.000
32.290, -0.001, -0.002, 0.003
32.306, 0.001, 0.001, -0.003
32.323, 0.001, -0.001, -0.002
32.340, 0.003, 0.000, -0.005
32.356, -0.001, 0.001, -0.001
32.373, -0.000, 0.001, -0.001
32.390, -0.001, 0.001, -0.001
32.406, 0.001, -0.000, -0.001
32.423, -0.001, -0.001, 0.002
32.440, -0.001, 0.001, 0.000
32.457, 0.000, -0.000, -0.001
32.473, 0.002, 0.000, -0.004
32.490, 0.002, -0.000, -0.004
32.507, -0.000, -0.001, 0.000
32.523, -0.000, -0.001, 0.001
32.540, -0.001, -0.001, 0.002
32.557, 0.000, 0.000, 0.001
32.573, 0.000, 0.000, 0.000
32.590, 0.000, 0.000, 0.000
32.606, -0.002, -0.001, 0.004
32.623, -0.002, -0.001, 0.004
32.640, -0.001, 0.000, 0.001
32.657, -0.001, -0.001, 0.003
32.673, 0.000, -0.000, 0.001
32.690, -0.002, -0.002, 0.005
32.706, 0.003, 0.002, -0.005
32.723, 0.001, 0.000, -0.002
32.740, 0.002, 0.001, -0.005
32.757, -0.002, -0.001, 0.005
32.774, -0.001, -0.000, 0.002
32.790, -0.001, -0.001, 0.003
32.807, 0.001, 0.002, -0.005
32.823, 0.000, 0.001, -0.001
32.840, -0.001, 0.001, 0.001
32.857, 0.000, -0.002, 0.000
32.873, 0.001, -0.000, -0.001
32.889, 0.001, -0.001, -0.000
32.906, 0.001, 0.002, -0.004
32.923, 0.001, 0.003, -0.005
32.939, 0.001, 0.002, -0.007
32.956, -0.000, 0.001, -0.001
32.973, -0.000, -0.000, 0.001
32.989, 0.000, 0.001, -0.001
33.006, -0.000, -0.001, 0.002
33.023, 0.000, 0.000, 0.000
33.040, -0.001, -0.001, 0.004
33.057, 0.001, 0.000, -0.002
33.073, 0.001, 0.000, -0.002
33.090, 0.002, 0.001, -0.004
33.107, -0.001, 0.000, 0.003
33.123, -0.001, -0.000, 0.001
33.140, -0.001, 0.000, 0.001
33.157, 0.001, 0.000, -0.002
33.173, -0.000, -0.000, 0.001
33.190, -0.000, 0.000, 0.000
33.207, -0.002, -0.001, 0.005
33.223, -0.002, -0.000, 0.004
33.240, -0.001, -0.001, 0.003
33.257, -0.001, -0.000, 0.002
33.273, -0.000, -0.001, 0.000
33.290, -0.001, 0.000, 0.002
33.306, -0.001, -0.001, 0.002
33.323, -0.001, -0.000, 0.001
33.340, -0.001, -0.002, 0.003
33.357, 0.002, 0.000, -0.003
33.373, 0.000, -0.001, 0.001
33.390, 0.000, 0.000, -0.001
33.406, -0.000, 0.000, 0.000
33.423, 0.000, 0.001, -0.001
33.440, -0.000, -0.000, 0.001
33.457, 0.000, 0.002, -0.002
33.473, 0.001, 0.001, -0.002
33.490, -0.000, 0.001, 0.000
33.507, 0.001, -0.000, -0.000
33.523, 0.000, 0.000, -0.001
33.540, 0.002, 0.002, -0.003
