0.069, 0.000, 0.000, 0.000
0.086, 0.000, 0.000, 0.000
0.102, 0.000, 0.000, 0.000
0.119, 0.000, 0.000, 0.000
0.136, 0.000, 0.000, 0.000
0.152, 0.000, 0.000, 0.000
0.169, 0.000, 0.000, 0.000
0.185, 0.000, 0.000, 0.000
0.206, 0.000, 0.000, 0.000
0.219, 0.000, 0.000, 0.000
0.236, 0.000, 0.000, 0.000
0.252, 0.000, 0.000, 0.000
0.269, 0.000, 0.000, 0.000
0.286, 0.000, 0.000, 0.000
0.303, 0.000, 0.000, 0.000
0.319, 0.000, 0.000, 0.000
0.336, 0.000, 0.000, 0.000
0.353, 0.000, 0.000, 0.000
0.369, 0.000, 0.000, 0.000
0.386, 0.000, 0.000, 0.000
0.403, 0.000, 0.000, 0.000
0.420, 0.000, 0.000, 0.000
0.436, 0.000, 0.000, 0.000
0.453, 0.000, 0.000, 0.000
0.469, 0.000, 0.000, 0.000
0.486, 0.000, 0.000, 0.000
0.503, 0.002, -0.021, 0.192
0.519, 0.007, -0.022, 0.191
0.536, 0.000, -0.025, 0.194
0.552, 0.001, -0.020, 0.192
0.570, -0.001, -0.023, 0.194
0.586, 0.002, -0.021, 0.192
0.603, 0.002, -0.021, 0.192
0.619, 0.007, -0.021, 0.192
0.636, 0.003, -0.022, 0.191
0.653, 0.001, -0.025, 0.193
0.669, 0.006, -0.022, 0.192
0.686, 0.001, -0.021, 0.192
0.703, -0.000, -0.023, 0.193
0.719, 0.002, -0.020, 0.192
0.736, 0.001, -0.021, 0.192
0.753, 0.006, -0.021, 0.192
0.770, 0.008, -0.022, 0.191
0.786, 0.003, -0.021, 0.192
0.803, 0.007, -0.021, 0.192
0.819, 0.002, -0.021, 0.192
0.836, 0.008, -0.022, 0.192
0.852, -0.006, -0.021, 0.207
0.870, 0.002, -0.021, 0.191
0.886, 0.008, -0.022, 0.192
0.902, 0.002, -0.016, 0.206
0.919, 0.001, -0.020, 0.192
0.936, -0.036, 0.003, 0.239
0.953, 0.001, -0.030, 0.194
0.969, 0.001, -0.024, 0.194
0.986, 0.001, -0.024, 0.193
1.002, 0.001, -0.030, 0.194
1.019, 0.001, -0.024, 0.193
1.036, 0.001, -0.029, 0.195
1.052, 0.000, -0.024, 0.194
1.069, 0.001, -0.024, 0.193
1.086, -0.027, 0.010, 0.234
1.103, -0.000, -0.023, 0.194
1.119, -0.000, -0.030, 0.194
1.136, -0.000, -0.023, 0.193
1.152, 0.002, -0.021, 0.192
1.169, 0.000, -0.030, 0.194
1.186, 0.001, -0.020, 0.192
1.202, 0.002, -0.020, 0.192
1.219, -0.001, -0.030, 0.195
1.236, 0.001, -0.024, 0.193
1.252, 0.002, -0.021, 0.192
1.269, 0.007, -0.022, 0.192
1.286, 0.001, -0.020, 0.192
1.302, 0.007, -0.016, 0.191
1.319, 0.000, -0.022, 0.193
1.336, -0.002, -0.022, 0.193
1.352, -0.002, -0.027, 0.195
1.369, 0.001, -0.024, 0.193
1.386, 0.001, -0.019, 0.192
1.402, 0.006, -0.021, 0.192
1.419, 0.002, -0.021, 0.192
1.436, -0.001, -0.023, 0.194
1.452, -0.001, -0.028, 0.195
1.469, 0.001, -0.019, 0.192
1.486, 0.006, -0.014, 0.191
1.502, 0.000, -0.023, 0.193
1.519, 0.000, -0.023, 0.194
1.536, -0.001, -0.023, 0.193
1.552, -0.002, -0.023, 0.194
1.569, 0.001, -0.020, 0.192
1.586, 0.000, -0.024, 0.193
1.602, -0.001, -0.023, 0.193
1.619, 0.000, -0.022, 0.194
1.636, 0.001, -0.024, 0.193
1.652, -0.001, -0.022, 0.194
1.669, 0.001, -0.024, 0.193
1.686, 0.001, -0.024, 0.193
1.703, 0.000, -0.020, 0.193
1.719, -0.001, -0.023, 0.193
1.736, 0.006, -0.021, 0.192
1.753, 0.002, -0.024, 0.194
1.769, 0.001, -0.024, 0.193
1.786, 0.001, -0.024, 0.194
1.802, 0.002, -0.025, 0.193
1.819, -0.001, -0.029, 0.194
1.836, 0.001, -0.020, 0.192
1.852, 0.000, -0.023, 0.194
1.869, 0.005, -0.020, 0.192
1.886, 0.000, -0.020, 0.192
1.902, 0.000, -0.023, 0.193
1.919, 0.001, -0.023, 0.193
1.936, 0.000, -0.024, 0.193
1.952, 0.005, -0.013, 0.191
1.969, 0.000, -0.024, 0.193
1.986, -0.000, -0.024, 0.194
2.002, -0.001, -0.029, 0.195
2.019, 0.002, -0.021, 0.192
2.036, -0.001, -0.023, 0.193
2.052, 0.007, -0.022, 0.192
2.069, 0.001, -0.022, 0.192
2.086, -0.002, -0.029, 0.194
2.102, -0.001, -0.023, 0.193
2.119, -0.000, -0.024, 0.193
2.136, -0.002, -0.022, 0.193
2.152, -0.000, -0.023, 0.193
2.169, -0.000, -0.022, 0.194
2.186, 0.000, -0.029, 0.194
2.202, -0.001, -0.022, 0.193
2.219, 0.000, -0.023, 0.193
2.236, -0.000, -0.024, 0.193
2.252, 0.000, -0.023, 0.194
2.269, 0.001, -0.024, 0.193
2.286, 0.000, -0.023, 0.193
2.302, 0.002, -0.024, 0.193
2.319, -0.001, -0.029, 0.195
2.336, 0.001, -0.022, 0.194
2.352, 0.001, -0.023, 0.193
2.369, -0.001, -0.028, 0.194
2.386, 0.006, -0.021, 0.193
2.402, 0.002, -0.024, 0.193
2.419, 0.000, -0.030, 0.194
2.436, 0.007, -0.019, 0.191
2.452, 0.003, -0.026, 0.192
2.469, 0.009, -0.023, 0.191
2.486, 0.004, -0.026, 0.193
2.502, 0.003, -0.026, 0.193
2.519, 0.004, -0.026, 0.193
2.536, 0.001, -0.025, 0.193
2.552, -0.001, -0.023, 0.193
2.569, 0.000, -0.030, 0.195
2.586, 0.000, -0.024, 0.193
2.602, 0.007, -0.022, 0.192
2.619, 0.002, -0.024, 0.193
2.636, -0.000, -0.024, 0.194
2.652, 0.001, -0.030, 0.194
2.669, 0.002, -0.024, 0.193
2.686, 0.000, -0.015, 0.207
2.702, 0.007, -0.022, 0.192
2.719, 0.001, -0.021, 0.193
2.736, 0.002, -0.016, 0.206
2.752, -0.000, -0.022, 0.194
2.769, 0.001, -0.024, 0.194
2.786, -0.002, -0.022, 0.194
2.802, 0.001, -0.024, 0.194
2.819, 0.001, -0.024, 0.193
2.836, -0.000, -0.024, 0.194
2.852, 0.001, -0.023, 0.194
2.869, 0.001, -0.023, 0.193
2.886, -0.001, -0.029, 0.194
2.902, 0.000, -0.019, 0.193
2.919, -0.001, -0.023, 0.194
2.936, 0.006, -0.021, 0.193
2.952, 0.001, -0.021, 0.192
2.970, -0.001, -0.023, 0.194
2.986, 0.001, -0.020, 0.192
3.002, 0.001, -0.021, 0.192
3.019, 0.001, -0.017, 0.207
3.036, 0.001, -0.020, 0.192
3.052, 0.001, -0.020, 0.192
3.069, 0.014, -0.028, 0.190
3.086, 0.001, -0.020, 0.192
3.102, -0.000, -0.023, 0.193
3.119, 0.001, -0.024, 0.194
3.136, 0.001, -0.023, 0.194
3.152, 0.006, -0.015, 0.192
3.169, 0.006, -0.022, 0.192
3.186, -0.001, -0.023, 0.194
3.202, 0.006, -0.021, 0.192
3.219, 0.002, -0.024, 0.193
3.236, 0.000, -0.029, 0.194
3.252, 0.007, -0.021, 0.191
3.269, 0.001, -0.023, 0.193
3.286, -0.001, -0.028, 0.195
3.302, -0.001, -0.029, 0.195
3.319, 0.001, -0.023, 0.194
3.336, 0.007, -0.021, 0.192
3.352, -0.001, -0.029, 0.195
3.369, 0.001, -0.021, 0.192
3.386, 0.007, -0.021, 0.191
3.402, -0.001, -0.022, 0.194
3.419, 0.002, -0.024, 0.193
3.436, 0.006, -0.021, 0.192
3.452, -0.002, -0.022, 0.194
3.469, 0.003, -0.021, 0.192
3.486, -0.001, -0.023, 0.193
3.502, 0.001, -0.020, 0.192
3.519, 0.006, -0.021, 0.192
3.536, 0.001, -0.023, 0.193
3.552, 0.002, -0.021, 0.191
3.569, -0.000, -0.023, 0.193
3.586, 0.001, -0.019, 0.192
3.602, 0.001, -0.021, 0.192
3.619, 0.006, -0.021, 0.207
3.636, 0.002, -0.021, 0.192
3.652, 0.002, -0.021, 0.192
3.669, -0.005, -0.031, 0.194
3.686, 0.001, -0.021, 0.192
3.702, 0.001, -0.024, 0.193
3.719, 0.000, -0.029, 0.195
3.737, 0.001, -0.020, 0.192
3.752, -0.002, -0.023, 0.193
3.769, 0.001, -0.024, 0.193
3.786, 0.007, -0.015, 0.191
3.802, 0.006, -0.021, 0.192
3.819, 0.005, -0.017, 0.192
3.836, -0.001, -0.029, 0.194
3.852, 0.007, -0.022, 0.192
3.869, 0.001, -0.024, 0.193
3.886, -0.000, -0.029, 0.195
3.902, -0.000, -0.029, 0.194
3.919, -0.001, -0.021, 0.194
3.936, 0.001, -0.023, 0.194
3.952, 0.001, -0.023, 0.193
3.969, -0.001, -0.022, 0.194
3.986, -0.034, 0.008, 0.236
4.002, 0.007, -0.016, 0.191
4.019, 0.002, -0.024, 0.193
4.036, 0.007, -0.022, 0.192
4.052, 0.008, -0.022, 0.192
4.069, 0.003, -0.022, 0.192
4.086, 0.007, -0.022, 0.192
4.102, 0.000, -0.029, 0.194
4.119, -0.001, -0.023, 0.194
4.136, 0.004, -0.025, 0.194
4.152, 0.002, -0.021, 0.192
4.169, -0.002, -0.022, 0.194
4.186, 0.007, -0.021, 0.192
4.202, 0.003, -0.022, 0.192
4.219, 0.012, -0.025, 0.191
4.236, 0.002, -0.022, 0.192
4.252, 0.002, -0.021, 0.192
4.269, 0.006, -0.021, 0.192
4.286, 0.001, -0.021, 0.192
4.302, -0.002, -0.022, 0.194
4.319, 0.001, -0.023, 0.193
4.336, -0.001, -0.018, 0.193
4.352, 0.007, -0.021, 0.192
4.369, -0.001, -0.029, 0.195
4.386, 0.001, -0.024, 0.193
4.402, 0.007, -0.015, 0.191
4.419, -0.002, -0.017, 0.193
4.436, 0.000, -0.023, 0.194
4.452, 0.000, -0.030, 0.194
4.470, 0.001, -0.024, 0.193
4.486, 0.001, -0.023, 0.194
4.502, 0.008, -0.022, 0.192
4.519, 0.002, -0.020, 0.192
4.537, 0.001, -0.023, 0.193
4.553, -0.003, -0.027, 0.194
4.569, 0.001, -0.024, 0.194
4.586, -0.000, -0.029, 0.195
4.603, -0.001, -0.023, 0.193
4.619, 0.002, -0.021, 0.191
4.636, -0.035, 0.009, 0.236
4.652, 0.001, -0.024, 0.193
4.669, 0.002, -0.021, 0.192
4.686, 0.006, -0.021, 0.192
4.702, 0.002, -0.024, 0.193
4.719, 0.001, -0.024, 0.193
4.736, 0.007, -0.022, 0.192
4.752, -0.000, -0.019, 0.194
4.769, 0.001, -0.025, 0.194
4.786, 0.001, -0.020, 0.192
4.802, 0.005, -0.017, 0.191
4.819, 0.004, -0.019, 0.192
4.836, 0.001, -0.019, 0.192
4.852, 0.004, -0.017, 0.193
4.869, -0.001, -0.030, 0.195
4.886, 0.003, -0.016, 0.192
4.903, -0.000, -0.020, 0.192
4.920, 0.001, -0.023, 0.194
4.936, -0.001, -0.021, 0.194
4.953, -0.001, -0.022, 0.194
4.969, 0.000, -0.023, 0.194
4.986, -0.001, -0.028, 0.195
5.003, 0.007, -0.021, 0.192
5.019, -0.000, -0.020, 0.192
5.036, 0.000, -0.023, 0.194
5.052, -0.000, -0.023, 0.193
5.069, -0.001, -0.022, 0.193
5.086, 0.000, -0.022, 0.193
5.102, -0.000, -0.023, 0.193
5.119, -0.000, -0.022, 0.193
5.137, -0.001, -0.023, 0.193
5.153, -0.001, -0.023, 0.193
5.169, 0.001, -0.024, 0.193
5.186, -0.027, 0.010, 0.234
5.203, 0.006, -0.020, 0.192
5.219, 0.001, -0.024, 0.193
5.237, -0.000, -0.023, 0.193
5.253, -0.003, -0.021, 0.194
5.269, 0.001, -0.020, 0.192
5.286, -0.001, -0.029, 0.195
5.302, 0.000, -0.019, 0.192
5.319, -0.003, -0.029, 0.194
5.336, 0.001, -0.024, 0.193
5.353, 0.002, -0.020, 0.192
5.369, -0.000, -0.024, 0.194
5.386, 0.003, -0.018, 0.192
5.403, 0.001, -0.021, 0.192
5.420, 0.006, -0.021, 0.192
5.436, 0.001, -0.020, 0.192
5.453, 0.001, -0.020, 0.192
5.469, 0.006, -0.021, 0.191
5.486, 0.001, -0.026, 0.193
5.503, -0.000, -0.024, 0.194
5.519, 0.000, -0.024, 0.193
5.536, 0.002, -0.024, 0.193
5.553, 0.000, -0.023, 0.193
5.569, 0.001, -0.030, 0.194
5.586, -0.000, -0.024, 0.193
5.603, 0.007, -0.016, 0.191
5.619, 0.004, -0.017, 0.192
5.636, -0.000, -0.023, 0.193
5.653, -0.000, -0.029, 0.194
5.669, 0.001, -0.024, 0.193
5.686, 0.000, -0.024, 0.193
5.703, -0.001, -0.024, 0.193
5.719, 0.000, -0.021, 0.192
5.736, 0.001, -0.020, 0.192
5.753, 0.006, -0.022, 0.191
5.769, 0.000, -0.024, 0.193
5.786, 0.001, -0.024, 0.193
5.803, -0.003, -0.022, 0.194
5.819, 0.001, -0.024, 0.193
5.836, 0.005, -0.021, 0.192
5.853, -0.001, -0.025, 0.193
5.869, 0.002, -0.022, 0.192
5.886, 0.006, -0.021, 0.192
5.903, -0.001, -0.023, 0.194
5.919, -0.001, -0.023, 0.193
5.936, -0.001, -0.022, 0.193
5.953, 0.004, -0.019, 0.191
5.969, -0.000, -0.024, 0.193
5.986, -0.001, -0.024, 0.194
6.003, 0.002, -0.022, 0.192
6.019, -0.010, -0.026, 0.209
6.036, 0.001, -0.025, 0.193
6.053, 0.001, -0.022, 0.192
6.069, 0.006, -0.016, 0.191
6.086, 0.001, -0.020, 0.192
6.103, -0.002, -0.022, 0.194
6.119, -0.000, -0.024, 0.193
6.136, -0.000, -0.025, 0.193
6.153, -0.000, -0.024, 0.193
6.169, -0.000, -0.023, 0.193
6.186, 0.000, -0.020, 0.192
6.203, 0.008, -0.018, 0.191
6.219, 0.000, -0.024, 0.193
6.236, 0.001, -0.024, 0.194
6.253, 0.001, -0.025, 0.194
6.269, -0.000, -0.023, 0.194
6.286, -0.000, -0.024, 0.193
6.303, -0.001, -0.030, 0.195
6.319, 0.000, -0.020, 0.192
6.336, -0.001, -0.023, 0.193
6.353, 0.004, -0.021, 0.192
6.369, 0.000, -0.021, 0.192
6.386, -0.001, -0.024, 0.193
6.403, -0.002, -0.029, 0.195
6.419, -0.000, -0.020, 0.192
6.436, -0.004, -0.024, 0.208
6.453, 0.007, -0.016, 0.191
6.469, 0.002, -0.021, 0.192
6.486, 0.005, -0.020, 0.193
6.503, 0.000, -0.024, 0.193
6.519, -0.003, -0.023, 0.193
6.536, 0.003, -0.019, 0.193
6.553, 0.001, -0.020, 0.192
6.569, -0.000, -0.023, 0.193
6.586, 0.000, -0.020, 0.192
6.603, 0.001, -0.020, 0.192
6.619, -0.000, -0.016, 0.206
6.636, 0.000, -0.021, 0.192
6.653, 0.000, -0.021, 0.192
6.669, 0.004, -0.019, 0.191
6.686, 0.000, -0.022, 0.192
6.704, -0.000, -0.021, 0.192
6.719, -0.001, -0.023, 0.193
6.736, -0.001, -0.021, 0.193
6.753, 0.000, -0.023, 0.194
6.769, -0.002, -0.024, 0.193
6.786, -0.000, -0.020, 0.192
6.803, 0.000, -0.023, 0.194
6.819, -0.000, -0.023, 0.194
6.836, 0.000, -0.020, 0.193
6.853, 0.000, -0.024, 0.193
6.869, 0.006, -0.016, 0.191
6.886, 0.001, -0.024, 0.193
6.903, -0.002, -0.024, 0.193
6.919, 0.001, -0.020, 0.192
6.936, 0.000, -0.023, 0.193
6.952, -0.003, -0.023, 0.194
6.969, -0.000, -0.019, 0.192
6.986, -0.002, -0.023, 0.194
7.003, -0.001, -0.016, 0.207
7.019, 0.000, -0.021, 0.191
7.036, 0.006, -0.021, 0.192
7.053, 0.006, -0.022, 0.191
7.069, 0.003, -0.022, 0.191
7.086, 0.007, -0.022, 0.192
7.103, 0.002, -0.025, 0.192
7.119, 0.008, -0.016, 0.191
7.136, -0.000, -0.023, 0.193
7.152, 0.002, -0.021, 0.191
7.169, 0.004, -0.020, 0.191
7.186, 0.001, -0.024, 0.193
7.203, 0.000, -0.023, 0.193
7.219, 0.008, -0.017, 0.191
7.236, 0.001, -0.026, 0.194
7.253, 0.000, -0.025, 0.194
7.269, 0.000, -0.025, 0.193
7.286, 0.000, -0.020, 0.192
7.303, 0.001, -0.019, 0.192
7.319, -0.001, -0.022, 0.193
7.336, 0.000, -0.019, 0.193
7.354, -0.000, -0.021, 0.193
7.369, -0.000, -0.021, 0.193
7.386, -0.000, -0.024, 0.193
7.403, 0.003, -0.022, 0.193
7.419, -0.000, -0.025, 0.194
7.437, -0.001, -0.024, 0.194
7.453, -0.001, -0.024, 0.193
7.469, -0.002, -0.023, 0.193
7.486, 0.001, -0.024, 0.193
7.502, -0.003, -0.022, 0.192
7.519, 0.002, -0.023, 0.190
7.536, 0.001, -0.027, 0.191
7.553, -0.000, -0.028, 0.191
7.569, 0.001, -0.026, 0.191
7.586, -0.001, -0.021, 0.190
7.603, 0.006, -0.013, 0.187
7.619, -0.010, -0.015, 0.185
7.636, 0.001, -0.018, 0.185
7.653, 0.003, -0.013, 0.186
7.669, -0.015, -0.008, 0.186
7.686, -0.013, 0.002, 0.185
7.703, -0.017, -0.012, 0.187
7.719, -0.003, 0.001, 0.189
7.736, -0.005, -0.005, 0.191
7.752, -0.010, -0.005, 0.187
7.769, 0.001, -0.006, 0.191
7.786, -0.002, -0.007, 0.192
7.802, 0.001, -0.004, 0.193
7.819, 0.001, 0.003, 0.192
7.836, 0.000, -0.004, 0.194
7.853, -0.002, -0.003, 0.196
7.869, -0.001, 0.006, 0.192
7.886, -0.003, -0.014, 0.200
7.902, -0.004, -0.008, 0.201
7.919, 0.000, -0.020, 0.207
7.936, -0.001, -0.021, 0.206
7.952, 0.001, -0.022, 0.211
7.969, 0.003, -0.028, 0.215
7.986, -0.000, -0.019, 0.211
8.002, 0.003, -0.022, 0.216
8.019, 0.004, -0.020, 0.219
8.036, 0.001, -0.018, 0.220
8.054, 0.004, -0.022, 0.222
8.069, -0.004, -0.019, 0.218
8.086, -0.001, -0.021, 0.218
8.103, 0.001, -0.019, 0.222
8.119, -0.002, -0.022, 0.219
8.136, -0.001, -0.022, 0.224
8.152, 0.009, -0.026, 0.225
8.169, -0.003, -0.019, 0.223
8.186, 0.003, -0.026, 0.226
8.202, 0.003, -0.026, 0.226
8.219, -0.001, -0.017, 0.225
8.236, 0.010, -0.024, 0.230
8.253, 0.004, -0.032, 0.231
8.269, -0.003, -0.022, 0.221
8.286, 0.004, -0.033, 0.233
8.302, 0.006, -0.026, 0.228
8.319, 0.005, -0.031, 0.231
8.336, -0.023, -0.017, 0.218
8.352, 0.004, -0.028, 0.229
8.369, 0.002, -0.028, 0.232
8.386, 0.001, -0.017, 0.231
8.403, 0.002, -0.013, 0.236
8.419, 0.013, -0.008, 0.244
8.436, 0.013, -0.014, 0.232
8.453, 0.011, -0.010, 0.232
8.469, 0.011, -0.007, 0.249
8.486, 0.005, -0.003, 0.255
8.503, 0.005, -0.032, 0.270
8.519, -0.008, -0.005, 0.262
8.536, 0.013, -0.019, 0.267
8.553, 0.024, -0.026, 0.269
8.569, 0.021, -0.031, 0.277
8.586, 0.029, -0.012, 0.288
8.603, 0.011, -0.008, 0.286
8.619, 0.010, -0.016, 0.296
8.636, 0.011, -0.019, 0.288
8.653, 0.016, -0.022, 0.291
8.669, 0.017, -0.010, 0.301
8.686, 0.005, -0.010, 0.292
8.703, 0.002, -0.003, 0.298
8.719, -0.010, 0.002, 0.296
8.736, -0.014, -0.005, 0.292
8.753, -0.007, -0.004, 0.296
8.769, -0.006, -0.001, 0.290
8.786, 0.001, -0.002, 0.300
8.803, 0.017, -0.009, 0.307
8.819, 0.011, -0.003, 0.302
8.836, -0.009, -0.003, 0.297
8.853, 0.008, -0.008, 0.296
8.870, -0.012, 0.003, 0.279
8.886, -0.004, 0.003, 0.290
8.903, 0.006, 0.003, 0.296
8.919, -0.020, -0.002, 0.280
8.936, -0.052, 0.021, 0.273
8.953, -0.048, 0.017, 0.277
8.969, -0.069, 0.029, 0.266
8.986, -0.069, 0.032, 0.262
9.003, -0.062, 0.037, 0.260
9.019, -0.068, 0.037, 0.257
9.036, -0.068, 0.028, 0.262
9.053, -0.081, 0.030, 0.255
9.069, -0.090, 0.026, 0.250
9.086, -0.090, 0.033, 0.242
9.103, -0.094, 0.034, 0.238
9.119, -0.097, 0.038, 0.229
9.136, -0.102, 0.041, 0.224
9.153, -0.104, 0.039, 0.219
9.170, -0.095, 0.021, 0.223
9.186, -0.102, 0.036, 0.205
9.203, -0.088, 0.025, 0.212
9.219, -0.102, 0.030, 0.199
9.236, -0.095, 0.024, 0.196
9.253, -0.098, 0.021, 0.190
9.269, -0.081, 0.022, 0.184
9.286, -0.076, 0.019, 0.181
9.303, -0.073, -0.001, 0.186
9.319, -0.068, 0.012, 0.171
9.336, -0.074, 0.003, 0.162
9.353, -0.078, 0.011, 0.161
9.369, -0.060, 0.001, 0.158
9.386, -0.046, 0.006, 0.150
9.403, -0.056, -0.006, 0.147
9.419, -0.053, 0.006, 0.131
9.436, -0.043, -0.004, 0.128
9.453, -0.048, 0.010, 0.121
9.469, -0.038, -0.006, 0.114
9.486, -0.026, -0.006, 0.112
9.503, -0.012, -0.019, 0.114
9.519, -0.011, -0.017, 0.099
9.536, -0.015, -0.015, 0.094
9.552, -0.001, -0.008, 0.091
9.569, -0.008, -0.017, 0.088
9.586, 0.015, -0.015, 0.079
9.603, 0.008, -0.018, 0.081
9.619, 0.015, -0.022, 0.076
9.636, 0.022, -0.023, 0.069
9.653, 0.023, -0.020, 0.066
9.669, 0.020, -0.021, 0.064
9.686, 0.022, -0.027, 0.060
9.703, 0.030, -0.025, 0.056
9.719, 0.041, -0.025, 0.051
9.736, 0.036, -0.029, 0.045
9.753, 0.043, -0.027, 0.044
9.769, 0.059, -0.035, 0.045
9.786, 0.052, -0.036, 0.041
9.803, 0.039, -0.029, 0.031
9.819, 0.046, -0.030, 0.027
9.836, 0.045, -0.027, 0.023
9.853, 0.048, -0.031, 0.022
9.869, 0.045, -0.031, 0.019
9.886, 0.040, -0.026, 0.014
9.903, 0.046, -0.030, 0.012
9.919, 0.047, -0.031, 0.009
9.936, 0.050, -0.029, 0.006
9.953, 0.042, -0.027, 0.006
9.969, 0.039, -0.024, 0.003
9.986, 0.036, -0.028, 0.001
10.003, 0.038, -0.018, -0.002
10.019, 0.035, -0.023, -0.001
10.036, 0.031, -0.024, -0.003
10.053, 0.028, -0.032, -0.001
10.069, 0.033, -0.025, -0.004
10.086, 0.027, -0.017, -0.004
10.103, 0.028, -0.029, -0.002
10.119, 0.022, -0.024, -0.003
10.136, 0.021, -0.014, -0.007
10.153, 0.020, -0.025, -0.005
10.169, 0.016, -0.016, -0.009
10.186, 0.010, -0.022, -0.007
10.203, 0.011, -0.016, -0.009
10.220, 0.005, -0.016, -0.010
10.236, 0.004, -0.016, -0.009
10.253, 0.003, -0.014, -0.011
10.269, -0.005, -0.018, -0.011
10.286, 0.001, -0.016, -0.011
10.303, 0.002, -0.020, -0.009
10.319, -0.010, -0.016, -0.011
10.336, -0.004, -0.012, -0.013
10.353, -0.005, -0.010, -0.013
10.369, -0.013, -0.012, -0.016
10.386, -0.016, -0.014, -0.016
10.403, -0.017, -0.013, -0.015
10.419, -0.019, -0.015, -0.016
10.436, -0.020, -0.013, -0.021
10.452, -0.022, -0.014, -0.019
10.469, -0.026, -0.022, -0.017
10.486, -0.028, -0.014, -0.020
10.502, -0.033, -0.011, -0.019
10.519, -0.028, -0.009, -0.022
10.537, -0.030, -0.008, -0.023
10.553, -0.034, -0.012, -0.021
10.569, -0.032, -0.012, -0.021
10.586, -0.035, -0.014, -0.020
10.602, -0.036, -0.021, -0.019
10.619, -0.028, -0.019, -0.017
10.636, -0.035, -0.012, -0.020
10.652, -0.035, -0.007, -0.022
10.669, -0.032, -0.015, -0.022
10.686, -0.038, -0.008, -0.022
10.702, -0.040, -0.010, -0.024
10.719, -0.036, -0.012, -0.023
10.736, -0.037, -0.010, -0.022
10.752, -0.036, -0.014, -0.023
10.769, -0.038, -0.007, -0.022
10.786, -0.041, -0.013, -0.020
10.802, -0.038, -0.010, -0.021
10.819, -0.037, -0.013, -0.018
10.836, -0.038, -0.009, -0.019
10.852, -0.034, -0.009, -0.019
10.869, -0.034, -0.009, -0.019
10.886, -0.029, -0.017, -0.017
10.902, -0.028, -0.009, -0.018
10.919, -0.031, -0.012, -0.014
10.936, -0.030, -0.009, -0.014
10.952, -0.028, -0.012, -0.013
10.969, -0.026, -0.020, -0.010
10.986, -0.024, -0.013, -0.010
11.002, -0.020, -0.017, -0.008
11.019, -0.025, -0.014, -0.007
11.036, -0.016, -0.012, -0.005
11.052, -0.020, -0.015, -0.006
11.069, -0.023, -0.008, -0.007
11.086, -0.017, -0.014, -0.005
11.102, -0.019, -0.013, -0.003
11.119, -0.008, -0.017, 0.003
11.136, -0.014, -0.016, -0.002
11.152, -0.014, -0.014, -0.005
11.169, -0.015, -0.009, -0.002
11.186, -0.029, 0.001, -0.005
11.202, -0.013, -0.009, -0.002
11.219, -0.019, -0.003, -0.003
11.236, -0.017, -0.009, -0.002
11.252, -0.011, -0.004, -0.003
11.269, -0.015, -0.008, -0.002
11.286, -0.016, -0.006, -0.003
11.302, -0.011, -0.006, -0.003
11.319, -0.015, -0.007, -0.001
11.336, -0.014, -0.005, -0.000
11.352, -0.013, -0.003, -0.002
11.369, -0.009, -0.006, -0.004
11.386, -0.012, -0.005, -0.003
11.402, -0.013, -0.001, -0.003
11.419, -0.013, -0.007, -0.005
11.436, -0.009, -0.006, -0.005
11.452, -0.012, -0.001, -0.005
11.469, -0.010, -0.007, -0.004
11.486, -0.011, -0.003, -0.006
11.503, 0.000, -0.008, 0.001
11.519, -0.006, -0.006, -0.007
11.536, -0.008, -0.003, -0.009
11.552, -0.007, -0.005, -0.011
11.569, -0.015, -0.001, -0.009
11.586, -0.007, -0.000, -0.010
11.602, -0.012, 0.003, -0.012
11.619, -0.005, -0.008, -0.010
11.636, -0.004, -0.003, -0.010
11.652, -0.008, -0.007, -0.013
11.669, -0.012, 0.003, -0.014
11.686, -0.004, 0.002, -0.015
11.702, -0.009, 0.001, -0.013
11.719, -0.009, 0.001, -0.014
11.736, -0.010, 0.002, -0.016
11.752, -0.011, 0.002, -0.015
11.769, -0.004, 0.007, -0.016
11.786, -0.008, 0.007, -0.018
11.802, -0.014, 0.009, -0.019
11.819, -0.012, 0.004, -0.019
11.836, -0.014, 0.001, -0.017
11.852, -0.012, 0.004, -0.017
11.869, -0.010, 0.001, -0.020
11.886, -0.012, 0.005, -0.021
11.902, -0.009, 0.004, -0.022
11.919, -0.010, 0.004, -0.023
11.936, -0.010, 0.002, -0.024
11.953, -0.010, 0.004, -0.024
11.969, -0.007, 0.000, -0.022
11.986, -0.009, -0.002, -0.022
12.002, -0.010, 0.002, -0.024
12.019, -0.009, 0.003, -0.021
12.036, -0.012, 0.003, -0.022
12.052, -0.013, 0.004, -0.022
12.069, -0.013, 0.000, -0.020
12.087, -0.014, 0.005, -0.021
12.102, -0.015, 0.007, -0.021
12.120, -0.018, 0.005, -0.021
12.136, -0.013, 0.001, -0.023
12.153, -0.005, -0.003, -0.015
12.169, -0.013, 0.000, -0.023
12.186, -0.013, -0.001, -0.023
12.202, -0.013, 0.001, -0.025
12.219, -0.015, 0.001, -0.025
12.236, -0.015, -0.000, -0.024
12.252, -0.014, -0.000, -0.025
12.269, -0.014, -0.002, -0.024
12.287, -0.013, -0.001, -0.026
12.302, -0.015, 0.003, -0.027
12.319, -0.012, 0.003, -0.027
12.336, -0.010, -0.002, -0.026
12.352, -0.008, 0.004, -0.027
12.369, -0.010, -0.002, -0.026
12.386, -0.010, -0.007, -0.025
12.403, -0.011, -0.004, -0.025
12.419, -0.017, 0.002, -0.029
12.436, -0.019, 0.005, -0.028
12.452, -0.020, 0.005, -0.029
12.470, -0.019, 0.003, -0.030
12.486, -0.016, 0.005, -0.029
12.502, -0.021, 0.006, -0.030
12.519, -0.020, 0.007, -0.032
12.536, -0.021, 0.005, -0.031
12.552, -0.021, 0.002, -0.031
12.569, -0.021, 0.003, -0.031
12.586, -0.021, 0.003, -0.030
12.602, -0.018, 0.001, -0.031
12.619, -0.022, 0.002, -0.028
12.636, -0.022, 0.002, -0.028
12.652, -0.022, 0.004, -0.029
12.669, -0.019, 0.003, -0.029
12.686, -0.025, 0.005, -0.027
12.702, -0.018, 0.002, -0.027
12.719, -0.019, -0.003, -0.026
12.736, -0.014, -0.001, -0.022
12.752, -0.009, -0.008, -0.019
12.769, -0.025, -0.002, -0.024
12.786, -0.025, 0.007, -0.026
12.802, -0.022, 0.002, -0.023
12.819, -0.018, -0.001, -0.021
12.836, -0.016, -0.001, -0.017
12.852, -0.015, -0.005, -0.016
12.869, -0.019, 0.000, -0.014
12.886, -0.022, -0.005, -0.012
12.902, -0.025, -0.003, -0.010
12.919, -0.020, -0.009, -0.006
12.936, -0.019, -0.014, -0.000
12.953, -0.021, -0.012, 0.002
12.969, -0.020, -0.012, 0.005
12.986, -0.027, -0.009, 0.006
13.002, -0.029, -0.012, 0.009
13.019, -0.020, -0.010, 0.014
13.036, -0.026, -0.013, 0.016
13.052, -0.023, -0.013, 0.018
13.069, -0.026, -0.012, 0.019
13.086, -0.031, -0.012, 0.020
13.102, -0.031, -0.008, 0.021
13.119, -0.030, -0.006, 0.024
13.136, -0.027, -0.011, 0.028
13.152, -0.029, -0.013, 0.029
13.169, -0.027, -0.009, 0.029
13.186, -0.031, -0.009, 0.033
13.202, -0.025, -0.013, 0.035
13.219, -0.035, -0.006, 0.033
13.236, -0.034, -0.009, 0.034
13.252, -0.033, -0.011, 0.035
13.269, -0.034, -0.008, 0.034
13.286, -0.030, -0.009, 0.034
13.302, -0.025, -0.009, 0.031
13.319, -0.030, -0.006, 0.033
13.336, -0.023, -0.004, 0.032
13.352, -0.017, -0.006, 0.036
13.369, -0.021, -0.005, 0.034
13.386, -0.018, -0.003, 0.033
13.402, -0.018, -0.004, 0.032
13.419, -0.018, -0.006, 0.033
13.436, -0.019, -0.000, 0.031
13.452, -0.019, -0.002, 0.031
13.469, -0.021, 0.001, 0.029
13.486, -0.014, -0.008, 0.031
13.502, -0.018, 0.001, 0.030
13.519, -0.021, -0.002, 0.027
13.536, -0.026, 0.001, 0.026
13.552, -0.027, 0.001, 0.025
13.569, -0.020, -0.001, 0.024
13.586, -0.021, -0.004, 0.022
13.602, -0.020, -0.004, 0.022
13.619, -0.018, -0.003, 0.018
13.636, -0.014, -0.006, 0.021
13.652, -0.014, -0.006, 0.020
13.669, -0.012, -0.002, 0.018
13.686, -0.018, 0.003, 0.014
13.702, -0.018, 0.005, 0.012
13.719, -0.013, 0.001, 0.008
13.736, -0.016, 0.001, 0.008
13.752, -0.010, -0.000, 0.006
13.769, -0.014, 0.005, 0.004
13.786, -0.017, 0.005, 0.001
13.802, -0.014, 0.010, -0.001
13.819, -0.015, 0.008, -0.004
13.836, -0.010, 0.010, -0.007
13.852, -0.009, 0.013, -0.011
13.869, -0.007, 0.004, -0.014
13.886, -0.005, 0.007, -0.014
13.903, -0.005, 0.008, -0.016
13.919, -0.009, 0.008, -0.023
13.936, -0.004, 0.005, -0.025
13.952, -0.003, 0.002, -0.026
13.969, -0.003, 0.001, -0.027
13.986, -0.004, 0.001, -0.029
14.002, -0.004, -0.003, -0.029
14.019, -0.013, -0.001, -0.031
14.036, -0.008, 0.003, -0.033
14.052, -0.012, 0.003, -0.033
14.069, -0.006, -0.006, -0.035
14.086, -0.012, -0.009, -0.037
14.102, -0.010, -0.009, -0.037
14.119, -0.001, -0.003, -0.035
14.136, -0.011, -0.003, -0.040
14.152, -0.007, -0.012, -0.038
14.169, -0.011, -0.005, -0.042
14.186, -0.013, -0.008, -0.043
14.202, -0.010, -0.009, -0.042
14.219, -0.010, -0.013, -0.041
14.236, -0.011, -0.020, -0.040
14.252, -0.012, -0.018, -0.039
14.270, -0.011, -0.014, -0.040
14.286, -0.021, -0.022, -0.037
14.302, -0.019, -0.022, -0.037
14.319, -0.020, -0.013, -0.037
14.336, -0.019, -0.012, -0.034
14.352, -0.019, -0.015, -0.034
14.369, -0.024, -0.016, -0.033
14.386, -0.025, -0.017, -0.032
14.402, -0.024, -0.021, -0.032
14.419, -0.025, -0.024, -0.031
14.436, -0.023, -0.025, -0.030
14.452, -0.022, -0.022, -0.031
14.470, -0.024, -0.021, -0.028
14.486, -0.022, -0.021, -0.027
14.502, -0.022, -0.016, -0.028
14.519, -0.021, -0.018, -0.024
14.536, -0.020, -0.013, -0.024
14.552, -0.020, -0.013, -0.024
14.569, -0.021, -0.016, -0.021
14.586, -0.020, -0.007, -0.023
14.602, -0.016, -0.010, -0.021
14.619, -0.016, -0.006, -0.020
14.636, -0.008, -0.010, -0.020
14.652, -0.009, -0.008, -0.018
14.669, -0.011, -0.007, -0.017
14.686, -0.011, -0.011, -0.014
14.702, -0.011, -0.010, -0.014
14.719, -0.009, -0.010, -0.010
14.736, -0.005, -0.005, -0.009
14.752, -0.004, -0.006, -0.008
14.769, -0.002, -0.006, -0.008
14.786, -0.007, -0.004, -0.008
14.802, -0.006, -0.007, -0.008
14.819, 0.000, -0.010, -0.005
14.836, -0.001, -0.010, -0.005
14.852, -0.006, -0.007, -0.004
14.869, -0.004, -0.002, -0.007
14.886, -0.001, -0.004, -0.003
14.902, -0.004, -0.004, -0.003
14.919, -0.003, -0.001, -0.003
14.936, -0.014, 0.003, -0.004
14.952, -0.002, -0.002, -0.002
14.969, 0.004, 0.001, 0.004
14.986, -0.003, 0.010, -0.001
15.003, -0.004, 0.008, -0.004
15.019, -0.001, 0.008, -0.001
15.036, -0.013, 0.020, -0.002
15.053, -0.014, 0.013, -0.003
15.069, -0.009, 0.011, -0.000
15.086, -0.006, 0.017, 0.001
15.103, -0.011, 0.010, 0.001
15.119, -0.017, 0.009, 0.004
15.136, -0.005, 0.004, 0.014
15.152, -0.014, 0.010, 0.006
15.169, -0.018, 0.013, 0.007
15.186, -0.011, 0.018, 0.009
15.203, -0.007, 0.015, 0.011
15.219, -0.005, 0.004, 0.010
15.236, -0.005, 0.010, 0.010
15.253, -0.007, 0.004, 0.013
15.269, -0.008, 0.007, 0.018
15.286, -0.015, 0.012, 0.017
15.302, -0.013, 0.013, 0.021
15.319, -0.016, 0.009, 0.021
15.336, -0.013, 0.005, 0.022
15.352, -0.025, 0.005, 0.024
15.369, -0.015, 0.000, 0.029
15.386, -0.008, -0.005, 0.036
15.403, -0.018, 0.004, 0.030
15.419, -0.018, 0.004, 0.031
15.436, -0.028, 0.008, 0.031
15.452, -0.026, 0.009, 0.033
15.469, -0.024, 0.004, 0.036
15.486, -0.026, 0.002, 0.041
15.503, -0.028, -0.000, 0.042
15.519, -0.026, 0.002, 0.043
15.536, -0.036, 0.007, 0.045
15.552, -0.038, 0.009, 0.044
15.569, -0.038, -0.002, 0.049
15.586, -0.039, 0.005, 0.050
15.602, -0.036, 0.005, 0.049
15.619, -0.031, 0.005, 0.050
15.636, -0.028, -0.008, 0.055
15.653, -0.029, -0.002, 0.053
15.669, -0.033, 0.009, 0.050
15.686, -0.033, 0.007, 0.049
15.702, -0.032, 0.010, 0.049
15.719, -0.026, 0.000, 0.048
15.738, -0.028, 0.009, 0.045
15.752, -0.030, 0.008, 0.043
15.770, -0.025, 0.002, 0.044
15.786, -0.018, 0.002, 0.040
15.803, -0.019, 0.002, 0.040
15.819, -0.029, 0.009, 0.031
15.837, -0.018, 0.007, 0.032
15.853, -0.017, 0.005, 0.031
15.869, -0.018, 0.005, 0.031
15.886, -0.012, 0.008, 0.033
15.902, -0.013, -0.000, 0.030
15.919, -0.013, 0.001, 0.025
15.936, -0.017, 0.011, 0.023
15.953, -0.020, 0.009, 0.021
15.969, -0.010, 0.009, 0.022
15.986, -0.009, 0.001, 0.021
16.003, -0.009, 0.001, 0.021
16.019, -0.009, -0.003, 0.022
16.036, -0.010, 0.008, 0.020
16.053, -0.010, 0.007, 0.022
16.069, -0.010, -0.001, 0.017
16.086, -0.009, 0.004, 0.018
16.103, -0.011, -0.001, 0.019
16.119, -0.006, 0.001, 0.018
16.136, -0.011, -0.004, 0.018
16.152, -0.004, -0.004, 0.018
16.170, -0.005, -0.002, 0.018
16.186, -0.004, -0.011, 0.021
16.203, -0.002, -0.005, 0.022
16.219, -0.004, -0.002, 0.019
16.236, -0.002, 0.001, 0.021
16.253, -0.003, 0.005, 0.018
16.269, 0.001, -0.000, 0.016
16.286, 0.012, -0.003, 0.016
16.304, 0.007, -0.000, 0.014
16.319, -0.003, -0.003, 0.011
16.336, 0.001, -0.004, 0.010
16.353, 0.001, -0.002, 0.010
16.369, -0.001, -0.004, 0.008
16.386, 0.006, 0.003, 0.006
16.403, 0.005, 0.003, 0.004
16.419, 0.002, -0.002, -0.001
16.436, 0.008, -0.000, -0.003
16.453, 0.008, 0.001, -0.003
16.469, 0.002, -0.002, -0.005
16.486, 0.002, -0.008, -0.006
16.502, 0.003, -0.011, -0.006
16.519, -0.002, -0.006, -0.011
16.536, 0.000, -0.009, -0.011
16.552, 0.004, -0.007, -0.012
16.569, -0.000, -0.007, -0.014
16.586, -0.011, 0.000, -0.018
16.603, -0.014, -0.007, -0.017
16.619, -0.004, -0.007, -0.013
16.636, -0.006, -0.014, -0.015
16.653, -0.006, -0.012, -0.017
16.669, -0.007, -0.012, -0.017
16.686, -0.017, -0.005, -0.021
16.703, -0.015, -0.012, -0.020
16.719, -0.020, -0.010, -0.020
16.736, -0.017, -0.016, -0.018
16.752, -0.013, -0.010, -0.018
16.769, -0.012, -0.017, -0.020
16.786, -0.016, -0.020, -0.019
16.803, -0.017, -0.023, -0.019
16.819, -0.016, -0.011, -0.020
16.836, -0.024, -0.015, -0.021
16.853, -0.021, -0.010, -0.021
16.869, -0.020, -0.014, -0.020
16.886, -0.020, -0.014, -0.022
16.903, -0.025, -0.012, -0.025
16.919, -0.026, -0.021, -0.023
16.936, -0.022, -0.013, -0.027
16.952, -0.027, -0.007, -0.029
16.969, -0.032, -0.012, -0.028
16.986, -0.025, -0.019, -0.028
17.003, -0.028, -0.020, -0.026
17.019, -0.037, -0.016, -0.029
17.036, -0.031, -0.020, -0.028
17.053, -0.036, -0.015, -0.027
17.069, -0.033, -0.015, -0.027
17.086, -0.031, -0.015, -0.027
17.103, -0.033, -0.018, -0.025
17.119, -0.038, -0.018, -0.025
17.136, -0.037, -0.015, -0.024
17.152, -0.034, -0.021, -0.020
17.169, -0.031, -0.016, -0.019
17.186, -0.035, -0.013, -0.020
17.203, -0.035, -0.011, -0.018
17.219, -0.032, -0.010, -0.016
17.236, -0.034, -0.016, -0.014
17.253, -0.036, -0.016, -0.015
17.269, -0.032, -0.015, -0.013
17.286, -0.031, -0.012, -0.011
17.303, -0.028, -0.011, -0.011
17.319, -0.029, -0.010, -0.008
17.336, -0.031, -0.008, -0.009
17.353, -0.027, -0.007, -0.010
17.369, -0.020, -0.012, -0.004
17.386, -0.023, -0.015, -0.003
17.403, -0.019, -0.015, 0.001
17.419, -0.015, -0.013, 0.002
17.436, -0.012, -0.021, 0.004
17.453, -0.013, -0.011, 0.002
17.469, -0.008, -0.016, 0.006
17.486, -0.007, -0.015, 0.003
17.502, -0.006, -0.017, 0.005
17.519, -0.004, -0.017, 0.005
17.536, 0.000, -0.015, 0.006
17.552, -0.001, -0.021, 0.006
17.569, -0.008, -0.018, 0.003
17.586, 0.007, -0.020, 0.003
17.602, 0.010, -0.020, 0.002
17.619, 0.007, -0.015, 0.001
17.636, 0.011, -0.012, -0.001
17.653, 0.012, -0.010, -0.003
17.669, 0.013, -0.010, -0.005
17.686, 0.011, -0.014, -0.006
17.703, 0.014, -0.012, -0.005
17.719, 0.015, -0.019, -0.010
17.736, 0.011, -0.024, -0.012
17.753, 0.009, -0.028, -0.010
17.769, 0.006, -0.031, -0.011
17.786, 0.006, -0.034, -0.013
17.803, 0.004, -0.038, -0.011
17.819, -0.002, -0.034, -0.010
17.836, 0.002, -0.041, -0.008
17.853, 0.008, -0.033, -0.009
17.869, -0.003, -0.030, -0.007
17.886, -0.005, -0.035, -0.005
17.903, -0.012, -0.038, -0.003
17.919, -0.010, -0.030, -0.005
17.936, -0.012, -0.034, -0.001
17.952, -0.007, -0.035, -0.000
17.969, -0.014, -0.028, -0.000
17.986, -0.018, -0.040, 0.008
18.003, -0.022, -0.039, 0.007
18.019, -0.025, -0.035, 0.004
18.036, -0.026, -0.042, 0.006
18.053, -0.027, -0.036, 0.004
18.070, -0.034, -0.036, 0.005
18.086, -0.042, -0.033, 0.002
18.103, -0.040, -0.032, 0.000
18.119, -0.050, -0.028, -0.000
18.137, -0.047, -0.030, -0.004
18.152, -0.049, -0.030, -0.005
18.169, -0.056, -0.028, -0.009
18.186, -0.058, -0.028, -0.011
18.203, -0.056, -0.027, -0.014
18.219, -0.059, -0.024, -0.018
18.236, -0.058, -0.017, -0.020
18.253, -0.054, -0.018, -0.022
18.269, -0.064, -0.014, -0.027
18.286, -0.063, -0.009, -0.030
18.303, -0.065, -0.013, -0.030
18.319, -0.063, -0.007, -0.034
18.336, -0.058, -0.008, -0.033
18.353, -0.057, -0.011, -0.033
18.369, -0.055, 0.003, -0.037
18.386, -0.050, -0.002, -0.035
18.402, -0.049, -0.003, -0.037
18.419, -0.051, 0.002, -0.039
18.436, -0.049, 0.002, -0.039
18.452, -0.050, -0.000, -0.039
18.469, -0.047, 0.008, -0.041
18.486, -0.045, 0.008, -0.039
18.502, -0.042, 0.006, -0.036
18.519, -0.032, 0.009, -0.036
18.536, -0.032, 0.013, -0.039
18.552, -0.028, 0.018, -0.039
18.569, -0.030, 0.020, -0.042
18.586, -0.022, 0.011, -0.040
18.602, -0.024, 0.017, -0.039
18.619, -0.023, 0.017, -0.039
18.636, -0.027, 0.027, -0.040
18.652, -0.022, 0.021, -0.038
18.669, -0.021, 0.018, -0.034
18.686, -0.015, 0.027, -0.034
18.702, -0.015, 0.027, -0.034
18.719, -0.013, 0.020, -0.031
18.736, -0.012, 0.021, -0.032
18.752, -0.006, 0.020, -0.031
18.769, -0.013, 0.027, -0.035
18.786, -0.008, 0.026, -0.035
18.803, -0.006, 0.021, -0.034
18.819, -0.008, 0.022, -0.035
18.836, -0.006, 0.024, -0.035
18.853, 0.002, 0.022, -0.034
18.869, -0.003, 0.018, -0.032
18.886, 0.008, 0.009, -0.024
18.902, -0.003, 0.022, -0.033
18.919, -0.004, 0.018, -0.034
18.936, -0.001, 0.023, -0.031
18.952, -0.006, 0.023, -0.032
18.969, -0.001, 0.019, -0.029
18.986, -0.001, 0.014, -0.029
19.002, 0.002, 0.006, -0.026
19.019, -0.003, 0.011, -0.029
19.036, 0.008, 0.011, -0.025
19.052, 0.006, 0.020, -0.027
19.069, -0.004, 0.012, -0.030
19.086, 0.003, 0.004, -0.026
19.103, -0.006, -0.002, -0.026
19.119, 0.006, 0.002, -0.028
19.136, 0.008, 0.006, -0.027
19.152, 0.007, -0.001, -0.028
19.169, 0.012, -0.005, -0.024
19.186, 0.003, 0.002, -0.026
19.203, 0.007, -0.003, -0.025
19.219, 0.004, -0.005, -0.025
19.236, 0.004, -0.003, -0.024
19.253, 0.005, -0.011, -0.021
19.270, -0.001, -0.007, -0.020
19.286, 0.004, -0.017, -0.015
19.303, 0.008, -0.015, -0.016
19.319, 0.007, -0.023, -0.006
19.336, -0.003, -0.018, -0.004
19.352, -0.004, -0.010, -0.005
19.369, -0.001, -0.024, 0.003
19.386, 0.002, -0.023, 0.012
19.402, 0.003, -0.026, 0.015
19.419, -0.001, -0.027, 0.022
19.436, -0.008, -0.023, 0.029
19.452, -0.009, -0.024, 0.032
19.469, -0.016, -0.016, 0.037
19.486, -0.016, -0.017, 0.041
19.502, -0.022, -0.021, 0.044
19.519, -0.021, -0.021, 0.053
19.536, -0.015, -0.023, 0.059
19.552, -0.020, -0.017, 0.058
19.569, -0.020, -0.023, 0.064
19.586, -0.021, -0.012, 0.064
19.602, -0.023, -0.012, 0.067
19.619, -0.026, -0.010, 0.065
19.638, -0.027, -0.004, 0.066
19.654, -0.032, -0.014, 0.070
19.669, -0.034, -0.005, 0.070
19.686, -0.040, -0.008, 0.071
19.702, -0.041, -0.015, 0.073
19.719, -0.033, -0.011, 0.075
19.736, -0.034, -0.018, 0.075
19.752, -0.040, -0.019, 0.074
19.769, -0.045, -0.017, 0.071
19.786, -0.043, -0.026, 0.073
19.802, -0.042, -0.022, 0.072
19.819, -0.041, -0.019, 0.070
19.836, -0.036, -0.021, 0.068
19.852, -0.037, -0.018, 0.066
19.869, -0.037, -0.024, 0.064
19.886, -0.043, -0.018, 0.063
19.902, -0.041, -0.021, 0.060
19.919, -0.041, -0.018, 0.055
19.936, -0.040, -0.015, 0.052
19.952, -0.042, -0.008, 0.050
19.969, -0.034, -0.010, 0.047
19.986, -0.033, -0.009, 0.040
20.002, -0.027, -0.006, 0.038
20.019, -0.024, -0.007, 0.032
20.036, -0.004, 0.002, 0.028
20.053, 0.003, 0.006, 0.025
20.069, 0.023, 0.003, 0.021
20.086, 0.035, 0.019, 0.016
20.103, 0.029, 0.018, 0.010
20.119, 0.037, 0.012, 0.009
20.136, 0.042, 0.020, 0.002
20.152, 0.048, 0.022, 0.001
20.169, 0.049, 0.023, -0.004
20.186, 0.064, 0.024, -0.008
20.203, 0.067, 0.024, -0.009
20.219, 0.080, 0.016, -0.008
20.236, 0.068, 0.022, -0.020
20.252, 0.065, 0.028, -0.024
20.269, 0.068, 0.032, -0.029
20.286, 0.069, 0.027, -0.032
20.302, 0.070, 0.024, -0.035
20.319, 0.069, 0.022, -0.042
20.336, 0.075, 0.019, -0.044
20.352, 0.073, 0.025, -0.042
20.369, 0.068, 0.018, -0.047
20.386, 0.060, 0.022, -0.051
20.402, 0.067, 0.017, -0.052
20.419, 0.065, 0.013, -0.054
20.436, 0.060, 0.014, -0.052
20.452, 0.061, 0.010, -0.053
20.469, 0.057, 0.016, -0.056
20.486, 0.065, 0.007, -0.048
20.502, 0.051, 0.017, -0.058
20.519, 0.043, 0.015, -0.058
20.536, 0.042, 0.020, -0.061
20.553, 0.044, 0.013, -0.060
20.569, 0.033, 0.011, -0.063
20.586, 0.035, 0.005, -0.063
20.602, 0.031, 0.010, -0.063
20.619, 0.031, 0.011, -0.065
20.636, 0.029, 0.012, -0.063
20.653, 0.030, 0.009, -0.064
20.669, 0.023, 0.010, -0.062
20.686, 0.029, 0.005, -0.060
20.702, 0.039, -0.000, -0.050
20.719, 0.029, 0.004, -0.057
20.736, 0.025, 0.005, -0.057
20.753, 0.018, 0.005, -0.056
20.769, 0.022, -0.001, -0.051
20.786, 0.025, -0.004, -0.048
20.802, 0.018, -0.005, -0.045
20.819, 0.014, -0.002, -0.040
20.836, 0.005, 0.000, -0.035
20.852, 0.010, -0.010, -0.031
20.869, 0.011, -0.006, -0.026
20.886, 0.009, -0.006, -0.019
20.902, 0.007, -0.012, -0.014
20.919, 0.004, -0.004, -0.009
20.936, -0.003, -0.005, -0.001
20.952, 0.013, -0.013, 0.006
20.970, 0.002, -0.001, 0.004
20.986, 0.003, -0.006, 0.013
21.002, 0.003, -0.001, 0.014
21.019, -0.002, -0.010, 0.022
21.036, -0.007, -0.010, 0.026
21.053, -0.005, -0.015, 0.028
21.069, -0.008, -0.011, 0.032
21.086, -0.019, -0.012, 0.038
21.102, -0.022, -0.015, 0.042
21.119, -0.035, -0.014, 0.049
21.136, -0.035, -0.018, 0.051
21.152, -0.034, -0.014, 0.052
21.169, -0.033, -0.023, 0.055
21.186, -0.038, -0.019, 0.057
21.202, -0.035, -0.025, 0.058
21.219, -0.043, -0.020, 0.061
21.236, -0.044, -0.016, 0.063
21.252, -0.044, -0.015, 0.064
21.270, -0.045, -0.015, 0.065
21.286, -0.041, -0.019, 0.067
21.302, -0.040, -0.018, 0.066
21.319, -0.036, -0.009, 0.061
21.336, -0.018, -0.007, 0.063
21.352, -0.023, -0.001, 0.056
21.369, -0.020, 0.008, 0.050
21.386, -0.016, 0.013, 0.047
21.402, -0.006, 0.015, 0.043
21.419, -0.004, 0.026, 0.039
21.437, 0.001, 0.024, 0.039
21.452, -0.001, 0.029, 0.037
21.469, 0.012, 0.021, 0.039
21.486, 0.012, 0.024, 0.036
21.502, 0.006, 0.028, 0.036
21.519, 0.017, 0.025, 0.037
21.536, 0.019, 0.029, 0.037
21.552, 0.019, 0.025, 0.037
21.569, 0.023, 0.027, 0.036
21.586, 0.023, 0.028, 0.036
21.602, 0.023, 0.028, 0.035
21.619, 0.022, 0.029, 0.036
21.636, 0.019, 0.026, 0.036
21.652, 0.025, 0.023, 0.035
21.669, 0.027, 0.021, 0.033
21.686, 0.026, 0.020, 0.031
21.702, 0.026, 0.018, 0.027
21.719, 0.021, 0.025, 0.020
21.736, 0.023, 0.019, 0.016
21.754, 0.021, 0.015, 0.014
21.769, 0.026, 0.009, 0.015
21.786, 0.015, 0.018, 0.002
21.802, 0.019, 0.013, 0.000
21.819, 0.019, 0.014, -0.005
21.836, 0.014, 0.011, -0.012
21.852, 0.013, 0.011, -0.015
21.869, 0.010, 0.011, -0.024
21.887, 0.018, 0.007, -0.026
21.902, 0.011, 0.016, -0.034
21.919, 0.014, 0.020, -0.043
21.936, 0.018, 0.015, -0.045
21.952, 0.017, 0.010, -0.048
21.969, 0.013, 0.022, -0.058
21.986, 0.017, 0.013, -0.060
22.002, 0.018, 0.011, -0.062
22.019, 0.024, 0.018, -0.065
22.036, 0.021, 0.014, -0.070
22.052, 0.021, 0.023, -0.074
22.069, 0.023, 0.007, -0.070
22.086, 0.018, 0.016, -0.076
22.102, 0.022, 0.015, -0.077
22.119, 0.020, 0.015, -0.076
22.136, 0.010, 0.017, -0.076
22.152, 0.015, 0.005, -0.072
22.169, 0.017, 0.011, -0.078
22.186, 0.012, 0.009, -0.078
22.202, 0.011, 0.014, -0.075
22.219, 0.013, 0.012, -0.073
22.236, 0.010, 0.018, -0.071
22.252, 0.011, 0.024, -0.072
22.269, 0.009, 0.001, -0.059
22.286, -0.002, 0.005, -0.063
22.302, -0.005, 0.002, -0.061
22.319, -0.007, 0.000, -0.058
22.336, -0.004, 0.010, -0.059
22.352, -0.003, 0.012, -0.055
22.369, -0.004, 0.015, -0.053
22.386, -0.006, -0.008, -0.050
22.402, -0.007, 0.008, -0.045
22.419, -0.012, -0.012, -0.049
22.436, -0.007, -0.011, -0.040
22.452, -0.007, -0.008, -0.039
22.470, -0.012, -0.013, -0.041
22.486, -0.010, -0.015, -0.035
22.502, -0.010, -0.012, -0.032
22.519, -0.009, -0.009, -0.031
22.536, -0.007, -0.016, -0.028
22.552, -0.001, -0.010, -0.028
22.569, -0.001, -0.018, -0.021
22.586, 0.001, -0.003, -0.020
22.602, -0.001, -0.001, -0.016
22.619, -0.004, 0.003, -0.010
22.636, -0.006, 0.005, -0.011
22.652, -0.006, 0.002, -0.007
22.669, 0.001, 0.007, -0.004
22.686, 0.000, -0.009, 0.002
22.702, -0.002, -0.009, 0.003
22.719, -0.003, -0.009, 0.012
22.736, -0.003, -0.004, 0.017
22.752, -0.011, -0.005, 0.017
22.769, -0.009, -0.007, 0.029
22.786, -0.008, -0.010, 0.035
22.802, -0.013, -0.001, 0.038
22.819, -0.009, -0.015, 0.050
22.836, -0.009, -0.012, 0.057
22.852, -0.010, -0.005, 0.059
22.869, -0.012, -0.009, 0.068
22.886, -0.013, -0.011, 0.072
22.902, -0.015, -0.013, 0.077
22.919, -0.008, -0.017, 0.086
22.936, -0.007, -0.020, 0.093
22.952, -0.006, -0.012, 0.094
22.969, -0.007, -0.019, 0.098
22.986, -0.008, -0.014, 0.101
23.002, -0.007, -0.007, 0.103
23.019, -0.015, -0.002, 0.105
23.036, -0.013, -0.001, 0.105
23.052, -0.017, 0.006, 0.104
23.069, -0.015, 0.008, 0.108
23.086, -0.013, 0.012, 0.105
23.102, -0.011, 0.016, 0.103
23.119, -0.012, 0.015, 0.103
23.136, -0.013, 0.018, 0.103
23.152, -0.015, 0.018, 0.099
23.169, -0.016, 0.023, 0.097
23.186, -0.014, 0.025, 0.095
23.202, -0.015, 0.023, 0.091
23.219, -0.017, 0.029, 0.090
23.236, -0.016, 0.024, 0.089
23.252, -0.012, 0.025, 0.088
23.269, -0.015, 0.035, 0.081
23.286, -0.016, 0.030, 0.083
23.302, -0.013, 0.029, 0.081
23.319, -0.016, 0.038, 0.077
23.336, -0.014, 0.030, 0.077
23.352, -0.013, 0.033, 0.075
23.369, -0.014, 0.028, 0.073
23.386, -0.016, 0.022, 0.069
23.402, -0.017, 0.034, 0.067
23.419, -0.015, 0.029, 0.063
23.436, -0.014, 0.032, 0.063
23.452, -0.014, 0.032, 0.063
23.469, -0.012, 0.031, 0.062
23.486, -0.014, 0.031, 0.059
23.503, -0.012, 0.024, 0.058
23.519, -0.017, 0.019, 0.058
23.536, -0.018, 0.003, 0.061
23.552, -0.020, 0.002, 0.060
23.569, -0.021, -0.009, 0.060
23.586, -0.023, -0.012, 0.061
23.602, -0.025, -0.012, 0.061
23.619, -0.028, -0.018, 0.057
23.636, -0.029, -0.022, 0.057
23.652, -0.030, -0.020, 0.059
23.669, -0.028, -0.020, 0.058
23.686, -0.023, -0.013, 0.054
23.702, -0.023, -0.018, 0.055
23.719, -0.020, -0.018, 0.050
23.736, -0.023, 0.004, 0.046
23.752, -0.024, 0.000, 0.047
23.769, -0.021, 0.004, 0.044
23.786, -0.017, 0.005, 0.041
23.802, -0.021, 0.008, 0.037
23.819, -0.009, 0.007, 0.032
23.836, -0.018, 0.017, 0.027
23.852, -0.023, 0.014, 0.026
23.869, -0.020, 0.021, 0.018
23.886, -0.021, 0.019, 0.012
23.902, -0.024, 0.014, 0.010
23.919, -0.024, 0.015, 0.006
23.936, -0.030, 0.008, 0.000
23.952, -0.024, 0.011, -0.002
23.969, -0.023, 0.016, -0.013
23.986, -0.023, 0.010, -0.016
24.002, -0.012, 0.008, -0.018
24.019, -0.014, 0.026, -0.032
24.036, -0.010, 0.032, -0.043
24.052, -0.004, 0.014, -0.034
24.069, -0.021, 0.036, -0.048
24.086, -0.016, 0.037, -0.051
24.102, -0.014, 0.030, -0.052
24.121, -0.006, 0.022, -0.054
24.136, -0.007, 0.024, -0.060
24.152, -0.004, 0.020, -0.064
24.169, -0.004, 0.010, -0.067
24.186, -0.014, -0.006, -0.069
24.202, -0.019, -0.007, -0.070
24.219, -0.036, -0.004, -0.077
24.236, -0.042, -0.009, -0.079
24.252, -0.043, -0.017, -0.080
24.269, -0.041, -0.023, -0.083
24.286, -0.043, -0.022, -0.088
24.302, -0.039, -0.034, -0.091
24.319, -0.042, -0.044, -0.089
24.336, -0.048, -0.039, -0.093
24.352, -0.046, -0.044, -0.092
24.369, -0.038, -0.039, -0.095
24.386, -0.046, -0.048, -0.091
24.403, -0.049, -0.051, -0.086
24.419, -0.049, -0.056, -0.092
24.436, -0.052, -0.058, -0.089
24.452, -0.051, -0.059, -0.086
24.469, -0.046, -0.056, -0.081
24.486, -0.045, -0.052, -0.079
24.502, -0.042, -0.041, -0.079
24.519, -0.043, -0.046, -0.070
24.537, -0.035, -0.048, -0.067
24.552, -0.035, -0.048, -0.063
24.569, -0.032, -0.054, -0.048
24.586, -0.030, -0.046, -0.048
24.603, -0.031, -0.048, -0.044
24.619, -0.040, -0.044, -0.029
24.636, -0.042, -0.054, -0.024
24.653, -0.040, -0.053, -0.020
24.669, -0.039, -0.061, -0.007
24.686, -0.041, -0.066, 0.003
24.703, -0.047, -0.065, 0.005
24.719, -0.054, -0.067, 0.022
24.736, -0.051, -0.072, 0.024
24.752, -0.049, -0.069, 0.033
24.769, -0.051, -0.070, 0.047
24.786, -0.047, -0.065, 0.053
24.803, -0.046, -0.065, 0.054
24.819, -0.047, -0.066, 0.065
24.836, -0.043, -0.065, 0.074
24.853, -0.051, -0.074, 0.081
24.869, -0.048, -0.070, 0.089
24.886, -0.055, -0.062, 0.095
24.902, -0.060, -0.065, 0.100
24.919, -0.053, -0.061, 0.111
24.936, -0.056, -0.052, 0.117
24.952, -0.052, -0.060, 0.122
24.969, -0.048, -0.056, 0.136
24.986, -0.048, -0.066, 0.144
25.003, -0.040, -0.069, 0.140
25.019, -0.043, -0.071, 0.154
25.036, -0.038, -0.067, 0.162
25.052, -0.037, -0.061, 0.164
25.069, -0.034, -0.050, 0.172
25.086, -0.036, -0.050, 0.183
25.102, -0.027, -0.056, 0.189
25.119, -0.017, -0.059, 0.191
25.136, -0.017, -0.063, 0.197
25.152, -0.028, -0.069, 0.199
25.169, -0.028, -0.075, 0.207
25.186, -0.021, -0.064, 0.201
25.203, -0.010, -0.059, 0.201
25.219, 0.012, -0.033, 0.188
25.236, 0.020, -0.020, 0.175
25.252, 0.004, -0.025, 0.169
25.269, 0.005, -0.033, 0.152
25.286, -0.003, -0.046, 0.146
25.302, -0.035, -0.067, 0.134
25.319, 0.006, 0.012, 0.125
25.336, 0.004, -0.078, 0.184
25.352, -0.008, -0.086, 0.205
25.369, -0.001, -0.133, 0.278
25.386, -0.015, -0.100, 0.305
25.403, -0.004, -0.083, 0.317
25.419, -0.001, -0.003, 0.346
25.436, 0.014, 0.000, 0.347
25.453, 0.017, -0.002, 0.350
25.470, 0.002, -0.003, 0.352
25.486, -0.005, 0.004, 0.352
25.503, -0.003, 0.003, 0.353
25.519, -0.005, 0.002, 0.352
25.536, -0.003, 0.003, 0.351
25.553, -0.001, 0.000, 0.353
25.569, -0.007, 0.003, 0.352
25.586, -0.001, 0.001, 0.352
25.602, -0.002, 0.001, 0.352
25.619, -0.002, 0.001, 0.352
25.636, -0.005, 0.004, 0.352
25.652, -0.002, -0.001, 0.353
25.670, -0.004, 0.003, 0.352
25.686, -0.004, 0.002, 0.351
25.702, -0.001, -0.000, 0.354
25.719, -0.003, 0.002, 0.353
25.736, -0.003, -0.001, 0.353
25.752, -0.003, 0.001, 0.353
25.769, -0.002, 0.000, 0.353
25.786, -0.003, 0.002, 0.353
25.802, -0.002, 0.002, 0.353
25.819, -0.003, 0.000, 0.353
25.836, -0.003, 0.002, 0.352
25.852, -0.003, 0.001, 0.353
25.869, -0.003, 0.001, 0.353
25.886, -0.003, 0.000, 0.352
25.903, -0.001, -0.000, 0.353
25.919, -0.000, -0.000, 0.351
25.936, -0.004, 0.001, 0.353
25.952, -0.002, 0.000, 0.354
25.969, -0.002, 0.001, 0.354
25.986, -0.003, -0.000, 0.353
26.002, -0.002, 0.000, 0.352
26.019, -0.006, 0.003, 0.352
26.036, -0.003, -0.000, 0.354
26.052, -0.001, 0.000, 0.351
26.069, -0.003, -0.000, 0.354
26.086, -0.002, -0.001, 0.353
26.102, -0.004, 0.001, 0.351
26.119, -0.002, 0.000, 0.353
26.136, -0.004, 0.003, 0.352
26.152, -0.004, 0.002, 0.351
26.169, -0.003, 0.001, 0.353
26.186, -0.001, 0.000, 0.353
26.202, -0.005, 0.002, 0.352
26.219, -0.006, 0.003, 0.352
26.236, -0.003, 0.002, 0.353
26.253, -0.003, 0.001, 0.353
26.269, -0.003, 0.001, 0.352
26.286, -0.002, -0.000, 0.352
26.302, -0.004, 0.002, 0.354
26.319, -0.005, 0.002, 0.351
26.336, -0.006, 0.003, 0.352
26.352, -0.002, 0.002, 0.354
26.369, -0.005, 0.002, 0.349
26.386, 0.001, -0.001, 0.354
26.402, -0.006, 0.004, 0.352
26.419, -0.001, -0.001, 0.355
26.436, -0.001, -0.000, 0.353
26.452, -0.006, 0.002, 0.352
26.469, 0.002, -0.003, 0.354
26.486, 0.003, -0.003, 0.355
26.502, -0.006, 0.003, 0.352
26.520, -0.001, 0.001, 0.352
26.536, -0.002, 0.000, 0.352
26.552, -0.005, -0.001, 0.351
26.569, -0.005, 0.003, 0.352
26.586, -0.005, 0.003, 0.353
26.602, -0.002, 0.001, 0.352
26.619, -0.002, 0.000, 0.352
26.636, -0.003, 0.000, 0.351
26.652, -0.005, 0.003, 0.351
26.669, -0.002, -0.000, 0.352
26.686, -0.002, 0.001, 0.352
26.702, -0.005, 0.004, 0.350
26.719, -0.007, 0.004, 0.351
26.736, -0.007, 0.005, 0.351
26.752, -0.001, -0.001, 0.352
26.769, -0.003, 0.001, 0.352
26.786, -0.000, -0.001, 0.352
26.803, -0.004, 0.001, 0.349
26.819, -0.002, 0.001, 0.352
26.836, -0.001, -0.000, 0.352
26.853, -0.002, 0.001, 0.352
26.869, -0.001, -0.000, 0.352
26.886, -0.002, 0.000, 0.352
26.902, -0.003, 0.002, 0.351
26.919, -0.003, 0.002, 0.349
26.936, -0.002, 0.001, 0.352
26.952, -0.001, 0.000, 0.352
26.969, -0.003, -0.000, 0.352
26.986, -0.002, 0.001, 0.352
27.002, -0.002, 0.002, 0.352
27.019, -0.003, 0.001, 0.352
27.036, -0.001, 0.001, 0.352
27.053, -0.002, 0.001, 0.352
27.069, -0.001, 0.002, 0.350
27.086, -0.001, 0.000, 0.352
27.103, -0.003, 0.001, 0.353
27.119, -0.001, 0.000, 0.352
27.136, 0.000, -0.001, 0.352
27.153, -0.002, -0.000, 0.351
27.169, -0.001, -0.000, 0.352
27.186, -0.001, -0.001, 0.352
27.202, -0.003, 0.001, 0.351
27.219, -0.003, 0.000, 0.351
27.236, -0.004, 0.001, 0.351
27.253, -0.003, 0.001, 0.351
27.269, -0.003, 0.002, 0.352
27.286, -0.003, 0.002, 0.349
27.303, -0.001, -0.000, 0.352
27.319, -0.003, 0.001, 0.352
27.336, -0.003, 0.001, 0.352
27.352, -0.002, -0.000, 0.351
27.369, -0.004, 0.002, 0.352
27.386, -0.001, -0.000, 0.351
27.403, -0.002, 0.000, 0.351
27.419, -0.001, -0.001, 0.351
27.437, -0.001, 0.001, 0.352
27.453, -0.004, 0.002, 0.352
27.469, -0.001, -0.000, 0.352
27.486, -0.004, 0.001, 0.352
27.503, -0.003, 0.000, 0.352
27.520, -0.004, 0.002, 0.349
27.536, -0.004, 0.001, 0.351
27.552, -0.003, 0.000, 0.352
27.570, -0.004, 0.002, 0.351
27.586, -0.005, 0.004, 0.350
27.603, -0.002, -0.001, 0.352
27.619, -0.007, 0.005, 0.349
27.636, -0.008, 0.006, 0.349
27.652, -0.003, 0.000, 0.352
27.669, -0.006, 0.004, 0.348
27.686, -0.010, 0.007, 0.348
27.703, -0.004, -0.000, 0.352
27.719, -0.010, 0.008, 0.347
27.736, -0.003, -0.000, 0.352
27.752, -0.004, 0.000, 0.351
27.769, -0.002, 0.000, 0.351
27.786, -0.004, 0.001, 0.351
27.802, -0.002, -0.000, 0.350
27.819, -0.004, -0.001, 0.353
27.836, -0.003, 0.003, 0.352
27.854, -0.001, 0.001, 0.350
27.869, -0.003, 0.001, 0.352
27.886, -0.003, 0.001, 0.351
27.902, -0.001, -0.002, 0.352
27.919, -0.004, 0.001, 0.351
27.936, -0.001, -0.001, 0.352
27.952, -0.003, -0.000, 0.351
27.969, -0.002, -0.003, 0.352
27.986, -0.003, -0.001, 0.352
28.002, -0.003, 0.001, 0.351
28.019, -0.003, 0.000, 0.352
28.036, -0.003, -0.001, 0.351
28.052, -0.004, -0.000, 0.352
28.069, -0.004, 0.001, 0.349
28.086, -0.003, 0.001, 0.351
28.102, -0.003, -0.003, 0.352
28.119, -0.003, 0.001, 0.351
28.136, -0.002, 0.001, 0.351
28.152, -0.002, 0.001, 0.352
28.169, -0.003, 0.000, 0.351
28.186, -0.002, 0.000, 0.351
28.202, -0.001, 0.008, 0.350
28.219, -0.002, -0.000, 0.351
28.236, -0.002, -0.000, 0.352
28.252, -0.001, -0.000, 0.351
28.269, -0.001, -0.002, 0.351
28.286, -0.002, -0.001, 0.351
28.302, -0.003, 0.000, 0.351
28.319, -0.001, 0.001, 0.352
28.336, -0.004, 0.002, 0.351
28.352, -0.003, -0.001, 0.352
28.369, -0.003, 0.002, 0.351
28.386, -0.004, 0.001, 0.352
28.402, -0.002, 0.000, 0.351
28.419, -0.004, 0.003, 0.350
28.436, -0.002, 0.002, 0.351
28.452, -0.000, -0.000, 0.351
28.469, -0.004, 0.002, 0.351
28.486, -0.000, -0.001, 0.350
28.502, -0.001, 0.005, 0.350
28.519, -0.004, 0.006, 0.350
28.536, -0.002, 0.006, 0.350
28.552, -0.004, 0.001, 0.352
28.569, -0.002, 0.001, 0.351
28.587, -0.005, -0.000, 0.349
28.602, -0.006, 0.006, 0.348
28.619, -0.002, 0.006, 0.349
28.636, -0.000, 0.007, 0.352
28.652, -0.001, 0.001, 0.355
28.669, -0.011, -0.009, 0.359
28.686, -0.004, 0.001, 0.353
28.703, -0.001, 0.005, 0.354
28.720, -0.001, 0.001, 0.355
28.736, -0.011, -0.007, 0.359
28.752, -0.009, -0.006, 0.355
28.775, -0.003, -0.003, 0.353
28.786, -0.004, -0.007, 0.353
28.803, -0.006, -0.005, 0.355
28.819, -0.008, -0.005, 0.352
28.836, -0.009, -0.004, 0.353
28.853, -0.014, -0.008, 0.360
28.869, -0.005, -0.000, 0.353
28.886, -0.006, 0.000, 0.352
28.903, -0.006, -0.003, 0.358
28.919, -0.007, -0.000, 0.353
28.936, -0.004, 0.000, 0.353
28.953, -0.008, -0.004, 0.355
28.969, -0.005, -0.002, 0.353
28.986, -0.005, 0.001, 0.353
29.003, -0.008, -0.004, 0.356
29.019, -0.003, -0.000, 0.353
29.036, -0.005, -0.001, 0.353
29.053, -0.003, 0.001, 0.353
29.069, -0.007, -0.004, 0.355
29.086, -0.008, -0.005, 0.354
29.103, -0.003, 0.001, 0.353
29.119, -0.004, 0.001, 0.353
29.136, -0.002, -0.000, 0.352
29.153, -0.008, -0.005, 0.354
29.170, -0.003, 0.000, 0.353
29.186, -0.008, -0.003, 0.353
29.203, -0.001, -0.001, 0.352
29.219, -0.003, 0.001, 0.353
29.236, -0.005, -0.004, 0.353
29.252, -0.004, 0.001, 0.353
29.269, -0.003, -0.000, 0.353
29.286, -0.003, -0.001, 0.353
29.303, -0.003, 0.001, 0.352
29.319, -0.003, -0.000, 0.352
29.336, -0.001, -0.001, 0.351
29.353, -0.003, 0.000, 0.352
29.369, -0.004, -0.003, 0.353
29.386, -0.003, 0.002, 0.352
29.403, -0.004, 0.001, 0.353
29.419, -0.003, -0.000, 0.353
29.436, -0.003, 0.000, 0.353
29.453, -0.005, -0.002, 0.354
29.469, -0.003, 0.001, 0.352
29.486, -0.004, 0.001, 0.352
29.503, -0.004, -0.000, 0.353
29.519, -0.003, 0.002, 0.350
29.536, -0.003, 0.001, 0.353
29.553, -0.002, -0.000, 0.353
29.569, -0.004, 0.001, 0.351
29.586, -0.003, -0.001, 0.353
29.603, -0.003, 0.001, 0.352
29.619, -0.003, 0.000, 0.353
29.636, -0.004, 0.000, 0.353
29.653, -0.003, 0.001, 0.350
29.669, -0.004, 0.001, 0.353
29.686, -0.003, 0.001, 0.352
29.703, -0.004, 0.002, 0.351
29.719, -0.003, -0.000, 0.352
29.736, -0.003, 0.001, 0.352
29.753, -0.002, 0.000, 0.353
29.769, -0.003, 0.002, 0.353
29.786, -0.004, 0.001, 0.351
29.802, -0.003, 0.000, 0.353
29.819, -0.002, 0.001, 0.352
29.836, -0.003, 0.001, 0.352
29.853, -0.004, 0.001, 0.352
29.869, -0.004, 0.000, 0.353
29.886, -0.003, 0.001, 0.353
29.903, -0.003, 0.001, 0.352
29.919, -0.002, -0.001, 0.352
29.936, -0.004, 0.000, 0.352
29.953, -0.003, -0.000, 0.352
29.969, -0.005, 0.001, 0.351
29.986, -0.002, 0.002, 0.352
30.003, -0.002, -0.000, 0.352
30.019, 0.000, -0.001, 0.350
30.036, -0.004, 0.002, 0.353
30.053, -0.004, 0.000, 0.353
30.069, -0.003, 0.001, 0.352
30.086, -0.002, 0.001, 0.353
30.103, -0.003, 0.000, 0.353
30.119, -0.002, 0.001, 0.352
30.136, -0.004, 0.000, 0.353
30.153, -0.003, 0.001, 0.353
30.169, -0.003, 0.000, 0.353
30.186, -0.002, 0.001, 0.353
30.202, -0.002, 0.001, 0.352
30.219, -0.002, 0.001, 0.353
30.236, -0.002, -0.000, 0.352
30.253, -0.002, 0.001, 0.352
30.269, -0.002, -0.000, 0.353
30.286, -0.004, 0.002, 0.351
30.302, -0.002, 0.001, 0.352
30.319, -0.002, 0.001, 0.353
30.336, -0.002, -0.000, 0.352
30.353, -0.002, -0.000, 0.353
30.369, -0.003, 0.001, 0.352
30.386, -0.002, 0.000, 0.353
30.402, -0.004, -0.003, 0.353
30.419, -0.003, 0.001, 0.352
30.436, -0.001, -0.002, 0.351
30.453, -0.002, 0.001, 0.353
30.469, -0.003, -0.000, 0.353
30.486, -0.003, 0.001, 0.353
30.503, -0.003, 0.001, 0.352
30.519, -0.003, 0.000, 0.353
30.536, -0.002, 0.002, 0.352
30.553, -0.003, 0.001, 0.352
30.569, -0.002, -0.001, 0.353
30.586, -0.004, 0.002, 0.353
30.602, -0.003, 0.001, 0.353
30.619, -0.002, 0.000, 0.353
30.636, -0.002, 0.001, 0.352
30.652, -0.003, -0.000, 0.353
30.669, -0.003, 0.001, 0.350
30.686, -0.003, 0.001, 0.353
30.703, -0.003, 0.000, 0.353
30.720, -0.003, 0.001, 0.353
30.736, -0.003, 0.000, 0.353
30.753, -0.002, -0.000, 0.353
30.769, -0.003, 0.001, 0.353
30.786, -0.003, -0.000, 0.353
30.802, -0.003, 0.000, 0.352
30.819, -0.002, -0.000, 0.353
30.836, -0.003, 0.001, 0.352
30.852, -0.003, 0.001, 0.352
30.869, -0.003, 0.000, 0.353
30.886, -0.003, 0.001, 0.351
30.903, -0.002, 0.000, 0.352
30.919, -0.003, 0.001, 0.353
30.936, -0.003, 0.001, 0.353
30.952, -0.002, -0.000, 0.353
30.969, -0.003, 0.002, 0.353
30.986, -0.002, -0.000, 0.353
31.003, -0.003, 0.001, 0.353
31.019, -0.002, 0.001, 0.353
31.037, -0.003, -0.000, 0.353
31.052, -0.002, 0.000, 0.353
31.070, -0.002, -0.000, 0.353
31.086, -0.003, -0.000, 0.353
31.103, -0.004, 0.001, 0.352
31.119, -0.003, -0.001, 0.353
31.136, -0.003, 0.001, 0.352
31.153, -0.004, 0.002, 0.353
31.170, -0.004, 0.001, 0.351
31.186, -0.003, 0.001, 0.352
31.203, -0.003, 0.000, 0.352
31.219, -0.002, 0.001, 0.352
31.236, -0.003, 0.002, 0.352
31.253, -0.003, 0.000, 0.353
31.270, -0.003, 0.001, 0.352
31.286, -0.003, -0.000, 0.353
31.303, -0.003, -0.000, 0.353
31.320, -0.003, -0.000, 0.352
31.336, -0.003, -0.000, 0.353
31.353, -0.003, 0.001, 0.353
31.370, -0.003, -0.000, 0.353
31.386, -0.001, -0.001, 0.351
31.403, -0.003, 0.001, 0.350
31.419, -0.003, -0.001, 0.353
31.436, -0.003, 0.001, 0.352
31.453, -0.005, 0.002, 0.351
31.469, -0.003, 0.001, 0.353
31.486, -0.004, 0.001, 0.353
31.503, -0.003, 0.000, 0.351
31.520, -0.004, 0.002, 0.353
31.536, -0.004, 0.001, 0.351
31.553, -0.004, 0.001, 0.351
31.569, -0.003, 0.001, 0.352
31.586, -0.003, 0.001, 0.352
31.603, -0.005, -0.002, 0.353
31.619, -0.004, 0.002, 0.351
31.636, -0.002, -0.000, 0.353
31.652, -0.003, 0.001, 0.352
31.669, -0.004, 0.000, 0.351
31.686, -0.003, 0.001, 0.353
31.702, -0.002, 0.001, 0.352
31.719, -0.002, -0.000, 0.353
31.736, -0.003, 0.001, 0.352
31.752, -0.003, 0.000, 0.353
31.769, -0.002, 0.000, 0.352
31.786, -0.003, 0.002, 0.352
31.802, -0.003, -0.000, 0.353
31.819, 0.000, -0.000, 0.350
31.836, -0.004, 0.001, 0.353
31.852, -0.003, 0.001, 0.353
31.870, -0.004, 0.001, 0.351
31.886, -0.004, -0.000, 0.353
31.902, -0.003, 0.000, 0.353
31.919, -0.004, 0.000, 0.353
31.936, -0.003, 0.001, 0.353
31.952, -0.002, -0.001, 0.352
31.969, -0.003, -0.000, 0.353
31.986, -0.004, 0.002, 0.353
32.003, -0.003, 0.001, 0.352
32.019, -0.004, 0.001, 0.353
32.036, -0.003, 0.002, 0.352
32.053, -0.003, -0.000, 0.353
32.069, -0.004, 0.001, 0.353
32.086, -0.004, 0.001, 0.351
32.103, -0.004, 0.000, 0.351
32.120, -0.003, 0.002, 0.352
32.136, -0.004, 0.002, 0.351
32.153, -0.003, 0.000, 0.353
32.169, -0.003, 0.001, 0.352
32.186, -0.002, 0.000, 0.353
32.203, -0.001, -0.001, 0.351
32.219, -0.003, 0.001, 0.353
32.236, -0.002, -0.000, 0.353
32.253, -0.003, 0.000, 0.352
32.269, -0.002, -0.000, 0.353
32.286, -0.003, 0.001, 0.352
32.302, -0.004, 0.002, 0.352
32.319, -0.003, -0.000, 0.353
32.336, -0.002, 0.002, 0.351
32.353, -0.004, 0.001, 0.353
32.369, -0.004, 0.001, 0.351
32.386, -0.003, 0.001, 0.352
32.402, -0.003, -0.000, 0.353
32.419, -0.003, 0.000, 0.352
32.436, -0.003, 0.001, 0.353
32.452, -0.003, 0.000, 0.353
32.470, -0.003, 0.001, 0.352
32.486, -0.006, -0.002, 0.353
32.502, -0.006, -0.001, 0.353
32.519, -0.003, 0.000, 0.353
32.536, -0.003, 0.001, 0.353
32.552, -0.003, 0.000, 0.352
32.569, -0.003, 0.000, 0.353
32.586, -0.003, 0.000, 0.352
32.603, -0.003, 0.000, 0.351
32.619, -0.002, -0.000, 0.353
32.636, -0.002, 0.001, 0.352
32.652, -0.003, -0.001, 0.351
32.669, -0.003, 0.001, 0.353
32.686, -0.004, 0.000, 0.353
32.702, -0.004, 0.001, 0.351
32.719, -0.004, 0.001, 0.352
32.736, -0.003, -0.000, 0.353
32.752, -0.003, 0.000, 0.352
32.769, -0.004, 0.001, 0.352
32.786, -0.002, -0.001, 0.353
32.802, -0.003, -0.000, 0.352
32.819, -0.004, -0.000, 0.353
32.836, -0.003, -0.001, 0.353
32.852, -0.003, 0.000, 0.352
32.869, -0.003, -0.000, 0.353
32.886, -0.002, -0.001, 0.352
32.902, -0.003, 0.001, 0.352
32.919, -0.002, -0.000, 0.353
32.936, -0.002, 0.001, 0.352
32.952, -0.003, 0.001, 0.353
32.969, -0.003, 0.001, 0.351
32.986, -0.003, 0.001, 0.352
33.002, -0.003, 0.001, 0.353
33.019, -0.003, 0.002, 0.351
33.036, -0.003, 0.000, 0.352
33.052, -0.006, -0.001, 0.354
33.069, -0.004, 0.001, 0.351
33.086, -0.003, 0.000, 0.353
33.102, -0.002, 0.000, 0.352
33.120, -0.003, 0.000, 0.353
33.136, -0.003, 0.001, 0.353
33.152, -0.004, 0.001, 0.350
33.169, -0.004, 0.000, 0.353
33.186, -0.003, 0.000, 0.353
33.202, -0.004, 0.002, 0.351
33.219, -0.003, 0.001, 0.353
33.237, -0.003, 0.001, 0.352
