0.046, 0.000, 0.000, 0.000
0.062, 0.000, 0.000, 0.000
0.079, 0.000, 0.000, 0.000
0.096, 0.000, 0.000, 0.000
0.112, 0.000, 0.000, 0.000
0.129, 0.000, 0.000, 0.000
0.146, 0.000, 0.000, 0.000
0.163, 0.000, 0.000, 0.000
0.179, 0.000, 0.000, 0.000
0.196, 0.000, 0.000, 0.000
0.212, 0.000, 0.000, 0.000
0.229, 0.000, 0.000, 0.000
0.246, 0.000, 0.000, 0.000
0.263, 0.000, 0.000, 0.000
0.279, 0.000, 0.000, 0.000
0.296, 0.000, 0.000, 0.000
0.312, 0.000, 0.000, 0.000
0.329, 0.000, 0.000, 0.000
0.346, 0.000, 0.000, 0.000
0.363, 0.000, 0.000, 0.000
0.379, 0.000, 0.000, 0.000
0.396, 0.000, 0.000, 0.000
0.413, 0.000, 0.000, 0.000
0.429, 0.000, 0.000, 0.000
0.446, 0.000, 0.000, 0.000
0.463, 0.314, -0.123, 0.032
0.480, 0.314, -0.123, 0.032
0.496, 0.314, -0.123, 0.032
0.513, 0.315, -0.123, 0.032
0.530, 0.314, -0.123, 0.032
0.546, 0.314, -0.123, 0.032
0.563, 0.315, -0.123, 0.032
0.579, 0.315, -0.123, 0.032
0.596, 0.315, -0.123, 0.032
0.613, 0.315, -0.123, 0.032
0.629, 0.315, -0.123, 0.032
0.646, 0.314, -0.123, 0.032
0.662, 0.315, -0.123, 0.032
0.679, 0.314, -0.123, 0.032
0.696, 0.315, -0.123, 0.032
0.713, 0.315, -0.123, 0.032
0.730, 0.314, -0.123, 0.032
0.746, 0.315, -0.123, 0.032
0.763, 0.315, -0.123, 0.032
0.779, 0.314, -0.123, 0.032
0.796, 0.315, -0.123, 0.032
0.813, 0.314, -0.123, 0.032
0.830, 0.314, -0.123, 0.032
0.846, 0.315, -0.123, 0.032
0.863, 0.314, -0.123, 0.032
0.879, 0.315, -0.123, 0.032
0.896, 0.315, -0.123, 0.032
0.913, 0.314, -0.123, 0.032
0.929, 0.315, -0.123, 0.032
0.946, 0.315, -0.123, 0.032
0.963, 0.315, -0.123, 0.032
0.979, 0.315, -0.123, 0.032
0.996, 0.314, -0.123, 0.032
1.012, 0.315, -0.123, 0.032
1.029, 0.314, -0.123, 0.032
1.046, 0.315, -0.123, 0.032
1.063, 0.315, -0.123, 0.032
1.079, 0.314, -0.123, 0.032
1.096, 0.315, -0.123, 0.032
1.113, 0.315, -0.123, 0.032
1.129, 0.315, -0.123, 0.032
1.146, 0.314, -0.123, 0.032
1.162, 0.314, -0.123, 0.032
1.179, 0.315, -0.123, 0.032
1.196, 0.314, -0.123, 0.032
1.213, 0.315, -0.123, 0.032
1.229, 0.315, -0.123, 0.032
1.246, 0.314, -0.123, 0.032
1.262, 0.315, -0.123, 0.032
1.279, 0.315, -0.123, 0.032
1.296, 0.315, -0.123, 0.032
1.312, 0.314, -0.123, 0.032
1.329, 0.314, -0.123, 0.032
1.346, 0.315, -0.123, 0.032
1.362, 0.314, -0.123, 0.032
1.379, 0.314, -0.123, 0.032
1.396, 0.315, -0.123, 0.032
1.413, 0.315, -0.123, 0.032
1.429, 0.315, -0.123, 0.032
1.446, 0.315, -0.123, 0.032
1.462, 0.315, -0.123, 0.032
1.479, 0.315, -0.123, 0.032
1.496, 0.314, -0.123, 0.032
1.512, 0.315, -0.123, 0.032
1.529, 0.314, -0.123, 0.032
1.546, 0.314, -0.123, 0.032
1.562, 0.314, -0.123, 0.032
1.579, 0.314, -0.123, 0.032
1.596, 0.314, -0.123, 0.032
1.612, 0.314, -0.123, 0.032
1.629, 0.315, -0.123, 0.032
1.646, 0.315, -0.123, 0.032
1.662, 0.315, -0.123, 0.032
1.679, 0.315, -0.123, 0.032
1.696, 0.315, -0.123, 0.032
1.712, 0.314, -0.123, 0.032
1.729, 0.314, -0.123, 0.032
1.746, 0.315, -0.123, 0.032
1.762, 0.314, -0.123, 0.032
1.779, 0.315, -0.123, 0.032
1.796, 0.314, -0.123, 0.032
1.812, 0.315, -0.123, 0.032
1.829, 0.315, -0.123, 0.032
1.846, 0.314, -0.123, 0.032
1.862, 0.315, -0.123, 0.032
1.879, 0.314, -0.123, 0.032
1.896, 0.315, -0.123, 0.032
1.913, 0.314, -0.123, 0.032
1.929, 0.314, -0.123, 0.032
1.946, 0.315, -0.123, 0.032
1.963, 0.314, -0.123, 0.032
1.979, 0.314, -0.123, 0.032
1.996, 0.315, -0.123, 0.032
2.013, 0.315, -0.123, 0.032
2.033, 0.315, -0.123, 0.032
2.046, 0.314, -0.123, 0.032
2.063, 0.315, -0.123, 0.032
2.079, 0.314, -0.123, 0.032
2.096, 0.314, -0.123, 0.032
2.113, 0.315, -0.123, 0.032
2.130, 0.315, -0.123, 0.032
2.146, 0.314, -0.123, 0.032
2.163, 0.314, -0.123, 0.032
2.179, 0.314, -0.123, 0.032
2.196, 0.314, -0.123, 0.032
2.212, 0.315, -0.123, 0.032
2.229, 0.315, -0.123, 0.032
2.246, 0.314, -0.123, 0.032
2.263, 0.315, -0.123, 0.032
2.279, 0.315, -0.123, 0.032
2.296, 0.314, -0.123, 0.032
2.313, 0.315, -0.123, 0.032
2.329, 0.315, -0.123, 0.032
2.346, 0.315, -0.123, 0.032
2.363, 0.314, -0.123, 0.032
2.379, 0.314, -0.123, 0.032
2.396, 0.315, -0.123, 0.032
2.413, 0.314, -0.123, 0.032
2.429, 0.314, -0.123, 0.032
2.446, 0.315, -0.123, 0.032
2.463, 0.315, -0.123, 0.032
2.479, 0.314, -0.123, 0.032
2.496, 0.315, -0.123, 0.032
2.513, 0.314, -0.123, 0.032
2.530, 0.314, -0.123, 0.032
2.546, 0.314, -0.123, 0.032
2.563, 0.314, -0.123, 0.032
2.579, 0.314, -0.123, 0.032
2.596, 0.314, -0.123, 0.032
2.612, 0.315, -0.123, 0.032
2.630, 0.314, -0.123, 0.032
2.646, 0.314, -0.123, 0.032
2.663, 0.314, -0.123, 0.032
2.679, 0.315, -0.123, 0.032
2.696, 0.314, -0.123, 0.032
2.713, 0.315, -0.123, 0.032
2.729, 0.314, -0.123, 0.032
2.746, 0.314, -0.123, 0.032
2.763, 0.314, -0.123, 0.032
2.779, 0.315, -0.123, 0.032
2.796, 0.315, -0.123, 0.032
2.813, 0.315, -0.123, 0.032
2.829, 0.315, -0.123, 0.032
2.846, 0.315, -0.123, 0.032
2.863, 0.314, -0.123, 0.032
2.879, 0.315, -0.123, 0.032
2.896, 0.314, -0.123, 0.032
2.913, 0.315, -0.123, 0.032
2.929, 0.314, -0.123, 0.032
2.946, 0.315, -0.123, 0.032
2.963, 0.315, -0.123, 0.032
2.979, 0.315, -0.123, 0.032
2.996, 0.315, -0.123, 0.032
3.013, 0.314, -0.123, 0.032
3.029, 0.314, -0.123, 0.032
3.046, 0.315, -0.123, 0.032
3.063, 0.314, -0.123, 0.032
3.079, 0.314, -0.123, 0.032
3.096, 0.315, -0.123, 0.032
3.113, 0.314, -0.123, 0.032
3.129, 0.314, -0.123, 0.032
3.146, 0.314, -0.123, 0.032
3.163, 0.314, -0.123, 0.032
3.179, 0.315, -0.123, 0.032
3.196, 0.315, -0.123, 0.032
3.213, 0.315, -0.123, 0.032
3.230, 0.314, -0.123, 0.032
3.246, 0.315, -0.123, 0.032
3.263, 0.314, -0.123, 0.032
3.279, 0.315, -0.123, 0.032
3.296, 0.314, -0.123, 0.032
3.313, 0.314, -0.123, 0.032
3.329, 0.314, -0.123, 0.032
3.346, 0.314, -0.123, 0.032
3.363, 0.315, -0.123, 0.032
3.379, 0.315, -0.123, 0.032
3.396, 0.314, -0.123, 0.032
3.413, 0.315, -0.123, 0.032
3.429, 0.314, -0.123, 0.032
3.449, 0.315, -0.123, 0.032
3.463, 0.315, -0.123, 0.032
3.480, 0.314, -0.123, 0.032
3.496, 0.314, -0.123, 0.032
3.513, 0.314, -0.123, 0.032
3.529, 0.314, -0.123, 0.032
3.546, 0.315, -0.123, 0.032
3.563, 0.314, -0.123, 0.032
3.579, 0.314, -0.123, 0.032
3.596, 0.314, -0.123, 0.032
3.613, 0.315, -0.123, 0.032
3.629, 0.314, -0.123, 0.032
3.646, 0.315, -0.123, 0.032
3.662, 0.314, -0.123, 0.032
3.679, 0.314, -0.123, 0.032
3.696, 0.315, -0.123, 0.032
3.712, 0.314, -0.123, 0.032
3.729, 0.315, -0.123, 0.032
3.746, 0.315, -0.123, 0.032
3.763, 0.314, -0.123, 0.032
3.779, 0.315, -0.123, 0.032
3.796, 0.314, -0.123, 0.032
3.813, 0.314, -0.123, 0.032
3.829, 0.315, -0.123, 0.032
3.846, 0.314, -0.123, 0.032
3.862, 0.315, -0.123, 0.032
3.879, 0.315, -0.123, 0.032
3.896, 0.314, -0.123, 0.032
3.913, 0.314, -0.123, 0.032
3.930, 0.315, -0.123, 0.032
3.946, 0.314, -0.123, 0.032
3.963, 0.314, -0.123, 0.032
3.980, 0.315, -0.123, 0.032
3.996, 0.314, -0.123, 0.032
4.013, 0.314, -0.123, 0.032
4.029, 0.315, -0.123, 0.032
4.046, 0.315, -0.123, 0.032
4.063, 0.315, -0.123, 0.032
4.079, 0.315, -0.123, 0.032
4.096, 0.315, -0.123, 0.032
4.113, 0.314, -0.123, 0.032
4.130, 0.314, -0.123, 0.032
4.146, 0.315, -0.123, 0.032
4.163, 0.314, -0.123, 0.032
4.180, 0.314, -0.123, 0.032
4.196, 0.314, -0.123, 0.032
4.213, 0.314, -0.123, 0.032
4.230, 0.314, -0.123, 0.032
4.246, 0.314, -0.123, 0.032
4.263, 0.314, -0.123, 0.032
4.279, 0.315, -0.123, 0.032
4.296, 0.314, -0.123, 0.032
4.313, 0.315, -0.123, 0.032
4.329, 0.314, -0.123, 0.032
4.346, 0.315, -0.123, 0.032
4.363, 0.314, -0.123, 0.032
4.380, 0.314, -0.123, 0.032
4.397, 0.314, -0.123, 0.032
4.413, 0.314, -0.123, 0.032
4.430, 0.314, -0.123, 0.032
4.446, 0.314, -0.123, 0.032
4.463, 0.314, -0.123, 0.032
4.480, 0.314, -0.123, 0.032
4.496, 0.314, -0.123, 0.032
4.513, 0.315, -0.123, 0.032
4.530, 0.314, -0.123, 0.032
4.546, 0.314, -0.123, 0.032
4.563, 0.314, -0.123, 0.032
4.580, 0.314, -0.123, 0.032
4.597, 0.314, -0.123, 0.032
4.613, 0.315, -0.123, 0.032
4.630, 0.314, -0.123, 0.032
4.647, 0.314, -0.123, 0.032
4.663, 0.315, -0.123, 0.032
4.680, 0.314, -0.123, 0.032
4.696, 0.314, -0.123, 0.032
4.713, 0.314, -0.123, 0.032
4.730, 0.314, -0.123, 0.032
4.746, 0.314, -0.123, 0.032
4.763, 0.314, -0.123, 0.032
4.780, 0.315, -0.123, 0.032
4.797, 0.314, -0.123, 0.032
4.813, 0.314, -0.123, 0.032
4.830, 0.315, -0.123, 0.032
4.846, 0.314, -0.123, 0.032
4.863, 0.315, -0.123, 0.032
4.880, 0.315, -0.123, 0.032
4.896, 0.314, -0.123, 0.032
4.913, 0.315, -0.123, 0.032
4.930, 0.314, -0.123, 0.032
4.946, 0.314, -0.123, 0.032
4.963, 0.314, -0.123, 0.032
4.980, 0.314, -0.123, 0.032
4.996, 0.314, -0.123, 0.032
5.013, 0.314, -0.123, 0.032
5.030, 0.314, -0.123, 0.032
5.046, 0.315, -0.123, 0.032
5.063, 0.315, -0.123, 0.032
5.080, 0.314, -0.123, 0.032
5.096, 0.314, -0.123, 0.032
5.113, 0.315, -0.123, 0.032
5.130, 0.315, -0.123, 0.032
5.146, 0.314, -0.123, 0.032
5.163, 0.315, -0.123, 0.032
5.180, 0.314, -0.123, 0.032
5.196, 0.314, -0.123, 0.032
5.213, 0.314, -0.123, 0.032
5.230, 0.314, -0.123, 0.032
5.246, 0.314, -0.123, 0.032
5.263, 0.314, -0.123, 0.032
5.279, 0.314, -0.123, 0.032
5.297, 0.314, -0.123, 0.032
5.313, 0.314, -0.123, 0.032
5.330, 0.314, -0.123, 0.032
5.346, 0.315, -0.123, 0.032
5.363, 0.314, -0.123, 0.032
5.380, 0.315, -0.123, 0.032
5.396, 0.314, -0.123, 0.032
5.413, 0.314, -0.123, 0.032
5.430, 0.315, -0.123, 0.032
5.446, 0.314, -0.123, 0.032
5.463, 0.315, -0.123, 0.032
5.480, 0.315, -0.123, 0.032
5.496, 0.314, -0.123, 0.032
5.513, 0.315, -0.123, 0.032
5.530, 0.315, -0.123, 0.032
5.546, 0.315, -0.123, 0.032
5.563, 0.314, -0.123, 0.032
5.580, 0.315, -0.123, 0.032
5.596, 0.315, -0.123, 0.032
5.613, 0.315, -0.123, 0.032
5.630, 0.315, -0.123, 0.032
5.646, 0.315, -0.123, 0.032
5.663, 0.314, -0.123, 0.032
5.679, 0.315, -0.123, 0.032
5.696, 0.315, -0.123, 0.032
5.713, 0.314, -0.123, 0.032
5.730, 0.314, -0.123, 0.032
5.746, 0.315, -0.123, 0.032
5.763, 0.315, -0.123, 0.032
5.780, 0.314, -0.123, 0.032
5.797, 0.315, -0.123, 0.032
5.812, 0.314, -0.123, 0.032
5.830, 0.315, -0.123, 0.032
5.846, 0.315, -0.123, 0.032
5.863, 0.315, -0.123, 0.032
5.879, 0.315, -0.123, 0.032
5.896, 0.315, -0.123, 0.032
5.913, 0.315, -0.123, 0.032
5.930, 0.315, -0.123, 0.032
5.947, 0.315, -0.123, 0.032
5.963, 0.315, -0.123, 0.032
5.980, 0.315, -0.123, 0.032
5.996, 0.315, -0.123, 0.032
6.013, 0.315, -0.123, 0.032
6.030, 0.315, -0.123, 0.032
6.046, 0.315, -0.123, 0.032
6.063, 0.315, -0.123, 0.032
6.079, 0.315, -0.123, 0.032
6.096, 0.315, -0.123, 0.032
6.113, 0.315, -0.123, 0.032
6.129, 0.315, -0.123, 0.032
6.146, 0.315, -0.123, 0.032
6.162, 0.315, -0.123, 0.032
6.179, 0.315, -0.123, 0.032
6.196, 0.315, -0.123, 0.032
6.213, 0.315, -0.123, 0.032
6.229, 0.315, -0.123, 0.032
6.246, 0.315, -0.123, 0.032
6.262, 0.315, -0.123, 0.032
6.279, 0.315, -0.123, 0.032
6.296, 0.315, -0.123, 0.032
6.315, 0.315, -0.123, 0.032
6.329, 0.315, -0.123, 0.032
6.346, 0.315, -0.123, 0.032
6.363, 0.315, -0.123, 0.032
6.380, 0.315, -0.123, 0.032
6.396, 0.315, -0.123, 0.032
6.412, 0.315, -0.123, 0.032
6.430, 0.315, -0.123, 0.032
6.446, 0.315, -0.123, 0.032
6.463, 0.315, -0.123, 0.032
6.479, 0.315, -0.123, 0.032
6.496, 0.315, -0.123, 0.032
6.513, 0.315, -0.123, 0.032
6.529, 0.315, -0.123, 0.032
6.546, 0.315, -0.123, 0.032
6.563, 0.315, -0.123, 0.033
6.580, 0.315, -0.123, 0.033
6.596, 0.315, -0.123, 0.033
6.612, 0.316, -0.123, 0.033
6.629, 0.316, -0.123, 0.033
6.646, 0.316, -0.123, 0.033
6.663, 0.316, -0.123, 0.033
6.679, 0.316, -0.123, 0.033
6.696, 0.316, -0.123, 0.033
6.712, 0.316, -0.122, 0.033
6.730, 0.316, -0.122, 0.033
6.746, 0.316, -0.122, 0.033
6.763, 0.316, -0.122, 0.033
6.779, 0.316, -0.122, 0.034
6.796, 0.316, -0.121, 0.034
6.813, 0.315, -0.121, 0.034
6.829, 0.315, -0.120, 0.034
6.846, 0.315, -0.120, 0.034
6.863, 0.315, -0.119, 0.035
6.879, 0.314, -0.119, 0.035
6.896, 0.314, -0.118, 0.035
6.912, 0.313, -0.117, 0.036
6.929, 0.313, -0.117, 0.036
6.946, 0.312, -0.115, 0.037
6.963, 0.312, -0.114, 0.037
6.979, 0.311, -0.114, 0.038
6.996, 0.310, -0.112, 0.039
7.012, 0.309, -0.111, 0.040
7.029, 0.309, -0.111, 0.040
7.046, 0.307, -0.109, 0.042
7.063, 0.306, -0.108, 0.044
7.079, 0.305, -0.107, 0.045
7.096, 0.303, -0.105, 0.047
7.113, 0.302, -0.103, 0.049
7.129, 0.301, -0.103, 0.050
7.146, 0.299, -0.101, 0.053
7.163, 0.298, -0.099, 0.055
7.179, 0.297, -0.098, 0.056
7.196, 0.295, -0.096, 0.060
7.213, 0.293, -0.094, 0.063
7.229, 0.292, -0.093, 0.064
7.246, 0.289, -0.091, 0.068
7.263, 0.287, -0.089, 0.072
7.279, 0.286, -0.088, 0.073
7.296, 0.283, -0.085, 0.079
7.313, 0.281, -0.083, 0.082
7.329, 0.280, -0.082, 0.084
7.346, 0.277, -0.079, 0.090
7.363, 0.274, -0.077, 0.094
7.380, 0.273, -0.075, 0.096
7.396, 0.269, -0.072, 0.102
7.413, 0.267, -0.070, 0.107
7.429, 0.266, -0.069, 0.109
7.446, 0.263, -0.065, 0.117
7.463, 0.260, -0.062, 0.122
7.479, 0.259, -0.061, 0.124
7.496, 0.257, -0.057, 0.132
7.513, 0.255, -0.054, 0.137
7.529, 0.254, -0.053, 0.140
7.546, 0.253, -0.048, 0.149
7.563, 0.252, -0.045, 0.155
7.579, 0.251, -0.044, 0.158
7.596, 0.251, -0.039, 0.168
7.613, 0.251, -0.036, 0.174
7.629, 0.251, -0.035, 0.178
7.646, 0.252, -0.030, 0.188
7.663, 0.253, -0.028, 0.194
7.679, 0.255, -0.024, 0.201
7.696, 0.257, -0.022, 0.208
7.713, 0.259, -0.019, 0.215
7.729, 0.261, -0.017, 0.219
7.746, 0.265, -0.013, 0.229
7.763, 0.269, -0.010, 0.236
7.779, 0.271, -0.009, 0.240
7.796, 0.277, -0.005, 0.250
7.813, 0.282, -0.003, 0.258
7.829, 0.285, -0.001, 0.261
7.846, 0.294, 0.002, 0.272
7.863, 0.300, 0.005, 0.279
7.879, 0.303, 0.006, 0.282
7.896, 0.314, 0.010, 0.292
7.912, 0.322, 0.012, 0.299
7.929, 0.326, 0.013, 0.302
7.946, 0.339, 0.016, 0.312
7.962, 0.348, 0.019, 0.318
7.979, 0.352, 0.020, 0.322
7.996, 0.367, 0.023, 0.331
8.012, 0.377, 0.025, 0.337
8.030, 0.382, 0.026, 0.340
8.046, 0.393, 0.029, 0.346
8.063, 0.409, 0.032, 0.354
8.079, 0.415, 0.033, 0.357
8.096, 0.432, 0.037, 0.366
8.113, 0.444, 0.039, 0.371
8.129, 0.450, 0.040, 0.374
8.146, 0.468, 0.043, 0.381
8.163, 0.480, 0.046, 0.386
8.179, 0.487, 0.047, 0.389
8.196, 0.505, 0.050, 0.396
8.213, 0.518, 0.052, 0.401
8.230, 0.524, 0.054, 0.403
8.246, 0.543, 0.057, 0.410
8.263, 0.556, 0.060, 0.414
8.279, 0.562, 0.061, 0.416
8.296, 0.581, 0.064, 0.423
8.313, 0.593, 0.067, 0.427
8.330, 0.599, 0.068, 0.429
8.346, 0.617, 0.071, 0.435
8.363, 0.629, 0.074, 0.439
8.380, 0.635, 0.075, 0.441
8.397, 0.652, 0.079, 0.447
8.413, 0.663, 0.081, 0.451
8.430, 0.663, 0.081, 0.451
8.447, 0.663, 0.081, 0.451
8.463, 0.663, 0.081, 0.451
8.480, 0.663, 0.081, 0.451
8.497, 0.663, 0.081, 0.451
8.513, 0.663, 0.081, 0.451
8.529, 0.663, 0.081, 0.451
8.546, 0.663, 0.081, 0.451
8.563, 0.663, 0.081, 0.451
8.580, 0.750, 0.104, 0.486
8.597, 0.761, 0.108, 0.490
8.613, 0.767, 0.110, 0.494
8.629, 0.770, 0.112, 0.495
8.646, 0.779, 0.115, 0.500
8.663, 0.784, 0.118, 0.503
8.679, 0.786, 0.119, 0.505
8.696, 0.793, 0.122, 0.509
8.713, 0.797, 0.125, 0.512
8.729, 0.799, 0.126, 0.513
8.747, 0.804, 0.129, 0.517
8.763, 0.807, 0.132, 0.520
8.779, 0.808, 0.133, 0.521
8.797, 0.811, 0.136, 0.525
8.813, 0.813, 0.138, 0.528
8.829, 0.814, 0.139, 0.529
8.846, 0.816, 0.142, 0.532
8.863, 0.817, 0.144, 0.535
8.879, 0.817, 0.145, 0.536
8.896, 0.818, 0.147, 0.538
8.913, 0.818, 0.149, 0.541
8.930, 0.818, 0.150, 0.542
8.946, 0.818, 0.153, 0.545
8.963, 0.817, 0.154, 0.547
8.979, 0.817, 0.155, 0.548
8.996, 0.816, 0.157, 0.551
9.013, 0.815, 0.158, 0.553
9.029, 0.815, 0.159, 0.554
9.046, 0.813, 0.160, 0.556
9.063, 0.812, 0.161, 0.558
9.079, 0.811, 0.162, 0.558
9.096, 0.809, 0.163, 0.561
9.113, 0.808, 0.164, 0.562
9.129, 0.807, 0.164, 0.563
9.146, 0.805, 0.165, 0.565
9.163, 0.804, 0.166, 0.566
9.179, 0.803, 0.166, 0.567
9.196, 0.801, 0.167, 0.569
9.213, 0.800, 0.167, 0.570
9.229, 0.799, 0.167, 0.570
9.246, 0.797, 0.167, 0.572
9.263, 0.796, 0.167, 0.573
9.279, 0.796, 0.167, 0.574
9.296, 0.794, 0.167, 0.575
9.313, 0.793, 0.167, 0.576
9.329, 0.793, 0.167, 0.577
9.346, 0.791, 0.166, 0.578
9.363, 0.791, 0.166, 0.579
9.379, 0.790, 0.166, 0.580
9.396, 0.789, 0.165, 0.581
9.413, 0.789, 0.165, 0.582
9.429, 0.789, 0.165, 0.582
9.446, 0.789, 0.164, 0.584
9.463, 0.789, 0.164, 0.585
9.479, 0.789, 0.163, 0.585
9.496, 0.789, 0.163, 0.586
9.513, 0.789, 0.162, 0.587
9.529, 0.789, 0.162, 0.587
9.546, 0.789, 0.161, 0.588
9.563, 0.790, 0.160, 0.589
9.579, 0.790, 0.160, 0.589
9.596, 0.791, 0.159, 0.590
9.613, 0.792, 0.159, 0.591
9.629, 0.792, 0.159, 0.591
9.646, 0.794, 0.158, 0.592
9.663, 0.795, 0.158, 0.593
9.679, 0.795, 0.157, 0.593
9.696, 0.797, 0.157, 0.594
9.713, 0.798, 0.157, 0.595
9.729, 0.799, 0.157, 0.595
9.746, 0.801, 0.156, 0.596
9.763, 0.802, 0.156, 0.596
9.779, 0.803, 0.156, 0.596
9.796, 0.805, 0.156, 0.597
9.813, 0.806, 0.156, 0.597
9.829, 0.807, 0.156, 0.597
9.846, 0.809, 0.156, 0.598
9.863, 0.810, 0.156, 0.598
9.879, 0.811, 0.156, 0.598
9.896, 0.813, 0.157, 0.598
9.913, 0.815, 0.157, 0.598
9.929, 0.815, 0.157, 0.598
9.946, 0.818, 0.158, 0.598
9.963, 0.819, 0.158, 0.598
9.979, 0.820, 0.159, 0.598
9.996, 0.822, 0.159, 0.598
10.013, 0.823, 0.160, 0.598
10.029, 0.824, 0.160, 0.598
10.046, 0.826, 0.161, 0.597
10.063, 0.827, 0.162, 0.597
10.079, 0.828, 0.163, 0.597
10.096, 0.830, 0.164, 0.597
10.113, 0.831, 0.165, 0.596
10.129, 0.831, 0.165, 0.596
10.146, 0.833, 0.166, 0.596
10.163, 0.834, 0.167, 0.595
10.179, 0.835, 0.168, 0.595
10.196, 0.836, 0.169, 0.594
10.213, 0.837, 0.170, 0.594
10.229, 0.837, 0.171, 0.594
10.246, 0.839, 0.172, 0.593
10.263, 0.839, 0.173, 0.592
10.280, 0.840, 0.174, 0.592
10.296, 0.841, 0.175, 0.591
10.312, 0.841, 0.176, 0.590
10.329, 0.841, 0.176, 0.590
10.346, 0.842, 0.178, 0.589
10.362, 0.842, 0.179, 0.588
10.379, 0.843, 0.179, 0.588
10.396, 0.843, 0.181, 0.587
10.412, 0.843, 0.182, 0.586
10.429, 0.843, 0.182, 0.586
10.446, 0.843, 0.183, 0.585
10.463, 0.844, 0.184, 0.584
10.479, 0.844, 0.185, 0.584
10.496, 0.844, 0.186, 0.583
10.513, 0.844, 0.187, 0.582
10.529, 0.844, 0.187, 0.582
10.546, 0.843, 0.188, 0.581
10.562, 0.843, 0.189, 0.581
10.579, 0.843, 0.189, 0.581
10.596, 0.843, 0.190, 0.580
10.612, 0.843, 0.190, 0.580
10.629, 0.843, 0.191, 0.579
10.646, 0.842, 0.191, 0.579
10.662, 0.842, 0.192, 0.579
10.679, 0.842, 0.192, 0.578
10.696, 0.841, 0.192, 0.578
10.712, 0.841, 0.192, 0.578
10.729, 0.841, 0.192, 0.577
10.746, 0.840, 0.193, 0.577
10.762, 0.840, 0.193, 0.576
10.779, 0.840, 0.193, 0.576
10.796, 0.839, 0.193, 0.576
10.812, 0.839, 0.193, 0.575
10.829, 0.839, 0.193, 0.575
10.846, 0.839, 0.193, 0.575
10.862, 0.838, 0.193, 0.574
10.879, 0.838, 0.192, 0.574
10.896, 0.838, 0.192, 0.573
10.912, 0.837, 0.192, 0.572
10.929, 0.837, 0.192, 0.572
10.946, 0.837, 0.191, 0.571
10.963, 0.837, 0.191, 0.571
10.979, 0.837, 0.191, 0.570
10.996, 0.837, 0.190, 0.570
11.013, 0.836, 0.190, 0.569
11.030, 0.836, 0.190, 0.569
11.046, 0.836, 0.189, 0.568
11.063, 0.836, 0.189, 0.567
11.080, 0.836, 0.189, 0.567
11.096, 0.836, 0.188, 0.566
11.113, 0.836, 0.188, 0.565
11.130, 0.836, 0.188, 0.565
11.146, 0.836, 0.187, 0.564
11.163, 0.836, 0.186, 0.564
11.180, 0.836, 0.186, 0.563
11.196, 0.836, 0.186, 0.562
11.213, 0.836, 0.185, 0.562
11.230, 0.836, 0.185, 0.562
11.246, 0.837, 0.185, 0.561
11.263, 0.837, 0.184, 0.560
11.280, 0.837, 0.184, 0.560
11.296, 0.837, 0.184, 0.559
11.313, 0.837, 0.183, 0.558
11.330, 0.837, 0.183, 0.558
11.346, 0.838, 0.183, 0.557
11.363, 0.838, 0.182, 0.556
11.380, 0.838, 0.182, 0.556
11.397, 0.839, 0.182, 0.555
11.413, 0.839, 0.182, 0.555
11.430, 0.839, 0.182, 0.554
11.446, 0.839, 0.181, 0.553
11.463, 0.840, 0.181, 0.552
11.480, 0.840, 0.181, 0.552
11.496, 0.840, 0.181, 0.551
11.513, 0.840, 0.181, 0.550
11.530, 0.841, 0.181, 0.550
11.546, 0.841, 0.181, 0.549
11.563, 0.841, 0.181, 0.548
11.580, 0.841, 0.181, 0.547
11.596, 0.842, 0.180, 0.546
11.613, 0.842, 0.181, 0.546
11.630, 0.842, 0.180, 0.545
11.646, 0.843, 0.180, 0.544
11.663, 0.843, 0.180, 0.543
11.680, 0.843, 0.180, 0.543
11.697, 0.843, 0.181, 0.541
11.713, 0.843, 0.181, 0.540
11.730, 0.843, 0.181, 0.540
11.746, 0.844, 0.181, 0.539
11.763, 0.844, 0.181, 0.538
11.780, 0.844, 0.181, 0.537
11.796, 0.844, 0.181, 0.536
11.813, 0.844, 0.181, 0.535
11.830, 0.844, 0.181, 0.535
11.846, 0.844, 0.181, 0.534
11.863, 0.844, 0.182, 0.533
11.879, 0.844, 0.182, 0.533
11.897, 0.844, 0.182, 0.532
11.913, 0.844, 0.182, 0.531
11.930, 0.844, 0.182, 0.530
11.946, 0.844, 0.182, 0.529
11.963, 0.844, 0.182, 0.529
11.980, 0.844, 0.182, 0.528
11.996, 0.844, 0.182, 0.527
12.013, 0.844, 0.183, 0.526
12.030, 0.843, 0.183, 0.526
12.046, 0.843, 0.183, 0.525
12.063, 0.843, 0.183, 0.524
12.080, 0.843, 0.183, 0.524
12.096, 0.843, 0.183, 0.523
12.113, 0.842, 0.183, 0.522
12.130, 0.842, 0.183, 0.522
12.146, 0.842, 0.182, 0.521
12.163, 0.842, 0.182, 0.520
12.180, 0.842, 0.182, 0.520
12.196, 0.841, 0.182, 0.519
12.213, 0.841, 0.182, 0.518
12.230, 0.841, 0.182, 0.518
12.246, 0.841, 0.182, 0.517
12.263, 0.840, 0.182, 0.517
12.280, 0.840, 0.182, 0.517
12.297, 0.840, 0.181, 0.516
12.313, 0.840, 0.181, 0.515
12.330, 0.839, 0.181, 0.515
12.346, 0.839, 0.181, 0.514
12.363, 0.839, 0.181, 0.514
12.380, 0.839, 0.181, 0.514
12.397, 0.839, 0.180, 0.513
12.413, 0.839, 0.180, 0.512
12.429, 0.838, 0.180, 0.512
12.446, 0.838, 0.180, 0.511
12.463, 0.838, 0.180, 0.511
12.480, 0.838, 0.180, 0.510
12.497, 0.838, 0.180, 0.509
12.513, 0.837, 0.180, 0.509
12.530, 0.837, 0.180, 0.508
12.546, 0.837, 0.180, 0.507
12.563, 0.837, 0.180, 0.507
12.580, 0.837, 0.180, 0.506
12.597, 0.837, 0.180, 0.505
12.613, 0.837, 0.180, 0.504
12.629, 0.837, 0.180, 0.504
12.646, 0.837, 0.180, 0.503
12.663, 0.837, 0.180, 0.502
12.679, 0.837, 0.180, 0.501
12.697, 0.836, 0.181, 0.500
12.713, 0.836, 0.181, 0.499
12.730, 0.836, 0.181, 0.499
12.747, 0.836, 0.181, 0.497
12.763, 0.836, 0.182, 0.496
12.780, 0.836, 0.182, 0.496
12.797, 0.836, 0.182, 0.494
12.813, 0.836, 0.183, 0.494
12.829, 0.836, 0.183, 0.493
12.847, 0.836, 0.184, 0.492
12.863, 0.836, 0.184, 0.491
12.880, 0.836, 0.184, 0.490
12.896, 0.836, 0.185, 0.489
12.913, 0.836, 0.185, 0.488
12.929, 0.836, 0.185, 0.488
12.946, 0.836, 0.186, 0.487
12.963, 0.836, 0.186, 0.486
12.980, 0.836, 0.187, 0.486
12.996, 0.836, 0.187, 0.485
13.013, 0.837, 0.187, 0.484
13.030, 0.837, 0.187, 0.484
13.047, 0.837, 0.188, 0.483
13.063, 0.837, 0.188, 0.483
13.080, 0.837, 0.188, 0.482
13.097, 0.837, 0.188, 0.482
13.113, 0.837, 0.189, 0.481
13.130, 0.837, 0.189, 0.481
13.146, 0.838, 0.189, 0.481
13.163, 0.838, 0.189, 0.481
13.180, 0.838, 0.189, 0.481
13.197, 0.838, 0.189, 0.480
13.212, 0.838, 0.189, 0.480
13.230, 0.839, 0.189, 0.480
13.247, 0.839, 0.189, 0.480
13.263, 0.839, 0.189, 0.479
13.279, 0.840, 0.189, 0.479
13.296, 0.840, 0.189, 0.479
13.316, 0.840, 0.188, 0.479
13.330, 0.841, 0.188, 0.479
13.346, 0.841, 0.188, 0.478
13.363, 0.841, 0.188, 0.478
13.379, 0.842, 0.188, 0.478
13.396, 0.842, 0.188, 0.477
13.413, 0.843, 0.187, 0.477
13.430, 0.843, 0.187, 0.476
13.446, 0.843, 0.187, 0.476
13.463, 0.844, 0.187, 0.475
13.479, 0.844, 0.187, 0.475
13.496, 0.844, 0.186, 0.474
13.513, 0.845, 0.186, 0.474
13.530, 0.845, 0.186, 0.473
13.546, 0.845, 0.185, 0.473
13.563, 0.846, 0.185, 0.472
13.579, 0.846, 0.185, 0.472
13.597, 0.846, 0.185, 0.470
13.613, 0.846, 0.184, 0.470
13.630, 0.846, 0.184, 0.469
13.646, 0.847, 0.184, 0.468
13.663, 0.847, 0.183, 0.467
13.680, 0.847, 0.183, 0.467
13.696, 0.847, 0.183, 0.465
13.713, 0.847, 0.183, 0.464
13.729, 0.847, 0.183, 0.464
13.746, 0.847, 0.182, 0.462
13.763, 0.847, 0.182, 0.461
13.779, 0.847, 0.182, 0.461
13.796, 0.847, 0.182, 0.460
13.813, 0.847, 0.182, 0.459
13.829, 0.848, 0.182, 0.458
13.846, 0.847, 0.182, 0.457
13.863, 0.847, 0.182, 0.456
13.880, 0.847, 0.182, 0.455
13.897, 0.847, 0.181, 0.454
13.913, 0.847, 0.182, 0.453
13.929, 0.847, 0.182, 0.453
13.946, 0.847, 0.182, 0.452
13.963, 0.847, 0.182, 0.451
13.980, 0.847, 0.182, 0.451
13.997, 0.847, 0.183, 0.450
14.013, 0.847, 0.183, 0.449
14.030, 0.847, 0.183, 0.448
14.046, 0.847, 0.183, 0.448
14.063, 0.847, 0.184, 0.447
14.080, 0.847, 0.184, 0.447
14.097, 0.847, 0.185, 0.446
14.113, 0.847, 0.185, 0.445
14.130, 0.847, 0.185, 0.444
14.146, 0.847, 0.186, 0.443
14.163, 0.847, 0.186, 0.443
14.179, 0.847, 0.187, 0.442
14.196, 0.847, 0.187, 0.441
14.213, 0.847, 0.188, 0.441
14.229, 0.847, 0.188, 0.440
14.246, 0.847, 0.189, 0.439
14.263, 0.847, 0.190, 0.439
14.279, 0.847, 0.190, 0.438
14.296, 0.847, 0.190, 0.437
14.313, 0.847, 0.191, 0.437
14.329, 0.847, 0.191, 0.437
14.346, 0.847, 0.192, 0.436
14.363, 0.848, 0.193, 0.436
14.379, 0.848, 0.193, 0.436
14.396, 0.848, 0.194, 0.435
14.413, 0.848, 0.194, 0.435
14.429, 0.848, 0.195, 0.435
14.446, 0.848, 0.195, 0.434
14.463, 0.848, 0.196, 0.434
14.480, 0.848, 0.196, 0.434
14.497, 0.848, 0.197, 0.434
14.513, 0.848, 0.198, 0.434
14.530, 0.848, 0.198, 0.433
14.547, 0.849, 0.199, 0.433
14.563, 0.849, 0.200, 0.433
14.580, 0.849, 0.200, 0.433
14.597, 0.849, 0.201, 0.433
14.613, 0.849, 0.201, 0.433
14.630, 0.849, 0.202, 0.433
14.647, 0.849, 0.203, 0.433
14.663, 0.849, 0.203, 0.433
14.680, 0.849, 0.203, 0.432
14.697, 0.849, 0.204, 0.433
14.713, 0.849, 0.204, 0.432
14.730, 0.849, 0.205, 0.432
14.747, 0.850, 0.205, 0.432
14.763, 0.850, 0.206, 0.432
14.780, 0.850, 0.206, 0.432
14.796, 0.850, 0.206, 0.432
14.813, 0.850, 0.207, 0.433
14.829, 0.850, 0.207, 0.433
14.847, 0.850, 0.207, 0.433
14.863, 0.850, 0.207, 0.433
14.879, 0.850, 0.207, 0.433
14.896, 0.850, 0.208, 0.432
14.913, 0.850, 0.208, 0.432
14.930, 0.850, 0.208, 0.432
14.946, 0.850, 0.208, 0.432
14.963, 0.850, 0.208, 0.432
14.979, 0.850, 0.208, 0.432
14.997, 0.851, 0.208, 0.432
15.012, 0.851, 0.208, 0.432
15.030, 0.851, 0.208, 0.432
15.047, 0.851, 0.208, 0.431
15.063, 0.851, 0.208, 0.431
15.080, 0.851, 0.208, 0.431
15.097, 0.851, 0.208, 0.431
15.113, 0.851, 0.208, 0.431
15.130, 0.851, 0.207, 0.431
15.146, 0.851, 0.207, 0.431
15.163, 0.851, 0.207, 0.431
15.180, 0.851, 0.207, 0.431
15.197, 0.852, 0.207, 0.431
15.213, 0.852, 0.206, 0.431
15.230, 0.852, 0.206, 0.431
15.246, 0.852, 0.206, 0.431
15.263, 0.852, 0.206, 0.432
15.279, 0.852, 0.205, 0.432
15.297, 0.852, 0.205, 0.432
15.313, 0.853, 0.205, 0.432
15.329, 0.853, 0.205, 0.433
15.346, 0.853, 0.204, 0.433
15.363, 0.853, 0.204, 0.434
15.380, 0.853, 0.204, 0.434
15.397, 0.854, 0.204, 0.434
15.413, 0.854, 0.204, 0.435
15.430, 0.854, 0.203, 0.435
15.446, 0.854, 0.203, 0.435
15.463, 0.855, 0.203, 0.436
15.480, 0.855, 0.203, 0.436
15.497, 0.855, 0.203, 0.437
15.513, 0.855, 0.203, 0.437
15.530, 0.855, 0.203, 0.437
15.546, 0.856, 0.203, 0.438
15.563, 0.856, 0.203, 0.438
15.580, 0.856, 0.203, 0.438
15.597, 0.856, 0.203, 0.438
15.613, 0.856, 0.203, 0.438
15.630, 0.856, 0.203, 0.438
15.646, 0.856, 0.203, 0.438
15.663, 0.856, 0.203, 0.438
15.680, 0.856, 0.203, 0.438
15.697, 0.856, 0.204, 0.438
15.713, 0.856, 0.204, 0.438
15.730, 0.856, 0.204, 0.438
15.746, 0.856, 0.204, 0.438
15.763, 0.856, 0.204, 0.438
15.779, 0.856, 0.204, 0.438
15.796, 0.856, 0.204, 0.437
15.813, 0.855, 0.204, 0.437
15.830, 0.855, 0.204, 0.437
15.846, 0.855, 0.204, 0.437
15.863, 0.855, 0.205, 0.437
15.879, 0.854, 0.205, 0.436
15.896, 0.854, 0.205, 0.436
15.913, 0.854, 0.205, 0.436
15.930, 0.853, 0.205, 0.436
15.946, 0.853, 0.205, 0.436
15.963, 0.853, 0.205, 0.436
15.979, 0.852, 0.205, 0.436
15.997, 0.852, 0.205, 0.435
16.013, 0.852, 0.205, 0.435
16.030, 0.851, 0.205, 0.435
16.046, 0.851, 0.205, 0.435
16.063, 0.850, 0.205, 0.435
16.080, 0.850, 0.205, 0.435
16.096, 0.849, 0.205, 0.435
16.113, 0.849, 0.205, 0.435
16.130, 0.849, 0.205, 0.435
16.147, 0.848, 0.205, 0.435
16.163, 0.848, 0.205, 0.435
16.179, 0.848, 0.205, 0.435
16.197, 0.847, 0.205, 0.435
16.213, 0.846, 0.205, 0.435
16.230, 0.846, 0.205, 0.435
16.246, 0.846, 0.205, 0.435
16.263, 0.845, 0.204, 0.435
16.280, 0.845, 0.204, 0.435
16.297, 0.844, 0.204, 0.435
16.313, 0.844, 0.204, 0.435
16.330, 0.844, 0.204, 0.436
16.346, 0.843, 0.204, 0.436
16.363, 0.843, 0.203, 0.436
16.379, 0.843, 0.203, 0.436
16.397, 0.842, 0.203, 0.436
16.412, 0.842, 0.203, 0.436
16.429, 0.842, 0.203, 0.436
16.446, 0.841, 0.202, 0.437
16.462, 0.841, 0.202, 0.437
16.479, 0.841, 0.202, 0.436
16.496, 0.840, 0.201, 0.436
16.512, 0.840, 0.201, 0.436
16.529, 0.840, 0.201, 0.436
16.546, 0.840, 0.201, 0.436
16.562, 0.840, 0.200, 0.436
16.579, 0.840, 0.200, 0.436
16.596, 0.839, 0.200, 0.436
16.612, 0.839, 0.199, 0.435
16.629, 0.839, 0.199, 0.435
16.646, 0.839, 0.199, 0.435
16.662, 0.839, 0.199, 0.436
16.679, 0.839, 0.198, 0.436
16.696, 0.839, 0.198, 0.436
16.712, 0.839, 0.198, 0.436
16.729, 0.839, 0.197, 0.436
16.746, 0.839, 0.197, 0.436
16.762, 0.839, 0.197, 0.436
16.779, 0.839, 0.197, 0.436
16.796, 0.839, 0.196, 0.436
16.813, 0.839, 0.196, 0.436
16.829, 0.839, 0.196, 0.436
16.846, 0.840, 0.196, 0.436
16.863, 0.840, 0.196, 0.436
16.879, 0.840, 0.196, 0.436
16.896, 0.840, 0.195, 0.436
16.913, 0.840, 0.195, 0.436
16.929, 0.840, 0.195, 0.436
16.946, 0.840, 0.195, 0.435
16.963, 0.840, 0.195, 0.435
16.979, 0.840, 0.195, 0.435
16.996, 0.840, 0.195, 0.435
17.013, 0.840, 0.195, 0.434
17.029, 0.840, 0.195, 0.434
17.046, 0.840, 0.195, 0.434
17.063, 0.841, 0.195, 0.434
17.079, 0.841, 0.195, 0.434
17.096, 0.841, 0.195, 0.433
17.113, 0.841, 0.195, 0.433
17.129, 0.841, 0.195, 0.433
17.146, 0.841, 0.194, 0.433
17.163, 0.841, 0.194, 0.432
17.179, 0.841, 0.194, 0.432
17.196, 0.841, 0.194, 0.432
17.213, 0.841, 0.194, 0.432
17.229, 0.841, 0.194, 0.432
17.246, 0.841, 0.194, 0.431
17.263, 0.841, 0.194, 0.431
17.279, 0.841, 0.194, 0.431
17.296, 0.841, 0.194, 0.431
17.313, 0.841, 0.194, 0.431
17.329, 0.841, 0.194, 0.430
17.346, 0.841, 0.194, 0.430
17.363, 0.841, 0.194, 0.430
17.379, 0.841, 0.194, 0.430
17.396, 0.841, 0.194, 0.430
17.413, 0.841, 0.194, 0.430
17.429, 0.841, 0.194, 0.430
17.446, 0.841, 0.194, 0.430
17.463, 0.841, 0.194, 0.430
17.479, 0.840, 0.194, 0.430
17.496, 0.841, 0.194, 0.430
17.513, 0.841, 0.194, 0.430
17.529, 0.841, 0.194, 0.430
17.546, 0.841, 0.195, 0.429
17.563, 0.841, 0.195, 0.429
17.579, 0.841, 0.195, 0.429
17.596, 0.841, 0.195, 0.428
17.613, 0.841, 0.195, 0.428
17.629, 0.841, 0.195, 0.427
17.646, 0.841, 0.195, 0.427
17.663, 0.841, 0.195, 0.426
17.679, 0.841, 0.195, 0.426
17.696, 0.841, 0.195, 0.425
17.713, 0.841, 0.195, 0.424
17.729, 0.841, 0.195, 0.424
17.746, 0.841, 0.196, 0.423
17.763, 0.841, 0.196, 0.422
17.779, 0.841, 0.196, 0.422
17.796, 0.841, 0.196, 0.421
17.813, 0.842, 0.196, 0.420
17.829, 0.842, 0.196, 0.420
17.846, 0.842, 0.196, 0.419
17.863, 0.842, 0.196, 0.418
17.879, 0.842, 0.196, 0.418
17.896, 0.842, 0.196, 0.417
17.913, 0.842, 0.196, 0.417
17.929, 0.842, 0.197, 0.417
17.946, 0.843, 0.197, 0.416
17.963, 0.843, 0.197, 0.415
17.979, 0.843, 0.197, 0.415
17.996, 0.843, 0.197, 0.415
18.013, 0.843, 0.197, 0.414
18.029, 0.843, 0.197, 0.414
18.046, 0.844, 0.197, 0.414
18.062, 0.844, 0.197, 0.414
18.079, 0.844, 0.197, 0.414
18.096, 0.844, 0.197, 0.413
18.112, 0.844, 0.198, 0.413
18.129, 0.844, 0.198, 0.413
18.146, 0.845, 0.198, 0.413
18.162, 0.845, 0.198, 0.413
18.179, 0.845, 0.198, 0.413
18.196, 0.845, 0.198, 0.413
18.212, 0.845, 0.198, 0.414
18.229, 0.845, 0.198, 0.414
18.246, 0.846, 0.198, 0.414
18.262, 0.846, 0.198, 0.414
18.279, 0.846, 0.198, 0.414
18.296, 0.846, 0.199, 0.414
18.312, 0.846, 0.199, 0.415
18.329, 0.846, 0.199, 0.415
18.346, 0.846, 0.199, 0.415
18.362, 0.847, 0.199, 0.415
18.379, 0.847, 0.199, 0.415
18.396, 0.847, 0.200, 0.415
18.412, 0.847, 0.200, 0.416
18.429, 0.847, 0.200, 0.416
18.446, 0.847, 0.200, 0.416
18.462, 0.847, 0.200, 0.416
18.479, 0.847, 0.200, 0.416
18.496, 0.847, 0.201, 0.417
18.512, 0.847, 0.201, 0.417
18.529, 0.848, 0.201, 0.417
18.546, 0.848, 0.202, 0.417
18.562, 0.848, 0.202, 0.417
18.579, 0.848, 0.202, 0.417
18.596, 0.848, 0.202, 0.417
18.612, 0.848, 0.202, 0.417
18.629, 0.848, 0.203, 0.417
18.646, 0.848, 0.203, 0.418
18.662, 0.848, 0.203, 0.418
18.679, 0.848, 0.203, 0.418
18.696, 0.848, 0.204, 0.419
18.712, 0.848, 0.204, 0.419
18.729, 0.848, 0.204, 0.419
18.746, 0.848, 0.204, 0.420
18.762, 0.848, 0.204, 0.420
18.779, 0.848, 0.204, 0.420
18.796, 0.848, 0.205, 0.420
18.812, 0.848, 0.205, 0.420
18.829, 0.848, 0.205, 0.420
18.846, 0.848, 0.205, 0.420
18.862, 0.848, 0.205, 0.420
18.879, 0.848, 0.205, 0.420
18.896, 0.847, 0.206, 0.420
18.913, 0.847, 0.206, 0.419
18.929, 0.847, 0.206, 0.419
18.946, 0.847, 0.206, 0.419
18.962, 0.847, 0.206, 0.418
18.979, 0.847, 0.206, 0.418
18.996, 0.847, 0.206, 0.417
19.013, 0.847, 0.206, 0.416
19.029, 0.847, 0.206, 0.416
19.046, 0.846, 0.206, 0.415
19.062, 0.846, 0.206, 0.415
19.081, 0.846, 0.206, 0.414
19.096, 0.846, 0.206, 0.414
19.112, 0.845, 0.206, 0.413
19.129, 0.845, 0.206, 0.413
19.146, 0.844, 0.205, 0.413
19.162, 0.843, 0.205, 0.413
19.179, 0.843, 0.205, 0.413
19.196, 0.841, 0.204, 0.413
19.213, 0.840, 0.204, 0.413
19.229, 0.839, 0.204, 0.413
19.246, 0.837, 0.203, 0.413
19.263, 0.835, 0.202, 0.413
19.279, 0.834, 0.202, 0.413
19.296, 0.831, 0.201, 0.413
19.313, 0.829, 0.200, 0.413
19.329, 0.828, 0.199, 0.413
19.346, 0.824, 0.198, 0.413
19.363, 0.821, 0.197, 0.413
19.379, 0.820, 0.196, 0.413
19.396, 0.815, 0.195, 0.412
19.413, 0.812, 0.193, 0.412
19.429, 0.810, 0.193, 0.412
19.446, 0.805, 0.191, 0.412
19.463, 0.802, 0.189, 0.411
19.479, 0.800, 0.189, 0.411
19.496, 0.794, 0.186, 0.411
19.513, 0.790, 0.185, 0.410
19.529, 0.788, 0.184, 0.410
19.546, 0.782, 0.181, 0.409
19.563, 0.778, 0.180, 0.409
19.579, 0.776, 0.179, 0.409
19.596, 0.769, 0.176, 0.408
19.613, 0.765, 0.174, 0.407
19.629, 0.763, 0.173, 0.407
19.646, 0.756, 0.170, 0.406
19.663, 0.751, 0.169, 0.406
19.679, 0.749, 0.167, 0.405
19.696, 0.742, 0.165, 0.405
19.713, 0.737, 0.162, 0.404
19.729, 0.735, 0.161, 0.404
19.746, 0.728, 0.158, 0.403
19.763, 0.723, 0.156, 0.403
19.779, 0.720, 0.155, 0.402
19.796, 0.713, 0.151, 0.402
19.813, 0.709, 0.149, 0.401
19.830, 0.706, 0.148, 0.401
19.846, 0.699, 0.144, 0.401
19.863, 0.695, 0.142, 0.400
19.879, 0.692, 0.141, 0.400
19.896, 0.686, 0.137, 0.400
19.912, 0.681, 0.135, 0.400
19.929, 0.679, 0.133, 0.400
19.946, 0.672, 0.130, 0.399
19.962, 0.668, 0.127, 0.399
19.979, 0.665, 0.126, 0.399
19.996, 0.659, 0.122, 0.399
20.012, 0.655, 0.119, 0.399
20.029, 0.652, 0.118, 0.399
20.046, 0.646, 0.114, 0.399
20.063, 0.642, 0.111, 0.399
20.079, 0.640, 0.110, 0.399
20.096, 0.634, 0.106, 0.399
20.112, 0.630, 0.103, 0.399
20.129, 0.628, 0.102, 0.399
20.146, 0.622, 0.098, 0.399
20.162, 0.618, 0.095, 0.399
20.179, 0.616, 0.094, 0.399
20.196, 0.610, 0.090, 0.399
20.212, 0.608, 0.088, 0.398
20.229, 0.605, 0.086, 0.398
20.246, 0.599, 0.082, 0.398
20.262, 0.595, 0.079, 0.398
20.279, 0.593, 0.078, 0.398
20.296, 0.588, 0.073, 0.398
20.312, 0.584, 0.071, 0.398
20.329, 0.582, 0.069, 0.398
20.346, 0.577, 0.066, 0.398
20.362, 0.573, 0.063, 0.398
20.379, 0.572, 0.062, 0.398
20.396, 0.566, 0.058, 0.398
20.412, 0.563, 0.055, 0.398
20.429, 0.561, 0.054, 0.398
20.446, 0.556, 0.050, 0.397
20.462, 0.552, 0.048, 0.397
20.479, 0.550, 0.046, 0.397
20.496, 0.545, 0.043, 0.397
20.513, 0.542, 0.040, 0.397
20.530, 0.540, 0.039, 0.397
20.546, 0.534, 0.035, 0.397
20.563, 0.531, 0.033, 0.397
20.579, 0.529, 0.032, 0.397
20.596, 0.524, 0.029, 0.397
20.612, 0.520, 0.026, 0.397
20.629, 0.519, 0.025, 0.397
20.646, 0.513, 0.022, 0.396
20.662, 0.510, 0.020, 0.396
20.679, 0.508, 0.019, 0.396
20.696, 0.502, 0.015, 0.396
20.713, 0.499, 0.013, 0.396
20.729, 0.497, 0.012, 0.396
20.746, 0.492, 0.009, 0.396
20.762, 0.488, 0.007, 0.395
20.779, 0.486, 0.006, 0.395
20.796, 0.481, 0.002, 0.395
20.812, 0.477, 0.000, 0.395
20.832, 0.473, -0.002, 0.395
20.846, 0.470, -0.004, 0.395
20.862, 0.466, -0.006, 0.395
20.879, 0.464, -0.007, 0.396
20.896, 0.459, -0.010, 0.396
20.912, 0.455, -0.013, 0.396
20.929, 0.453, -0.014, 0.396
20.946, 0.448, -0.017, 0.397
20.962, 0.444, -0.019, 0.397
20.979, 0.442, -0.021, 0.397
20.996, 0.437, -0.024, 0.398
21.013, 0.434, -0.026, 0.398
21.029, 0.432, -0.027, 0.399
21.046, 0.427, -0.031, 0.400
21.062, 0.423, -0.033, 0.401
21.079, 0.422, -0.035, 0.401
21.096, 0.417, -0.038, 0.402
21.113, 0.414, -0.041, 0.403
21.129, 0.412, -0.042, 0.404
21.146, 0.408, -0.046, 0.406
21.162, 0.405, -0.048, 0.407
21.179, 0.403, -0.050, 0.407
21.196, 0.399, -0.054, 0.409
21.213, 0.396, -0.056, 0.410
21.229, 0.395, -0.058, 0.411
21.246, 0.391, -0.062, 0.412
21.263, 0.388, -0.065, 0.414
21.280, 0.387, -0.066, 0.414
21.296, 0.383, -0.070, 0.416
21.314, 0.380, -0.073, 0.417
21.329, 0.379, -0.074, 0.417
21.346, 0.375, -0.078, 0.419
21.362, 0.373, -0.081, 0.420
21.379, 0.371, -0.083, 0.420
21.396, 0.367, -0.087, 0.421
21.412, 0.365, -0.090, 0.422
21.429, 0.363, -0.091, 0.422
21.446, 0.359, -0.095, 0.423
21.462, 0.356, -0.098, 0.424
21.479, 0.355, -0.100, 0.424
21.496, 0.351, -0.104, 0.424
21.513, 0.348, -0.107, 0.425
21.530, 0.346, -0.109, 0.425
21.546, 0.342, -0.113, 0.426
21.563, 0.338, -0.116, 0.426
21.579, 0.337, -0.117, 0.426
21.596, 0.332, -0.122, 0.427
21.613, 0.329, -0.125, 0.427
21.629, 0.327, -0.127, 0.428
21.646, 0.322, -0.131, 0.428
21.663, 0.319, -0.134, 0.429
21.679, 0.317, -0.136, 0.429
21.696, 0.311, -0.141, 0.429
21.713, 0.308, -0.144, 0.430
21.729, 0.306, -0.146, 0.430
21.748, 0.300, -0.151, 0.431
21.763, 0.297, -0.154, 0.431
21.779, 0.295, -0.156, 0.431
21.796, 0.289, -0.161, 0.432
21.813, 0.285, -0.165, 0.432
21.829, 0.283, -0.167, 0.433
21.846, 0.277, -0.172, 0.433
21.863, 0.273, -0.176, 0.433
21.879, 0.271, -0.178, 0.433
21.896, 0.265, -0.184, 0.434
21.912, 0.262, -0.187, 0.434
21.929, 0.260, -0.189, 0.434
21.946, 0.254, -0.194, 0.434
21.962, 0.250, -0.198, 0.433
21.979, 0.248, -0.200, 0.433
21.996, 0.242, -0.205, 0.433
22.012, 0.238, -0.208, 0.432
22.029, 0.236, -0.210, 0.432
22.046, 0.230, -0.215, 0.431
22.062, 0.226, -0.218, 0.430
22.079, 0.225, -0.220, 0.430
22.096, 0.219, -0.225, 0.429
22.112, 0.215, -0.228, 0.428
22.129, 0.213, -0.229, 0.428
22.146, 0.208, -0.234, 0.426
22.162, 0.204, -0.237, 0.426
22.179, 0.200, -0.240, 0.425
22.196, 0.197, -0.242, 0.424
22.212, 0.193, -0.245, 0.423
22.229, 0.191, -0.247, 0.423
22.246, 0.186, -0.251, 0.421
22.262, 0.182, -0.253, 0.421
22.279, 0.180, -0.254, 0.420
22.296, 0.175, -0.258, 0.419
22.312, 0.171, -0.260, 0.419
22.329, 0.170, -0.262, 0.418
22.346, 0.165, -0.265, 0.417
22.362, 0.161, -0.268, 0.417
22.379, 0.158, -0.270, 0.416
22.396, 0.154, -0.273, 0.415
22.412, 0.151, -0.275, 0.414
22.429, 0.149, -0.276, 0.414
22.446, 0.145, -0.280, 0.413
22.462, 0.141, -0.282, 0.413
22.479, 0.138, -0.285, 0.412
22.496, 0.135, -0.287, 0.411
22.512, 0.132, -0.290, 0.411
22.529, 0.130, -0.291, 0.410
22.546, 0.126, -0.295, 0.410
22.562, 0.123, -0.298, 0.409
22.579, 0.122, -0.299, 0.409
22.596, 0.118, -0.304, 0.408
22.612, 0.115, -0.307, 0.408
22.629, 0.114, -0.308, 0.408
22.646, 0.110, -0.313, 0.408
22.662, 0.107, -0.316, 0.407
22.679, 0.106, -0.317, 0.407
22.696, 0.103, -0.322, 0.406
22.712, 0.100, -0.326, 0.406
22.729, 0.099, -0.327, 0.406
22.746, 0.096, -0.333, 0.406
22.763, 0.094, -0.336, 0.406
22.779, 0.093, -0.338, 0.405
22.796, 0.089, -0.343, 0.405
22.813, 0.087, -0.347, 0.405
22.829, 0.086, -0.349, 0.405
22.846, 0.083, -0.354, 0.404
22.863, 0.082, -0.357, 0.404
22.879, 0.081, -0.359, 0.403
22.896, 0.078, -0.365, 0.403
22.913, 0.077, -0.368, 0.403
22.929, 0.076, -0.369, 0.402
22.946, 0.074, -0.374, 0.401
22.962, 0.073, -0.377, 0.400
22.979, 0.072, -0.378, 0.400
22.996, 0.070, -0.382, 0.399
23.013, 0.069, -0.385, 0.398
23.029, 0.069, -0.386, 0.398
23.046, 0.067, -0.389, 0.396
23.063, 0.066, -0.391, 0.395
23.079, 0.066, -0.391, 0.395
23.096, 0.065, -0.393, 0.393
23.113, 0.065, -0.395, 0.392
23.129, 0.065, -0.395, 0.392
23.146, 0.064, -0.397, 0.391
23.163, 0.064, -0.397, 0.390
23.179, 0.064, -0.397, 0.390
23.196, 0.064, -0.398, 0.390
23.212, 0.064, -0.398, 0.389
23.229, 0.064, -0.398, 0.389
23.246, 0.065, -0.398, 0.389
23.262, 0.065, -0.397, 0.389
23.279, 0.066, -0.397, 0.389
23.296, 0.067, -0.396, 0.389
23.312, 0.067, -0.396, 0.389
23.329, 0.068, -0.395, 0.389
23.346, 0.069, -0.394, 0.390
23.362, 0.069, -0.393, 0.390
23.379, 0.070, -0.393, 0.390
23.396, 0.071, -0.391, 0.390
23.412, 0.072, -0.391, 0.391
23.429, 0.073, -0.390, 0.391
23.446, 0.074, -0.388, 0.391
23.462, 0.076, -0.387, 0.391
23.479, 0.076, -0.386, 0.392
23.496, 0.078, -0.384, 0.392
23.513, 0.078, -0.383, 0.392
23.529, 0.079, -0.382, 0.392
23.546, 0.081, -0.380, 0.393
23.562, 0.082, -0.378, 0.393
23.579, 0.083, -0.378, 0.393
23.596, 0.084, -0.376, 0.393
23.614, 0.085, -0.375, 0.393
23.629, 0.086, -0.373, 0.393
23.646, 0.087, -0.371, 0.392
23.663, 0.088, -0.370, 0.392
23.679, 0.089, -0.369, 0.392
23.696, 0.090, -0.367, 0.391
23.716, 0.091, -0.366, 0.391
23.729, 0.091, -0.365, 0.391
23.746, 0.093, -0.363, 0.390
23.763, 0.094, -0.362, 0.390
23.779, 0.094, -0.361, 0.390
23.796, 0.095, -0.359, 0.389
23.813, 0.096, -0.358, 0.389
23.829, 0.096, -0.358, 0.388
23.846, 0.097, -0.357, 0.388
23.863, 0.098, -0.356, 0.387
23.879, 0.098, -0.355, 0.387
23.896, 0.099, -0.354, 0.387
23.912, 0.100, -0.353, 0.386
23.929, 0.100, -0.353, 0.386
23.946, 0.101, -0.352, 0.386
23.963, 0.101, -0.351, 0.385
23.980, 0.101, -0.351, 0.385
23.996, 0.102, -0.350, 0.385
24.013, 0.102, -0.349, 0.385
24.032, 0.102, -0.349, 0.385
24.046, 0.102, -0.349, 0.385
24.063, 0.103, -0.348, 0.385
24.079, 0.103, -0.348, 0.385
24.096, 0.103, -0.348, 0.385
24.112, 0.103, -0.348, 0.385
24.131, 0.103, -0.347, 0.385
24.146, 0.103, -0.347, 0.385
24.162, 0.103, -0.347, 0.385
24.179, 0.103, -0.347, 0.386
24.196, 0.103, -0.347, 0.386
24.212, 0.103, -0.347, 0.386
24.230, 0.103, -0.347, 0.387
24.246, 0.103, -0.348, 0.387
24.262, 0.103, -0.348, 0.388
24.279, 0.103, -0.348, 0.388
24.296, 0.103, -0.348, 0.389
24.312, 0.102, -0.348, 0.389
24.329, 0.102, -0.349, 0.389
24.346, 0.102, -0.349, 0.390
24.362, 0.102, -0.349, 0.391
24.379, 0.102, -0.350, 0.391
24.396, 0.101, -0.350, 0.392
24.412, 0.101, -0.350, 0.392
24.429, 0.101, -0.351, 0.392
24.446, 0.101, -0.351, 0.392
24.462, 0.100, -0.352, 0.393
24.479, 0.100, -0.352, 0.393
24.496, 0.100, -0.352, 0.393
24.512, 0.100, -0.353, 0.394
24.529, 0.099, -0.353, 0.394
24.546, 0.099, -0.354, 0.394
24.562, 0.099, -0.354, 0.394
24.579, 0.098, -0.354, 0.394
24.596, 0.098, -0.355, 0.394
24.612, 0.098, -0.355, 0.394
24.629, 0.098, -0.356, 0.394
24.646, 0.097, -0.356, 0.395
24.662, 0.097, -0.357, 0.395
24.679, 0.097, -0.357, 0.395
24.696, 0.097, -0.357, 0.395
24.712, 0.096, -0.358, 0.395
24.729, 0.096, -0.358, 0.395
24.746, 0.096, -0.359, 0.395
24.762, 0.096, -0.359, 0.395
24.779, 0.096, -0.359, 0.396
24.796, 0.096, -0.359, 0.396
24.812, 0.095, -0.360, 0.396
24.829, 0.095, -0.360, 0.396
24.846, 0.095, -0.360, 0.396
24.862, 0.095, -0.360, 0.396
24.879, 0.095, -0.360, 0.396
24.896, 0.095, -0.361, 0.397
24.912, 0.094, -0.361, 0.397
24.929, 0.094, -0.361, 0.397
24.946, 0.094, -0.361, 0.397
24.962, 0.094, -0.361, 0.397
24.979, 0.094, -0.361, 0.397
24.996, 0.094, -0.361, 0.398
25.012, 0.094, -0.361, 0.398
25.029, 0.093, -0.361, 0.398
25.046, 0.093, -0.361, 0.398
25.062, 0.093, -0.361, 0.398
25.079, 0.093, -0.361, 0.398
25.096, 0.093, -0.361, 0.398
25.112, 0.093, -0.361, 0.399
25.129, 0.093, -0.361, 0.399
25.146, 0.092, -0.360, 0.399
25.162, 0.092, -0.360, 0.400
25.179, 0.092, -0.360, 0.400
25.196, 0.092, -0.360, 0.400
25.212, 0.092, -0.360, 0.401
25.229, 0.092, -0.360, 0.401
25.246, 0.092, -0.360, 0.401
25.262, 0.092, -0.359, 0.402
25.279, 0.092, -0.359, 0.402
25.296, 0.092, -0.359, 0.403
25.312, 0.092, -0.358, 0.403
25.329, 0.091, -0.358, 0.403
25.346, 0.092, -0.358, 0.404
25.362, 0.092, -0.358, 0.404
25.379, 0.092, -0.358, 0.404
25.396, 0.092, -0.357, 0.405
25.412, 0.092, -0.357, 0.405
25.429, 0.092, -0.357, 0.405
25.446, 0.092, -0.357, 0.406
25.462, 0.092, -0.357, 0.406
25.479, 0.092, -0.357, 0.406
25.496, 0.093, -0.356, 0.406
25.512, 0.093, -0.356, 0.407
25.529, 0.093, -0.356, 0.407
25.546, 0.094, -0.356, 0.407
25.562, 0.094, -0.355, 0.408
25.579, 0.094, -0.355, 0.408
25.596, 0.095, -0.355, 0.408
25.612, 0.095, -0.355, 0.409
25.629, 0.095, -0.355, 0.409
25.646, 0.096, -0.355, 0.409
25.662, 0.096, -0.354, 0.409
25.679, 0.096, -0.354, 0.409
25.696, 0.097, -0.355, 0.409
25.712, 0.098, -0.354, 0.409
25.729, 0.098, -0.354, 0.410
25.746, 0.098, -0.354, 0.410
25.762, 0.099, -0.354, 0.410
25.779, 0.099, -0.354, 0.410
25.796, 0.100, -0.354, 0.410
25.812, 0.101, -0.354, 0.411
25.829, 0.101, -0.354, 0.411
25.846, 0.102, -0.354, 0.412
25.862, 0.102, -0.354, 0.412
25.879, 0.103, -0.354, 0.412
25.896, 0.103, -0.354, 0.413
25.912, 0.104, -0.354, 0.414
25.929, 0.104, -0.354, 0.414
25.946, 0.105, -0.354, 0.415
25.962, 0.105, -0.354, 0.415
25.979, 0.106, -0.354, 0.415
25.996, 0.106, -0.354, 0.416
26.012, 0.106, -0.354, 0.416
26.029, 0.107, -0.354, 0.416
26.046, 0.107, -0.354, 0.416
26.062, 0.107, -0.354, 0.417
26.079, 0.108, -0.354, 0.417
26.096, 0.108, -0.354, 0.416
26.112, 0.108, -0.354, 0.417
26.129, 0.108, -0.354, 0.416
26.146, 0.108, -0.354, 0.416
26.162, 0.108, -0.354, 0.416
26.179, 0.108, -0.354, 0.416
26.196, 0.108, -0.354, 0.415
26.212, 0.108, -0.353, 0.415
26.229, 0.108, -0.353, 0.415
26.246, 0.108, -0.353, 0.414
26.262, 0.108, -0.353, 0.414
26.279, 0.108, -0.353, 0.414
26.296, 0.108, -0.352, 0.413
26.312, 0.107, -0.352, 0.413
26.329, 0.107, -0.352, 0.413
26.346, 0.107, -0.351, 0.413
26.362, 0.107, -0.351, 0.413
26.379, 0.107, -0.351, 0.413
26.396, 0.106, -0.350, 0.413
26.412, 0.106, -0.350, 0.413
26.429, 0.106, -0.350, 0.413
26.446, 0.105, -0.349, 0.413
26.462, 0.105, -0.349, 0.413
26.479, 0.104, -0.349, 0.413
26.496, 0.104, -0.348, 0.414
26.512, 0.104, -0.348, 0.414
26.529, 0.103, -0.348, 0.414
26.546, 0.103, -0.347, 0.415
26.562, 0.102, -0.347, 0.415
26.579, 0.102, -0.347, 0.415
26.596, 0.102, -0.346, 0.416
26.612, 0.101, -0.346, 0.416
26.629, 0.101, -0.346, 0.416
26.646, 0.100, -0.346, 0.416
26.662, 0.100, -0.345, 0.416
26.679, 0.100, -0.345, 0.416
26.696, 0.099, -0.345, 0.416
26.712, 0.098, -0.345, 0.416
26.729, 0.098, -0.344, 0.416
26.746, 0.097, -0.344, 0.416
26.762, 0.097, -0.344, 0.416
26.779, 0.097, -0.344, 0.415
26.796, 0.096, -0.344, 0.415
26.812, 0.095, -0.343, 0.415
26.829, 0.095, -0.343, 0.415
26.846, 0.094, -0.343, 0.414
26.862, 0.094, -0.343, 0.414
26.879, 0.094, -0.343, 0.414
26.896, 0.093, -0.343, 0.413
26.912, 0.093, -0.343, 0.413
26.929, 0.092, -0.343, 0.413
26.946, 0.092, -0.343, 0.413
26.962, 0.091, -0.343, 0.412
26.979, 0.091, -0.343, 0.412
26.996, 0.090, -0.343, 0.412
27.012, 0.090, -0.343, 0.412
27.029, 0.089, -0.343, 0.412
27.046, 0.089, -0.343, 0.412
27.062, 0.088, -0.343, 0.411
27.079, 0.088, -0.343, 0.412
27.096, 0.087, -0.343, 0.412
27.112, 0.087, -0.343, 0.412
27.129, 0.087, -0.343, 0.412
27.146, 0.086, -0.343, 0.413
27.162, 0.086, -0.343, 0.413
27.179, 0.086, -0.343, 0.413
27.196, 0.085, -0.343, 0.414
27.212, 0.085, -0.343, 0.414
27.229, 0.085, -0.343, 0.414
27.246, 0.085, -0.343, 0.415
27.263, 0.085, -0.343, 0.415
27.280, 0.085, -0.343, 0.415
27.297, 0.085, -0.343, 0.416
27.313, 0.085, -0.343, 0.416
27.330, 0.085, -0.343, 0.416
27.347, 0.085, -0.343, 0.416
27.363, 0.085, -0.344, 0.416
27.380, 0.085, -0.344, 0.416
27.396, 0.085, -0.344, 0.415
27.413, 0.085, -0.344, 0.415
27.430, 0.085, -0.344, 0.415
27.446, 0.085, -0.344, 0.415
27.463, 0.086, -0.344, 0.414
27.480, 0.086, -0.345, 0.414
27.496, 0.086, -0.345, 0.414
27.512, 0.087, -0.345, 0.414
27.530, 0.087, -0.345, 0.414
27.546, 0.087, -0.345, 0.413
27.563, 0.088, -0.345, 0.413
27.580, 0.088, -0.345, 0.413
27.596, 0.088, -0.346, 0.413
27.613, 0.089, -0.346, 0.413
27.630, 0.089, -0.346, 0.413
27.646, 0.090, -0.346, 0.413
27.663, 0.090, -0.346, 0.413
27.680, 0.090, -0.346, 0.413
27.697, 0.091, -0.346, 0.413
27.713, 0.092, -0.346, 0.413
27.729, 0.092, -0.346, 0.413
27.746, 0.092, -0.347, 0.413
27.763, 0.093, -0.347, 0.414
27.780, 0.093, -0.347, 0.414
27.796, 0.094, -0.347, 0.414
27.813, 0.094, -0.347, 0.414
27.829, 0.094, -0.347, 0.415
27.846, 0.095, -0.347, 0.415
27.865, 0.095, -0.347, 0.415
27.880, 0.095, -0.347, 0.415
27.896, 0.096, -0.347, 0.416
27.913, 0.096, -0.348, 0.416
27.929, 0.096, -0.347, 0.417
27.946, 0.097, -0.348, 0.417
27.963, 0.097, -0.348, 0.417
27.979, 0.097, -0.348, 0.417
27.996, 0.098, -0.348, 0.417
28.013, 0.098, -0.348, 0.418
28.029, 0.098, -0.348, 0.418
28.046, 0.098, -0.348, 0.418
28.063, 0.098, -0.348, 0.418
28.080, 0.098, -0.348, 0.418
28.096, 0.098, -0.348, 0.418
28.113, 0.098, -0.348, 0.418
28.129, 0.098, -0.347, 0.417
28.146, 0.098, -0.347, 0.417
28.163, 0.098, -0.347, 0.417
28.179, 0.098, -0.347, 0.417
28.197, 0.098, -0.347, 0.416
28.213, 0.098, -0.347, 0.416
28.230, 0.098, -0.347, 0.416
28.246, 0.098, -0.346, 0.416
28.263, 0.098, -0.346, 0.415
28.280, 0.098, -0.346, 0.415
28.296, 0.098, -0.346, 0.414
28.313, 0.097, -0.346, 0.414
28.329, 0.097, -0.345, 0.414
28.346, 0.097, -0.345, 0.413
28.363, 0.097, -0.345, 0.412
28.379, 0.097, -0.345, 0.412
28.396, 0.097, -0.344, 0.411
28.413, 0.097, -0.344, 0.410
28.434, 0.097, -0.344, 0.409
28.446, 0.096, -0.344, 0.408
28.463, 0.096, -0.344, 0.406
28.480, 0.096, -0.344, 0.406
28.496, 0.096, -0.344, 0.404
28.513, 0.096, -0.343, 0.402
28.529, 0.096, -0.343, 0.401
28.546, 0.095, -0.343, 0.399
28.563, 0.095, -0.343, 0.397
28.579, 0.095, -0.343, 0.396
28.596, 0.095, -0.343, 0.393
28.613, 0.094, -0.343, 0.391
28.629, 0.094, -0.343, 0.390
28.646, 0.094, -0.343, 0.386
28.663, 0.094, -0.343, 0.384
28.679, 0.094, -0.343, 0.383
28.696, 0.093, -0.343, 0.379
28.712, 0.093, -0.343, 0.376
28.729, 0.093, -0.343, 0.375
28.746, 0.092, -0.343, 0.371
28.762, 0.092, -0.343, 0.368
28.779, 0.092, -0.343, 0.366
28.796, 0.091, -0.343, 0.362
28.812, 0.091, -0.343, 0.358
28.829, 0.091, -0.343, 0.357
28.846, 0.091, -0.343, 0.352
28.863, 0.090, -0.343, 0.349
28.879, 0.090, -0.343, 0.348
28.896, 0.090, -0.343, 0.343
28.913, 0.089, -0.343, 0.340
28.929, 0.089, -0.343, 0.339
28.946, 0.089, -0.343, 0.334
28.962, 0.088, -0.343, 0.331
28.979, 0.088, -0.343, 0.330
28.996, 0.088, -0.343, 0.325
29.012, 0.087, -0.343, 0.323
29.029, 0.087, -0.343, 0.321
29.046, 0.087, -0.343, 0.317
29.063, 0.086, -0.343, 0.314
29.079, 0.086, -0.343, 0.313
29.096, 0.086, -0.342, 0.308
29.112, 0.085, -0.342, 0.306
29.129, 0.085, -0.342, 0.304
29.146, 0.084, -0.342, 0.300
29.162, 0.084, -0.341, 0.297
29.179, 0.084, -0.341, 0.296
29.196, 0.083, -0.341, 0.291
29.212, 0.082, -0.340, 0.289
29.229, 0.082, -0.340, 0.287
29.246, 0.081, -0.339, 0.283
29.262, 0.081, -0.339, 0.280
29.279, 0.081, -0.338, 0.278
29.296, 0.080, -0.337, 0.274
29.312, 0.079, -0.337, 0.271
29.329, 0.079, -0.337, 0.269
29.346, 0.078, -0.336, 0.265
29.362, 0.077, -0.335, 0.262
29.379, 0.077, -0.335, 0.260
29.396, 0.075, -0.334, 0.256
29.412, 0.075, -0.333, 0.252
29.429, 0.074, -0.333, 0.251
29.446, 0.073, -0.332, 0.246
29.462, 0.072, -0.331, 0.243
29.479, 0.072, -0.331, 0.242
29.496, 0.071, -0.331, 0.238
29.514, 0.070, -0.330, 0.235
29.529, 0.070, -0.330, 0.233
29.546, 0.069, -0.330, 0.229
29.562, 0.068, -0.330, 0.226
29.579, 0.068, -0.330, 0.224
29.596, 0.067, -0.330, 0.220
29.612, 0.067, -0.330, 0.217
29.629, 0.067, -0.330, 0.215
29.646, 0.066, -0.331, 0.211
29.662, 0.066, -0.331, 0.207
29.679, 0.066, -0.332, 0.206
29.696, 0.065, -0.332, 0.201
29.712, 0.065, -0.333, 0.197
29.729, 0.065, -0.333, 0.196
29.746, 0.064, -0.333, 0.190
29.762, 0.064, -0.334, 0.186
29.779, 0.063, -0.334, 0.185
29.796, 0.063, -0.334, 0.179
29.812, 0.062, -0.334, 0.175
29.829, 0.062, -0.335, 0.174
29.846, 0.061, -0.335, 0.168
29.862, 0.060, -0.335, 0.165
29.879, 0.060, -0.335, 0.163
29.896, 0.059, -0.335, 0.159
29.912, 0.058, -0.336, 0.156
29.929, 0.058, -0.336, 0.155
29.946, 0.057, -0.336, 0.151
29.962, 0.056, -0.336, 0.148
29.979, 0.055, -0.336, 0.147
29.996, 0.054, -0.336, 0.144
30.012, 0.054, -0.337, 0.143
30.029, 0.053, -0.337, 0.141
30.046, 0.052, -0.337, 0.138
30.062, 0.051, -0.338, 0.137
30.079, 0.050, -0.338, 0.136
30.096, 0.049, -0.338, 0.134
30.112, 0.049, -0.338, 0.133
30.129, 0.048, -0.339, 0.132
30.146, 0.047, -0.339, 0.131
30.162, 0.046, -0.339, 0.131
30.179, 0.046, -0.340, 0.130
30.196, 0.045, -0.340, 0.130
30.212, 0.044, -0.340, 0.130
30.229, 0.044, -0.341, 0.129
30.246, 0.042, -0.341, 0.128
30.262, 0.042, -0.342, 0.127
30.279, 0.041, -0.342, 0.125
30.296, 0.040, -0.342, 0.120
30.312, 0.039, -0.343, 0.114
30.331, 0.038, -0.344, 0.111
30.346, 0.037, -0.345, 0.099
30.362, 0.036, -0.345, 0.089
30.379, 0.035, -0.346, 0.083
30.396, 0.033, -0.348, 0.063
30.412, 0.032, -0.349, 0.047
30.429, 0.032, -0.349, 0.039
30.446, 0.031, -0.348, 0.036
30.463, 0.029, -0.347, 0.040
30.479, 0.028, -0.348, 0.041
30.496, 0.026, -0.347, 0.042
30.513, 0.024, -0.349, 0.040
30.529, 0.023, -0.348, 0.039
30.546, 0.022, -0.351, 0.035
30.563, 0.022, -0.351, 0.034
30.579, 0.022, -0.351, 0.035
30.596, 0.023, -0.350, 0.033
30.613, 0.023, -0.349, 0.033
30.629, 0.023, -0.350, 0.033
30.646, 0.024, -0.349, 0.033
30.663, 0.024, -0.349, 0.033
30.679, 0.023, -0.349, 0.033
30.696, 0.023, -0.349, 0.033
30.712, 0.023, -0.349, 0.033
30.729, 0.023, -0.350, 0.034
30.746, 0.023, -0.350, 0.033
30.762, 0.023, -0.349, 0.033
30.779, 0.023, -0.349, 0.033
30.796, 0.023, -0.349, 0.033
30.812, 0.023, -0.349, 0.033
30.829, 0.023, -0.349, 0.033
30.846, 0.023, -0.349, 0.033
30.863, 0.023, -0.349, 0.033
30.879, 0.023, -0.349, 0.033
30.896, 0.023, -0.349, 0.033
