8.966, 0.637, -0.049, 0.155
8.987, 0.637, -0.053, 0.153
9.005, 0.634, -0.062, 0.149
9.026, 0.634, -0.067, 0.147
9.046, 0.632, -0.071, 0.144
9.066, 0.629, -0.076, 0.142
9.086, 0.626, -0.080, 0.139
9.106, 0.620, -0.089, 0.134
9.126, 0.616, -0.093, 0.131
9.145, 0.612, -0.097, 0.129
9.166, 0.608, -0.101, 0.126
9.186, 0.603, -0.105, 0.124
9.206, 0.591, -0.112, 0.116
9.226, 0.588, -0.114, 0.115
9.245, 0.582, -0.116, 0.112
9.265, 0.576, -0.118, 0.109
9.286, 0.570, -0.120, 0.107
9.306, 0.556, -0.123, 0.101
9.326, 0.549, -0.123, 0.098
9.345, 0.542, -0.124, 0.095
9.365, 0.534, -0.124, 0.092
9.386, 0.526, -0.124, 0.090
9.406, 0.505, -0.121, 0.083
9.426, 0.501, -0.121, 0.082
9.445, 0.492, -0.119, 0.079
9.465, 0.483, -0.117, 0.077
9.486, 0.474, -0.115, 0.074
9.506, 0.456, -0.110, 0.069
9.527, 0.446, -0.107, 0.067
9.546, 0.437, -0.103, 0.065
9.565, 0.427, -0.100, 0.062
9.586, 0.418, -0.096, 0.060
9.606, 0.398, -0.089, 0.055
9.626, 0.388, -0.085, 0.053
9.645, 0.378, -0.082, 0.050
9.666, 0.368, -0.078, 0.048
9.686, 0.358, -0.074, 0.046
9.706, 0.339, -0.067, 0.042
9.726, 0.329, -0.063, 0.040
9.746, 0.319, -0.060, 0.037
9.765, 0.309, -0.056, 0.035
9.786, 0.300, -0.054, 0.033
9.806, 0.281, -0.048, 0.029
9.826, 0.272, -0.046, 0.027
9.846, 0.262, -0.043, 0.025
9.866, 0.249, -0.041, 0.023
9.886, 0.249, -0.041, 0.023
9.906, 0.224, -0.036, 0.017
9.926, 0.220, -0.036, 0.017
9.946, 0.212, -0.034, 0.015
9.965, 0.204, -0.034, 0.014
9.986, 0.196, -0.033, 0.012
10.006, 0.179, -0.033, 0.008
10.026, 0.175, -0.033, 0.008
10.046, 0.169, -0.033, 0.006
10.065, 0.162, -0.033, 0.005
10.086, 0.156, -0.034, 0.004
10.106, 0.142, -0.036, 0.001
10.126, 0.140, -0.037, 0.000
10.145, 0.134, -0.038, -0.001
10.165, 0.130, -0.039, -0.002
10.186, 0.125, -0.041, -0.003
10.206, 0.115, -0.044, -0.006
10.226, 0.113, -0.045, -0.007
10.245, 0.109, -0.047, -0.008
10.265, 0.106, -0.048, -0.009
10.286, 0.103, -0.050, -0.010
10.306, 0.097, -0.052, -0.013
10.326, 0.095, -0.054, -0.014
10.346, 0.093, -0.055, -0.015
10.366, 0.090, -0.057, -0.016
10.385, 0.089, -0.058, -0.017
10.406, 0.085, -0.060, -0.019
10.426, 0.085, -0.061, -0.020
10.446, 0.083, -0.062, -0.021
10.466, 0.082, -0.063, -0.022
10.486, 0.081, -0.064, -0.023
10.505, 0.081, -0.064, -0.025
10.526, 0.080, -0.064, -0.025
10.546, 0.080, -0.064, -0.026
10.566, 0.080, -0.064, -0.027
10.586, 0.080, -0.064, -0.027
10.606, 0.080, -0.063, -0.029
10.626, 0.080, -0.063, -0.030
10.646, 0.081, -0.062, -0.030
10.665, 0.081, -0.061, -0.031
10.686, 0.081, -0.060, -0.031
10.706, 0.082, -0.057, -0.033
10.726, 0.083, -0.056, -0.033
10.746, 0.083, -0.055, -0.034
10.765, 0.083, -0.053, -0.035
10.786, 0.084, -0.051, -0.035
10.807, 0.085, -0.047, -0.037
10.826, 0.085, -0.046, -0.037
10.846, 0.085, -0.043, -0.037
10.865, 0.085, -0.041, -0.038
10.886, 0.085, -0.039, -0.038
10.906, 0.085, -0.034, -0.039
10.926, 0.085, -0.032, -0.040
10.946, 0.084, -0.030, -0.040
10.965, 0.084, -0.027, -0.040
10.985, 0.084, -0.025, -0.041
11.006, 0.082, -0.019, -0.042
11.026, 0.082, -0.017, -0.042
11.046, 0.081, -0.015, -0.043
11.067, 0.080, -0.012, -0.043
11.085, 0.079, -0.010, -0.043
11.105, 0.076, -0.005, -0.044
11.126, 0.075, -0.003, -0.044
11.146, 0.073, -0.001, -0.045
11.166, 0.071, 0.003, -0.045
11.186, 0.070, 0.004, -0.046
11.205, 0.065, 0.009, -0.046
11.226, 0.064, 0.010, -0.046
11.246, 0.062, 0.012, -0.047
11.266, 0.060, 0.014, -0.047
11.287, 0.058, 0.016, -0.047
11.306, 0.054, 0.019, -0.048
11.326, 0.051, 0.021, -0.048
11.346, 0.049, 0.022, -0.048
11.366, 0.045, 0.024, -0.049
11.385, 0.044, 0.025, -0.049
11.405, 0.039, 0.027, -0.049
11.426, 0.037, 0.028, -0.050
11.446, 0.034, 0.028, -0.050
11.466, 0.031, 0.029, -0.050
11.487, 0.029, 0.030, -0.050
11.506, 0.023, 0.031, -0.050
11.526, 0.022, 0.031, -0.051
11.546, 0.020, 0.030, -0.051
11.566, 0.018, 0.031, -0.051
11.586, 0.015, 0.030, -0.051
11.606, 0.010, 0.029, -0.052
11.626, 0.009, 0.029, -0.052
11.646, 0.007, 0.029, -0.052
11.666, 0.005, 0.028, -0.052
11.686, 0.004, 0.027, -0.052
11.706, 0.000, 0.026, -0.053
11.726, -0.001, 0.025, -0.053
11.746, -0.003, 0.024, -0.053
11.766, -0.004, 0.023, -0.053
11.786, -0.005, 0.022, -0.053
11.806, -0.008, 0.019, -0.053
11.826, -0.009, 0.018, -0.053
11.846, -0.010, 0.017, -0.053
11.866, -0.010, 0.015, -0.053
11.887, -0.011, 0.014, -0.053
11.909, -0.012, 0.011, -0.053
11.926, -0.012, 0.010, -0.053
11.946, -0.013, 0.009, -0.053
11.966, -0.013, 0.007, -0.053
11.986, -0.013, 0.006, -0.053
12.005, -0.013, 0.003, -0.053
12.025, -0.013, 0.002, -0.053
12.046, -0.012, 0.001, -0.053
12.066, -0.012, -0.001, -0.053
12.087, -0.011, -0.003, -0.053
12.106, -0.011, -0.004, -0.053
12.126, -0.010, -0.004, -0.053
12.146, -0.010, -0.006, -0.053
12.166, -0.009, -0.006, -0.053
12.186, -0.008, -0.007, -0.053
12.206, -0.006, -0.009, -0.053
12.226, -0.006, -0.009, -0.053
12.246, -0.005, -0.010, -0.053
12.265, -0.004, -0.011, -0.053
12.285, -0.003, -0.011, -0.053
12.306, -0.001, -0.012, -0.053
12.326, -0.000, -0.012, -0.053
12.346, 0.000, -0.012, -0.053
12.366, 0.002, -0.012, -0.053
12.386, 0.002, -0.012, -0.053
12.406, 0.005, -0.012, -0.053
12.426, 0.005, -0.012, -0.053
12.446, 0.006, -0.012, -0.053
12.466, 0.007, -0.012, -0.052
12.486, 0.008, -0.012, -0.053
12.506, 0.009, -0.011, -0.053
12.526, 0.010, -0.010, -0.053
12.546, 0.011, -0.010, -0.053
12.566, 0.012, -0.009, -0.053
12.585, 0.012, -0.009, -0.052
12.605, 0.014, -0.007, -0.052
12.626, 0.014, -0.007, -0.052
12.646, 0.014, -0.006, -0.052
12.666, 0.015, -0.005, -0.052
12.687, 0.015, -0.005, -0.052
12.706, 0.016, -0.003, -0.052
12.726, 0.016, -0.002, -0.052
12.746, 0.016, -0.002, -0.052
12.766, 0.016, -0.001, -0.052
12.786, 0.016, -0.000, -0.052
12.806, 0.016, 0.001, -0.052
12.826, 0.016, 0.002, -0.051
12.846, 0.016, 0.003, -0.051
12.866, 0.016, 0.004, -0.051
12.885, 0.016, 0.005, -0.051
12.905, 0.015, 0.006, -0.051
12.926, 0.015, 0.006, -0.051
12.946, 0.014, 0.007, -0.051
12.966, 0.014, 0.008, -0.051
12.987, 0.013, 0.008, -0.051
13.006, 0.012, 0.010, -0.050
13.026, 0.012, 0.010, -0.051
13.045, 0.011, 0.010, -0.050
13.066, 0.010, 0.011, -0.050
13.086, 0.010, 0.011, -0.050
13.106, 0.008, 0.012, -0.050
13.125, 0.008, 0.012, -0.050
13.145, 0.007, 0.012, -0.049
13.166, 0.006, 0.012, -0.049
13.186, 0.005, 0.012, -0.049
13.206, 0.004, 0.012, -0.049
13.226, 0.003, 0.012, -0.049
13.246, 0.003, 0.012, -0.049
13.266, 0.002, 0.012, -0.049
13.286, 0.001, 0.012, -0.049
13.306, -0.000, 0.011, -0.048
13.325, -0.001, 0.011, -0.048
13.346, -0.001, 0.011, -0.048
13.366, -0.002, 0.010, -0.048
13.386, -0.002, 0.010, -0.048
13.406, -0.004, 0.009, -0.047
13.426, -0.004, 0.009, -0.047
13.445, -0.004, 0.009, -0.047
13.466, -0.005, 0.008, -0.047
13.486, -0.005, 0.008, -0.047
13.506, -0.006, 0.007, -0.047
13.526, -0.006, 0.006, -0.047
13.546, -0.007, 0.006, -0.046
13.566, -0.007, 0.005, -0.046
13.587, -0.007, 0.005, -0.046
13.605, -0.007, 0.003, -0.046
13.626, -0.007, 0.003, -0.045
13.646, -0.007, 0.003, -0.045
13.666, -0.007, 0.002, -0.045
13.687, -0.007, 0.002, -0.045
13.706, -0.007, 0.000, -0.044
13.726, -0.007, -0.000, -0.044
13.746, -0.007, -0.001, -0.044
13.766, -0.007, -0.001, -0.044
13.786, -0.006, -0.002, -0.044
13.806, -0.006, -0.003, -0.043
13.826, -0.006, -0.003, -0.043
13.846, -0.006, -0.004, -0.043
13.866, -0.005, -0.005, -0.043
13.886, -0.005, -0.005, -0.042
13.905, -0.005, -0.006, -0.042
13.926, -0.004, -0.006, -0.042
13.946, -0.004, -0.007, -0.042
13.966, -0.004, -0.007, -0.042
13.986, -0.003, -0.007, -0.041
14.006, -0.002, -0.008, -0.041
14.025, -0.002, -0.008, -0.041
14.046, -0.002, -0.009, -0.041
14.066, -0.001, -0.009, -0.041
14.086, -0.001, -0.009, -0.041
14.106, -0.000, -0.010, -0.040
14.126, 0.000, -0.010, -0.040
14.146, 0.001, -0.010, -0.040
14.166, 0.001, -0.010, -0.040
14.186, 0.002, -0.010, -0.040
14.205, 0.002, -0.010, -0.039
14.226, 0.003, -0.010, -0.039
14.246, 0.003, -0.010, -0.039
14.267, 0.004, -0.010, -0.039
14.286, 0.004, -0.010, -0.039
14.307, 0.004, -0.010, -0.039
14.326, 0.005, -0.010, -0.039
14.345, 0.005, -0.010, -0.038
14.366, 0.005, -0.010, -0.038
14.386, 0.005, -0.010, -0.038
14.406, 0.006, -0.010, -0.038
14.426, 0.006, -0.010, -0.038
14.446, 0.006, -0.009, -0.037
14.466, 0.006, -0.009, -0.037
14.486, 0.007, -0.009, -0.037
14.506, 0.007, -0.009, -0.037
14.526, 0.007, -0.009, -0.037
14.545, 0.007, -0.009, -0.036
14.566, 0.007, -0.009, -0.036
14.586, 0.007, -0.009, -0.036
14.606, 0.007, -0.009, -0.036
14.626, 0.007, -0.008, -0.036
14.646, 0.007, -0.008, -0.035
14.666, 0.007, -0.008, -0.035
14.687, 0.007, -0.008, -0.035
14.706, 0.007, -0.008, -0.035
14.726, 0.007, -0.008, -0.035
14.746, 0.007, -0.008, -0.034
14.766, 0.007, -0.008, -0.034
14.785, 0.006, -0.008, -0.034
14.806, 0.006, -0.008, -0.034
14.826, 0.006, -0.009, -0.034
14.846, 0.006, -0.009, -0.034
14.865, 0.005, -0.009, -0.033
14.885, 0.005, -0.009, -0.033
14.906, 0.005, -0.009, -0.033
14.926, 0.005, -0.009, -0.033
14.946, 0.004, -0.009, -0.033
14.967, 0.004, -0.009, -0.033
14.986, 0.004, -0.010, -0.032
15.005, 0.004, -0.010, -0.032
15.025, 0.004, -0.010, -0.032
15.046, 0.003, -0.010, -0.032
15.066, 0.003, -0.011, -0.032
15.086, 0.003, -0.011, -0.032
15.105, 0.003, -0.012, -0.032
15.126, 0.003, -0.012, -0.032
15.146, 0.003, -0.012, -0.031
15.166, 0.002, -0.012, -0.031
15.186, 0.002, -0.012, -0.031
15.205, 0.002, -0.013, -0.031
15.225, 0.002, -0.013, -0.031
15.246, 0.002, -0.013, -0.031
15.266, 0.002, -0.013, -0.030
15.286, 0.002, -0.013, -0.030
15.305, 0.002, -0.014, -0.030
15.326, 0.002, -0.014, -0.030
15.346, 0.002, -0.014, -0.030
15.366, 0.002, -0.014, -0.030
15.386, 0.002, -0.014, -0.029
15.405, 0.002, -0.014, -0.029
15.426, 0.002, -0.015, -0.029
15.446, 0.003, -0.015, -0.029
15.466, 0.003, -0.015, -0.029
15.487, 0.003, -0.015, -0.029
15.506, 0.003, -0.014, -0.028
15.526, 0.003, -0.014, -0.028
15.546, 0.003, -0.014, -0.028
15.566, 0.003, -0.014, -0.028
15.585, 0.003, -0.014, -0.028
15.606, 0.004, -0.014, -0.028
15.626, 0.004, -0.013, -0.028
15.646, 0.004, -0.013, -0.027
15.666, 0.004, -0.013, -0.027
15.686, 0.004, -0.012, -0.027
15.706, 0.004, -0.012, -0.027
15.726, 0.004, -0.012, -0.027
15.746, 0.004, -0.011, -0.027
15.767, 0.004, -0.011, -0.026
15.785, 0.004, -0.011, -0.026
15.806, 0.004, -0.010, -0.026
15.826, 0.004, -0.009, -0.026
15.846, 0.004, -0.009, -0.026
15.866, 0.004, -0.008, -0.026
15.887, 0.004, -0.007, -0.026
15.906, 0.004, -0.007, -0.025
15.926, 0.004, -0.007, -0.025
15.946, 0.004, -0.006, -0.025
15.965, 0.004, -0.006, -0.025
15.986, 0.004, -0.005, -0.025
16.006, 0.004, -0.004, -0.025
16.026, 0.004, -0.004, -0.025
16.046, 0.003, -0.004, -0.024
16.066, 0.003, -0.003, -0.024
16.085, 0.003, -0.003, -0.024
16.106, 0.003, -0.002, -0.024
16.126, 0.002, -0.002, -0.024
16.146, 0.002, -0.002, -0.024
16.166, 0.002, -0.002, -0.024
16.186, 0.002, -0.001, -0.023
16.205, 0.001, -0.001, -0.023
16.226, 0.001, -0.001, -0.023
16.246, 0.001, -0.001, -0.023
16.266, 0.001, -0.001, -0.023
16.287, 0.001, -0.001, -0.023
16.306, 0.000, -0.001, -0.023
16.326, -0.000, -0.001, -0.023
16.346, -0.000, -0.001, -0.023
16.366, -0.001, -0.002, -0.023
16.385, -0.001, -0.002, -0.023
16.406, -0.001, -0.002, -0.023
16.426, -0.001, -0.002, -0.023
16.446, -0.002, -0.003, -0.023
16.466, -0.002, -0.003, -0.023
16.485, -0.002, -0.003, -0.022
16.506, -0.002, -0.004, -0.023
16.526, -0.003, -0.005, -0.022
16.546, -0.003, -0.005, -0.022
16.565, -0.003, -0.005, -0.022
16.587, -0.003, -0.006, -0.022
16.606, -0.003, -0.007, -0.022
16.626, -0.003, -0.007, -0.022
16.646, -0.004, -0.008, -0.022
16.666, -0.004, -0.009, -0.022
16.685, -0.004, -0.009, -0.022
16.705, -0.004, -0.010, -0.022
16.726, -0.004, -0.011, -0.022
16.746, -0.004, -0.011, -0.022
16.766, -0.004, -0.012, -0.021
16.787, -0.004, -0.012, -0.021
16.808, -0.004, -0.014, -0.021
16.826, -0.003, -0.014, -0.021
16.846, -0.003, -0.014, -0.021
16.866, -0.003, -0.015, -0.021
16.886, -0.003, -0.015, -0.021
16.906, -0.003, -0.016, -0.020
16.926, -0.003, -0.016, -0.020
16.945, -0.002, -0.017, -0.020
16.966, -0.002, -0.017, -0.020
16.986, -0.002, -0.018, -0.020
17.006, -0.002, -0.018, -0.020
17.027, -0.001, -0.019, -0.020
17.045, -0.001, -0.019, -0.019
17.066, -0.001, -0.019, -0.019
17.086, -0.000, -0.019, -0.019
17.105, 0.000, -0.020, -0.019
17.126, 0.001, -0.020, -0.019
17.146, 0.000, 0.000, -0.019
17.166, -0.100, -0.009, -0.019
17.186, -0.100, -0.009, -0.019
17.206, -0.100, -0.009, -0.019
17.226, -0.100, -0.009, -0.019
17.246, -0.100, -0.008, -0.019
17.266, -0.100, -0.008, -0.018
17.286, -0.100, -0.008, -0.018
17.306, -0.100, -0.008, -0.018
17.326, -0.100, -0.008, -0.018
17.346, -0.100, -0.008, -0.018
17.367, -0.100, -0.008, -0.018
17.386, -0.100, -0.008, -0.018
17.406, -0.100, -0.008, -0.018
17.425, -0.100, -0.008, -0.018
17.445, -0.100, -0.008, -0.018
17.466, -0.100, -0.008, -0.018
17.486, -0.100, -0.008, -0.018
17.506, -0.100, -0.008, -0.018
17.525, -0.100, -0.008, -0.018
17.545, -0.100, -0.008, -0.018
17.566, -0.100, -0.009, -0.018
17.586, -0.100, -0.009, -0.018
17.606, -0.100, -0.009, -0.017
17.626, -0.100, -0.009, -0.017
17.645, -0.100, -0.009, -0.017
17.665, -0.100, -0.009, -0.017
17.686, -0.100, -0.009, -0.017
17.706, -0.099, -0.010, -0.017
17.726, -0.099, -0.010, -0.017
17.746, -0.099, -0.010, -0.017
17.765, -0.099, -0.010, -0.017
17.785, -0.099, -0.011, -0.017
17.806, -0.099, -0.011, -0.017
17.826, -0.099, -0.011, -0.017
17.846, -0.099, -0.012, -0.017
17.866, -0.099, -0.012, -0.017
17.885, -0.099, -0.012, -0.017
17.905, -0.099, -0.013, -0.016
17.926, -0.099, -0.013, -0.016
17.946, -0.099, -0.013, -0.016
17.966, -0.099, -0.013, -0.016
17.987, -0.099, -0.013, -0.016
18.006, -0.099, -0.013, -0.016
18.026, -0.099, -0.013, -0.016
18.046, -0.099, -0.014, -0.015
18.066, -0.099, -0.014, -0.015
18.086, -0.099, -0.014, -0.015
18.106, -0.099, -0.015, -0.015
18.126, -0.099, -0.015, -0.015
18.146, -0.099, -0.015, -0.015
18.166, -0.099, -0.016, -0.015
18.185, -0.099, -0.016, -0.014
18.205, -0.099, -0.016, -0.014
18.226, -0.099, -0.016, -0.014
18.246, -0.099, -0.017, -0.014
18.266, -0.099, -0.017, -0.014
18.287, -0.099, -0.017, -0.014
18.306, -0.098, -0.017, -0.014
18.326, -0.098, -0.017, -0.014
18.346, -0.098, -0.017, -0.014
18.366, -0.098, -0.018, -0.013
18.386, -0.098, -0.018, -0.013
18.406, -0.098, -0.018, -0.013
18.426, -0.098, -0.018, -0.013
18.446, -0.098, -0.018, -0.013
18.466, -0.098, -0.018, -0.013
18.485, -0.098, -0.018, -0.013
18.505, -0.098, -0.019, -0.013
18.526, -0.098, -0.019, -0.013
18.546, -0.098, -0.019, -0.012
18.566, -0.098, -0.019, -0.012
18.586, -0.098, -0.020, -0.012
18.606, -0.098, -0.020, -0.012
18.626, -0.098, -0.020, -0.012
18.646, -0.098, -0.020, -0.012
18.666, -0.098, -0.020, -0.012
18.685, -0.098, -0.020, -0.012
18.706, -0.098, -0.021, -0.011
18.726, -0.098, -0.021, -0.011
18.746, -0.098, -0.021, -0.011
18.766, -0.098, -0.022, -0.011
18.786, -0.097, -0.022, -0.011
18.806, -0.097, -0.022, -0.011
18.826, -0.097, -0.022, -0.011
18.846, -0.097, -0.023, -0.010
18.866, -0.097, -0.023, -0.010
18.885, -0.097, -0.023, -0.010
18.906, -0.097, -0.025, -0.010
18.926, -0.097, -0.025, -0.010
18.946, -0.097, -0.025, -0.010
18.966, -0.096, -0.026, -0.009
18.985, -0.096, -0.026, -0.009
19.006, -0.096, -0.026, -0.009
19.026, -0.096, -0.026, -0.009
19.046, -0.096, -0.028, -0.009
19.066, -0.096, -0.028, -0.009
19.085, -0.096, -0.028, -0.008
19.105, -0.095, -0.030, -0.008
19.126, -0.095, -0.031, -0.008
19.146, -0.095, -0.031, -0.008
19.166, -0.095, -0.032, -0.007
19.187, -0.095, -0.032, -0.008
19.206, -0.095, -0.032, -0.007
19.226, -0.095, -0.032, -0.007
19.246, -0.094, -0.035, -0.007
19.266, -0.094, -0.035, -0.006
19.285, -0.094, -0.035, -0.006
19.306, -0.093, -0.036, -0.006
19.326, -0.093, -0.037, -0.005
19.346, -0.093, -0.037, -0.006
19.366, -0.093, -0.038, -0.005
19.385, -0.093, -0.038, -0.005
19.407, -0.093, -0.038, -0.004
19.426, -0.093, -0.038, -0.004
19.445, -0.092, -0.038, -0.004
19.466, -0.092, -0.038, -0.003
19.486, -0.092, -0.038, -0.003
19.506, -0.092, -0.038, -0.003
19.526, -0.092, -0.038, -0.003
19.547, -0.092, -0.038, -0.002
19.566, -0.093, -0.038, -0.002
19.585, -0.093, -0.038, -0.002
19.605, -0.093, -0.038, -0.001
19.626, -0.093, -0.038, -0.001
19.646, -0.093, -0.037, -0.001
19.666, -0.093, -0.037, -0.000
19.686, -0.093, -0.037, 0.000
19.706, -0.093, -0.036, 0.001
19.726, -0.093, -0.036, 0.001
19.746, -0.093, -0.036, 0.001
19.766, -0.094, -0.034, 0.001
19.786, -0.094, -0.034, 0.001
19.806, -0.094, -0.034, 0.002
19.826, -0.094, -0.034, 0.002
19.846, -0.095, -0.032, 0.002
19.866, -0.095, -0.032, 0.003
19.885, -0.095, -0.032, 0.003
19.906, -0.095, -0.031, 0.003
19.926, -0.095, -0.030, 0.003
19.946, -0.095, -0.030, 0.004
19.966, -0.096, -0.028, 0.004
19.986, -0.096, -0.028, 0.004
20.006, -0.096, -0.028, 0.004
20.026, -0.096, -0.028, 0.004
20.046, -0.097, -0.026, 0.004
20.066, -0.097, -0.026, 0.004
20.085, -0.097, -0.026, 0.004
20.105, -0.097, -0.025, 0.004
20.126, -0.097, -0.024, 0.004
20.146, -0.097, -0.024, 0.004
20.166, -0.097, -0.024, 0.005
20.186, -0.097, -0.023, 0.004
20.206, -0.097, -0.023, 0.004
20.226, -0.097, -0.023, 0.004
20.246, -0.097, -0.023, 0.004
20.266, -0.097, -0.023, 0.004
20.285, -0.097, -0.023, 0.004
20.305, -0.097, -0.023, 0.004
20.326, -0.097, -0.023, 0.004
20.346, -0.097, -0.023, 0.004
20.366, -0.097, -0.024, 0.004
20.387, -0.097, -0.025, 0.003
20.406, -0.097, -0.025, 0.003
20.426, -0.097, -0.025, 0.003
20.446, -0.097, -0.026, 0.003
20.466, -0.097, -0.026, 0.003
20.485, -0.097, -0.026, 0.003
20.506, -0.095, -0.031, 0.003
20.526, -0.095, -0.031, 0.003
20.546, -0.095, -0.031, 0.003
20.566, -0.095, -0.033, 0.003
20.585, -0.094, -0.033, 0.003
20.605, -0.094, -0.033, 0.002
20.626, -0.094, -0.033, 0.002
20.646, -0.093, -0.036, 0.002
20.666, -0.093, -0.036, 0.002
20.686, -0.093, -0.036, 0.002
20.706, -0.091, -0.040, 0.002
20.726, -0.091, -0.042, 0.002
20.746, -0.091, -0.042, 0.002
20.766, -0.089, -0.046, 0.002
20.786, -0.088, -0.048, 0.001
20.806, -0.088, -0.048, 0.001
20.826, -0.088, -0.048, 0.001
20.846, -0.082, -0.057, 0.001
20.866, -0.082, -0.057, 0.001
20.885, -0.082, -0.057, 0.001
20.905, -0.082, -0.057, 0.000
20.926, -0.082, -0.057, 0.000
20.946, -0.082, -0.057, 0.000
20.966, -0.082, -0.057, 0.000
20.986, -0.083, -0.056, -0.000
21.006, -0.083, -0.056, -0.000
21.025, -0.083, -0.056, -0.000
21.046, -0.083, -0.056, -0.001
21.066, -0.083, -0.055, -0.001
21.086, -0.083, -0.055, -0.001
21.105, -0.083, -0.055, -0.001
21.126, -0.084, -0.055, -0.001
21.146, -0.084, -0.055, -0.001
21.165, -0.084, -0.055, -0.001
21.185, -0.084, -0.055, -0.002
21.206, -0.084, -0.055, -0.002
21.226, -0.084, -0.055, -0.002
21.246, -0.084, -0.054, -0.002
21.266, -0.084, -0.054, -0.002
21.285, -0.084, -0.054, -0.002
21.306, -0.084, -0.054, -0.002
21.326, -0.084, -0.054, -0.002
21.346, -0.084, -0.054, -0.003
21.366, -0.084, -0.054, -0.003
21.385, -0.084, -0.054, -0.003
21.405, -0.084, -0.054, -0.003
21.426, -0.084, -0.054, -0.003
21.446, -0.084, -0.054, -0.003
21.466, -0.084, -0.054, -0.003
21.486, -0.084, -0.054, -0.003
21.505, -0.084, -0.054, -0.003
21.526, -0.084, -0.054, -0.004
21.546, -0.084, -0.054, -0.003
21.566, -0.084, -0.054, -0.003
21.586, -0.084, -0.054, -0.003
21.605, -0.084, -0.054, -0.003
21.626, -0.084, -0.054, -0.004
21.647, -0.084, -0.054, -0.003
21.665, -0.084, -0.054, -0.004
21.685, -0.084, -0.054, -0.004
21.706, -0.084, -0.054, -0.004
21.727, -0.084, -0.054, -0.004
21.746, -0.084, -0.054, -0.004
21.765, -0.084, -0.054, -0.004
21.786, -0.084, -0.054, -0.004
21.807, -0.084, -0.054, -0.004
21.826, -0.084, -0.054, -0.004
21.845, -0.084, -0.054, -0.004
21.866, -0.084, -0.054, -0.004
21.886, -0.084, -0.054, -0.004
21.906, -0.084, -0.054, -0.004
21.927, -0.084, -0.054, -0.004
21.946, -0.084, -0.054, -0.004
21.966, -0.084, -0.054, -0.004
21.988, -0.084, -0.054, -0.003
22.006, -0.084, -0.054, -0.003
22.026, -0.084, -0.054, -0.004
22.046, -0.084, -0.054, -0.003
22.066, -0.084, -0.054, -0.003
22.086, -0.084, -0.054, -0.003
22.106, -0.084, -0.054, -0.003
22.126, -0.084, -0.054, -0.003
22.146, -0.084, -0.054, -0.003
22.166, -0.084, -0.054, -0.003
22.186, -0.084, -0.054, -0.003
22.206, -0.084, -0.054, -0.003
22.226, -0.084, -0.054, -0.003
22.246, -0.084, -0.054, -0.003
22.266, -0.084, -0.054, -0.003
22.285, -0.084, -0.054, -0.003
22.305, -0.085, -0.053, -0.003
22.326, -0.085, -0.053, -0.003
22.346, -0.085, -0.053, -0.003
22.366, -0.085, -0.053, -0.003
22.387, -0.085, -0.053, -0.003
22.406, -0.085, -0.053, -0.003
22.426, -0.085, -0.053, -0.003
22.446, -0.085, -0.052, -0.003
22.466, -0.085, -0.052, -0.003
22.486, -0.085, -0.052, -0.003
22.506, -0.086, -0.052, -0.003
22.526, -0.086, -0.052, -0.003
22.546, -0.086, -0.052, -0.003
22.566, -0.086, -0.052, -0.003
22.586, -0.086, -0.051, -0.003
22.606, -0.086, -0.050, -0.003
22.626, -0.086, -0.050, -0.002
22.646, -0.087, -0.050, -0.002
22.666, -0.087, -0.050, -0.002
22.686, -0.087, -0.050, -0.002
22.706, -0.087, -0.049, -0.001
22.726, -0.087, -0.048, -0.001
22.746, -0.087, -0.048, -0.001
22.766, -0.087, -0.048, -0.001
22.786, -0.088, -0.047, -0.001
22.806, -0.088, -0.047, -0.000
22.826, -0.088, -0.047, 0.000
22.846, -0.089, -0.046, 0.000
22.866, -0.089, -0.046, 0.001
22.885, -0.089, -0.046, 0.001
22.906, -0.089, -0.045, 0.001
22.926, -0.089, -0.045, 0.001
22.946, -0.089, -0.045, 0.002
22.966, -0.089, -0.045, 0.002
22.986, -0.090, -0.043, 0.002
23.006, -0.090, -0.043, 0.002
23.026, -0.090, -0.043, 0.002
23.046, -0.091, -0.042, 0.002
23.065, -0.091, -0.042, 0.002
23.086, -0.091, -0.042, 0.002
23.106, -0.092, -0.040, 0.002
23.126, -0.092, -0.039, 0.001
23.146, -0.092, -0.039, 0.001
23.166, -0.092, -0.039, 0.001
23.185, -0.093, -0.038, 0.001
23.206, -0.093, -0.038, 0.001
23.226, -0.093, -0.038, 0.001
23.246, -0.093, -0.036, 0.001
23.266, -0.094, -0.035, 0.000
23.286, -0.094, -0.035, 0.000
23.306, -0.094, -0.034, -0.000
23.326, -0.095, -0.033, -0.000
23.345, -0.095, -0.033, -0.001
23.366, -0.095, -0.033, -0.001
23.386, -0.095, -0.031, -0.001
23.406, -0.095, -0.031, -0.001
23.426, -0.095, -0.031, -0.001
23.446, -0.096, -0.029, -0.001
23.466, -0.096, -0.029, -0.002
23.486, -0.096, -0.029, -0.002
23.506, -0.096, -0.027, -0.002
23.526, -0.096, -0.027, -0.002
23.546, -0.096, -0.027, -0.002
23.566, -0.096, -0.027, -0.002
23.586, -0.097, -0.025, -0.002
23.605, -0.097, -0.025, -0.002
23.626, -0.097, -0.025, -0.002
23.646, -0.097, -0.025, -0.001
23.666, -0.097, -0.024, -0.001
23.686, -0.097, -0.024, -0.001
23.706, -0.097, -0.023, -0.001
23.726, -0.097, -0.023, -0.001
23.746, -0.097, -0.023, -0.001
23.766, -0.097, -0.023, -0.000
23.786, -0.097, -0.022, -0.000
23.806, -0.097, -0.022, -0.000
23.826, -0.097, -0.022, 0.000
23.846, -0.098, -0.022, 0.000
23.866, -0.098, -0.022, 0.001
23.885, -0.098, -0.022, 0.001
23.905, -0.098, -0.021, 0.002
23.926, -0.098, -0.020, 0.002
23.946, -0.098, -0.020, 0.002
23.966, -0.098, -0.020, 0.002
23.986, -0.098, -0.019, 0.002
24.006, -0.098, -0.019, 0.003
24.026, -0.098, -0.019, 0.003
24.046, -0.098, -0.017, 0.003
24.066, -0.099, -0.016, 0.003
24.086, -0.099, -0.016, 0.004
24.106, -0.099, -0.015, 0.004
24.126, -0.099, -0.014, 0.004
24.146, -0.099, -0.014, 0.004
24.166, -0.099, -0.014, 0.005
24.185, -0.099, -0.012, 0.005
24.205, -0.099, -0.012, 0.006
24.226, -0.099, -0.012, 0.006
24.246, -0.100, -0.009, 0.006
24.266, -0.100, -0.008, 0.006
24.286, -0.100, -0.008, 0.007
24.306, -0.100, -0.005, 0.007
24.328, -0.100, -0.004, 0.007
24.346, -0.100, -0.004, 0.008
24.366, -0.100, -0.004, 0.008
24.387, -0.100, -0.000, 0.008
24.406, -0.100, -0.000, 0.009
24.426, -0.100, -0.000, 0.009
24.446, 0.005, -0.006, -0.149
24.466, 0.005, -0.006, -0.149
24.486, 0.005, -0.006, -0.149
24.506, 0.005, -0.006, -0.148
24.526, 0.005, -0.006, -0.148
24.546, 0.005, -0.006, -0.148
24.566, 0.005, -0.006, -0.148
24.586, 0.005, -0.006, -0.147
24.606, 0.005, -0.006, -0.146
24.626, 0.005, -0.006, -0.146
24.646, 0.005, -0.006, -0.146
24.666, 0.005, -0.006, -0.145
24.686, 0.005, -0.006, -0.144
24.706, 0.005, -0.006, -0.143
24.726, 0.005, -0.006, -0.143
24.746, 0.005, -0.006, -0.142
24.766, 0.005, -0.006, -0.141
24.787, 0.005, -0.006, -0.141
24.806, 0.005, -0.006, -0.139
24.826, 0.005, -0.006, -0.139
24.846, 0.005, -0.006, -0.138
24.866, 0.005, -0.006, -0.137
24.885, 0.005, -0.006, -0.137
24.906, 0.005, -0.006, -0.135
24.926, 0.005, -0.006, -0.134
24.946, 0.005, -0.006, -0.134
24.966, 0.005, -0.006, -0.132
24.985, 0.005, -0.006, -0.132
25.005, 0.005, -0.006, -0.130
25.026, 0.005, -0.006, -0.129
25.046, 0.005, -0.006, -0.128
25.066, 0.005, -0.006, -0.127
25.087, 0.005, -0.006, -0.126
25.106, 0.005, -0.006, -0.124
25.126, 0.005, -0.006, -0.123
25.146, 0.005, -0.006, -0.122
25.166, 0.005, -0.006, -0.120
25.186, 0.005, -0.006, -0.120
25.206, 0.005, -0.006, -0.117
25.226, 0.005, -0.006, -0.116
25.246, 0.005, -0.006, -0.115
25.266, 0.005, -0.006, -0.113
25.287, 0.005, -0.006, -0.112
25.306, 0.005, -0.006, -0.108
25.326, 0.005, -0.006, -0.107
25.346, 0.005, -0.006, -0.106
25.365, 0.005, -0.006, -0.104
25.386, 0.005, -0.006, -0.103
25.406, 0.005, -0.006, -0.099
25.426, 0.005, -0.006, -0.099
25.446, 0.005, -0.006, -0.098
25.466, 0.005, -0.006, -0.095
25.485, 0.005, -0.006, -0.095
25.505, 0.005, -0.006, -0.092
25.526, 0.005, -0.006, -0.091
25.546, 0.005, -0.006, -0.090
25.566, 0.005, -0.006, -0.088
25.587, 0.005, -0.006, -0.087
25.606, 0.005, -0.006, -0.084
25.626, 0.005, -0.006, -0.084
25.646, 0.005, -0.006, -0.082
25.666, 0.005, -0.006, -0.081
25.686, 0.005, -0.006, -0.080
25.706, 0.005, -0.006, -0.077
25.726, 0.005, -0.006, -0.077
25.746, 0.005, -0.006, -0.075
25.766, 0.005, -0.006, -0.074
25.785, 0.005, -0.006, -0.073
25.805, 0.005, -0.006, -0.071
25.826, 0.005, -0.006, -0.070
25.846, 0.005, -0.006, -0.070
25.866, 0.005, -0.006, -0.068
25.886, 0.005, -0.006, -0.068
25.906, 0.005, -0.006, -0.065
25.926, 0.005, -0.006, -0.065
25.946, 0.005, -0.006, -0.064
25.965, 0.005, -0.006, -0.063
25.985, 0.005, -0.006, -0.063
26.006, 0.005, -0.006, -0.061
26.026, 0.005, -0.006, -0.061
26.046, 0.005, -0.006, -0.060
26.066, 0.005, -0.006, -0.059
26.086, 0.005, -0.006, -0.058
26.106, 0.005, -0.006, -0.057
26.126, 0.005, -0.006, -0.057
26.146, 0.005, -0.006, -0.056
26.166, 0.005, -0.006, -0.055
26.185, 0.005, -0.006, -0.055
26.206, 0.005, -0.006, -0.054
26.226, 0.005, -0.006, -0.053
26.246, 0.005, -0.006, -0.053
26.266, 0.005, -0.006, -0.052
26.287, 0.005, -0.006, -0.052
26.306, 0.005, -0.006, -0.051
26.326, 0.005, -0.006, -0.051
26.346, 0.005, -0.006, -0.050
26.366, 0.005, -0.006, -0.050
26.385, 0.005, -0.006, -0.050
26.406, 0.005, -0.006, -0.049
26.426, 0.005, -0.006, -0.049
26.446, 0.005, -0.006, -0.048
26.466, 0.005, -0.006, -0.048
26.485, 0.005, -0.006, -0.047
26.506, 0.005, -0.006, -0.046
26.526, 0.005, -0.006, -0.046
26.546, 0.005, -0.006, -0.045
26.566, 0.005, -0.006, -0.044
26.587, 0.005, -0.006, -0.043
26.606, 0.005, -0.006, -0.043
26.626, 0.005, -0.006, -0.042
26.646, 0.005, -0.006, -0.041
26.665, 0.005, -0.006, -0.041
26.686, 0.005, -0.006, -0.040
26.706, 0.005, -0.006, -0.039
26.726, 0.005, -0.006, -0.038
26.746, 0.005, -0.006, -0.038
26.767, 0.005, -0.006, -0.037
26.786, 0.005, -0.006, -0.036
26.806, 0.005, -0.006, -0.035
26.826, 0.005, -0.006, -0.035
26.846, 0.005, -0.006, -0.034
26.866, 0.005, -0.006, -0.033
26.886, 0.005, -0.006, -0.033
26.905, 0.005, -0.006, -0.031
26.926, 0.005, -0.006, -0.031
26.946, 0.005, -0.006, -0.031
26.966, 0.005, -0.006, -0.030
26.986, 0.005, -0.006, -0.030
27.005, 0.005, -0.006, -0.029
27.025, 0.005, -0.006, -0.029
27.046, 0.005, -0.006, -0.028
27.066, 0.005, -0.006, -0.027
27.086, 0.005, -0.006, -0.027
27.106, 0.005, -0.006, -0.027
27.126, 0.005, -0.006, -0.026
27.146, 0.005, -0.006, -0.026
27.166, 0.005, -0.006, -0.026
27.186, 0.005, -0.006, -0.025
27.205, 0.005, -0.006, -0.025
27.226, 0.005, -0.006, -0.025
27.246, 0.005, -0.006, -0.025
27.266, 0.005, -0.006, -0.025
